0
SECTION
2
HEADER
9
$ACADVER
1
AC1009
0
ENDSEC
0
SECTION
2
TABLES
0
TABLE
2
VPORT
70
1
0
VPORT
2
ACTIVE
70
0
10
0.0
20
0.0
11
0.0
21
0.0
12
0.0
22
0.0
13
0.0
23
0.0
14
0.0
24
0.0
15
0.0
25
0.0
16
0.0
26
0.0
36
0.0
17
0.0
27
0.0
37
0.0
40
0.0
41
0.0
42
0.0
43
0.0
44
0.0
50
0.0
51
0.0
71
0
72
1000
73
1
74
3
75
0
76
0
77
0
78
0
0
ENDTAB
0
ENDSEC
0
SECTION
2
ENTITIES
0
LINE
8
hole
62
5
39
2
10
2.605868
20
3.968771
11
2.493128
21
3.968208
0
LINE
8
hole
62
5
39
2
10
2.493128
20
3.968208
11
2.461513
21
3.970707
0
LINE
8
hole
62
5
39
2
10
2.461513
20
3.970707
11
2.484634
21
3.976701
0
LINE
8
hole
62
5
39
2
10
2.484634
20
3.976701
11
2.596798
21
3.978317
0
LINE
8
hole
62
5
39
2
10
2.596798
20
3.978317
11
2.605868
21
3.968771
0
LINE
8
hole
62
5
39
2
10
5.058759
20
2.461998
11
4.898759
21
2.461998
0
LINE
8
hole
62
5
39
2
10
4.898759
20
2.461998
11
4.898759
21
2.621998
0
LINE
8
hole
62
5
39
2
10
4.898759
20
2.621998
11
5.058759
21
2.621998
0
LINE
8
hole
62
5
39
2
10
5.058759
20
2.621998
11
5.058759
21
2.461998
0
LINE
8
hole
62
5
39
2
10
2.619655
20
3.990039
11
2.459655
21
3.990039
0
LINE
8
hole
62
5
39
2
10
2.459655
20
3.990039
11
2.459655
21
4.150039
0
LINE
8
hole
62
5
39
2
10
2.459655
20
4.150039
11
2.619655
21
4.150039
0
LINE
8
hole
62
5
39
2
10
2.619655
20
4.150039
11
2.619655
21
3.990039
0
LINE
8
boundary
62
5
39
2
10
4.639229
20
0.607239
11
4.665037
21
0.632411
0
LINE
8
boundary
62
5
39
2
10
4.665037
20
0.632411
11
4.688971
21
0.657755
0
LINE
8
boundary
62
5
39
2
10
4.688971
20
0.657755
11
4.714230
21
0.683791
0
LINE
8
boundary
62
5
39
2
10
4.714230
20
0.683791
11
4.753897
21
0.725779
0
LINE
8
boundary
62
5
39
2
10
4.753897
20
0.725779
11
4.775547
21
0.748912
0
LINE
8
boundary
62
5
39
2
10
4.775547
20
0.748912
11
4.795750
21
0.773517
0
LINE
8
boundary
62
5
39
2
10
4.795750
20
0.773517
11
4.816763
21
0.800685
0
LINE
8
boundary
62
5
39
2
10
4.816763
20
0.800685
11
4.864659
21
0.868411
0
LINE
8
boundary
62
5
39
2
10
4.864659
20
0.868411
11
4.880010
21
0.888457
0
LINE
8
boundary
62
5
39
2
10
4.880010
20
0.888457
11
4.895643
21
0.916315
0
LINE
8
boundary
62
5
39
2
10
4.895643
20
0.916315
11
4.938825
21
0.996714
0
LINE
8
boundary
62
5
39
2
10
4.938825
20
0.996714
11
4.956158
21
1.028643
0
LINE
8
boundary
62
5
39
2
10
4.956158
20
1.028643
11
4.985098
21
1.081940
0
LINE
8
boundary
62
5
39
2
10
4.985098
20
1.081940
11
5.000205
21
1.109184
0
LINE
8
boundary
62
5
39
2
10
5.000205
20
1.109184
11
5.017173
21
1.141326
0
LINE
8
boundary
62
5
39
2
10
5.017173
20
1.141326
11
5.060702
21
1.224407
0
LINE
8
boundary
62
5
39
2
10
5.060702
20
1.224407
11
5.076540
21
1.256179
0
LINE
8
boundary
62
5
39
2
10
5.076540
20
1.256179
11
5.099957
21
1.307556
0
LINE
8
boundary
62
5
39
2
10
5.099957
20
1.307556
11
5.112949
21
1.336661
0
LINE
8
boundary
62
5
39
2
10
5.112949
20
1.336661
11
5.124765
21
1.370233
0
LINE
8
boundary
62
5
39
2
10
5.124765
20
1.370233
11
5.146720
21
1.453107
0
LINE
8
boundary
62
5
39
2
10
5.146720
20
1.453107
11
5.154951
21
1.482616
0
LINE
8
boundary
62
5
39
2
10
5.154951
20
1.482616
11
5.176631
21
1.566254
0
LINE
8
boundary
62
5
39
2
10
5.176631
20
1.566254
11
5.184720
21
1.596396
0
LINE
8
boundary
62
5
39
2
10
5.184720
20
1.596396
11
5.204983
21
1.680034
0
LINE
8
boundary
62
5
39
2
10
5.204983
20
1.680034
11
5.211894
21
1.702135
0
LINE
8
boundary
62
5
39
2
10
5.211894
20
1.702135
11
5.218348
21
1.723537
0
LINE
8
boundary
62
5
39
2
10
5.218348
20
1.723537
11
5.243331
21
1.800845
0
LINE
8
boundary
62
5
39
2
10
5.243331
20
1.800845
11
5.251478
21
1.823957
0
LINE
8
boundary
62
5
39
2
10
5.251478
20
1.823957
11
5.283679
21
1.907595
0
LINE
8
boundary
62
5
39
2
10
5.283679
20
1.907595
11
5.290747
21
1.937737
0
LINE
8
boundary
62
5
39
2
10
5.290747
20
1.937737
11
5.297879
21
2.021375
0
LINE
8
boundary
62
5
39
2
10
5.297879
20
2.021375
11
5.304633
21
2.052265
0
LINE
8
boundary
62
5
39
2
10
5.304633
20
2.052265
11
5.313259
21
2.135986
0
LINE
8
boundary
62
5
39
2
10
5.313259
20
2.135986
11
5.318815
21
2.178518
0
LINE
8
boundary
62
5
39
2
10
5.318815
20
2.178518
11
5.321228
21
2.235714
0
LINE
8
boundary
62
5
39
2
10
5.321228
20
2.235714
11
5.321621
21
2.264006
0
LINE
8
boundary
62
5
39
2
10
5.321621
20
2.264006
11
5.323032
21
2.293799
0
LINE
8
boundary
62
5
39
2
10
5.323032
20
2.293799
11
5.326576
21
2.347993
0
LINE
8
boundary
62
5
39
2
10
5.326576
20
2.347993
11
5.327863
21
2.377786
0
LINE
8
boundary
62
5
39
2
10
5.327863
20
2.377786
11
5.308749
21
2.477235
0
LINE
8
boundary
62
5
39
2
10
5.308749
20
2.477235
11
5.302851
21
2.506637
0
LINE
8
boundary
62
5
39
2
10
5.302851
20
2.506637
11
5.284114
21
2.590275
0
LINE
8
boundary
62
5
39
2
10
5.284114
20
2.590275
11
5.277761
21
2.620417
0
LINE
8
boundary
62
5
39
2
10
5.277761
20
2.620417
11
5.258742
21
2.704055
0
LINE
8
boundary
62
5
39
2
10
5.258742
20
2.704055
11
5.251108
21
2.734197
0
LINE
8
boundary
62
5
39
2
10
5.251108
20
2.734197
11
5.231235
21
2.817835
0
LINE
8
boundary
62
5
39
2
10
5.231235
20
2.817835
11
5.222989
21
2.843199
0
LINE
8
boundary
62
5
39
2
10
5.222989
20
2.843199
11
5.187787
21
2.935533
0
LINE
8
boundary
62
5
39
2
10
5.187787
20
2.935533
11
5.177052
21
2.961757
0
LINE
8
boundary
62
5
39
2
10
5.177052
20
2.961757
11
5.135144
21
3.045395
0
LINE
8
boundary
62
5
39
2
10
5.135144
20
3.045395
11
5.124390
21
3.068746
0
LINE
8
boundary
62
5
39
2
10
5.124390
20
3.068746
11
5.111906
21
3.093145
0
LINE
8
boundary
62
5
39
2
10
5.111906
20
3.093145
11
5.075225
21
3.167455
0
LINE
8
boundary
62
5
39
2
10
5.075225
20
3.167455
11
5.061376
21
3.189317
0
LINE
8
boundary
62
5
39
2
10
5.061376
20
3.189317
11
5.020363
21
3.272955
0
LINE
8
boundary
62
5
39
2
10
5.020363
20
3.272955
11
5.008549
21
3.289823
0
LINE
8
boundary
62
5
39
2
10
5.008549
20
3.289823
11
4.995012
21
3.309733
0
LINE
8
boundary
62
5
39
2
10
4.995012
20
3.309733
11
4.931283
21
3.388532
0
LINE
8
boundary
62
5
39
2
10
4.931283
20
3.388532
11
4.916212
21
3.406721
0
LINE
8
boundary
62
5
39
2
10
4.916212
20
3.406721
11
4.884491
21
3.442278
0
LINE
8
boundary
62
5
39
2
10
4.884491
20
3.442278
11
4.869970
21
3.457349
0
LINE
8
boundary
62
5
39
2
10
4.869970
20
3.457349
11
4.828289
21
3.505430
0
LINE
8
boundary
62
5
39
2
10
4.828289
20
3.505430
11
4.813218
21
3.522197
0
LINE
8
boundary
62
5
39
2
10
4.813218
20
3.522197
11
4.771260
21
3.577835
0
LINE
8
boundary
62
5
39
2
10
4.771260
20
3.577835
11
4.739765
21
3.620906
0
LINE
8
boundary
62
5
39
2
10
4.739765
20
3.620906
11
4.719431
21
3.648523
0
LINE
8
boundary
62
5
39
2
10
4.719431
20
3.648523
11
4.662097
21
3.725325
0
LINE
8
boundary
62
5
39
2
10
4.662097
20
3.725325
11
4.648262
21
3.743147
0
LINE
8
boundary
62
5
39
2
10
4.648262
20
3.743147
11
4.632423
21
3.758437
0
LINE
8
boundary
62
5
39
2
10
4.632423
20
3.758437
11
4.558151
21
3.831635
0
LINE
8
boundary
62
5
39
2
10
4.558151
20
3.831635
11
4.538670
21
3.850472
0
LINE
8
boundary
62
5
39
2
10
4.538670
20
3.850472
11
4.519948
21
3.866518
0
LINE
8
boundary
62
5
39
2
10
4.519948
20
3.866518
11
4.443512
21
3.936698
0
LINE
8
boundary
62
5
39
2
10
4.443512
20
3.936698
11
4.424889
21
3.953323
0
LINE
8
boundary
62
5
39
2
10
4.424889
20
3.953323
11
4.403932
21
3.970707
0
LINE
8
boundary
62
5
39
2
10
4.403932
20
3.970707
11
4.319726
21
4.037510
0
LINE
8
boundary
62
5
39
2
10
4.319726
20
4.037510
11
4.298597
21
4.053569
0
LINE
8
boundary
62
5
39
2
10
4.298597
20
4.053569
11
4.264703
21
4.078330
0
LINE
8
boundary
62
5
39
2
10
4.264703
20
4.078330
11
4.245963
21
4.091502
0
LINE
8
boundary
62
5
39
2
10
4.245963
20
4.091502
11
4.207884
21
4.116811
0
LINE
8
boundary
62
5
39
2
10
4.207884
20
4.116811
11
4.186102
21
4.129372
0
LINE
8
boundary
62
5
39
2
10
4.186102
20
4.129372
11
4.098530
21
4.177422
0
LINE
8
boundary
62
5
39
2
10
4.098530
20
4.177422
11
4.072218
21
4.189984
0
LINE
8
boundary
62
5
39
2
10
4.072218
20
4.189984
11
4.038202
21
4.207935
0
LINE
8
boundary
62
5
39
2
10
4.038202
20
4.207935
11
3.987580
21
4.235412
0
LINE
8
boundary
62
5
39
2
10
3.987580
20
4.235412
11
3.969769
21
4.245080
0
LINE
8
boundary
62
5
39
2
10
3.969769
20
4.245080
11
3.875859
21
4.294631
0
LINE
8
boundary
62
5
39
2
10
3.875859
20
4.294631
11
3.855989
21
4.304526
0
LINE
8
boundary
62
5
39
2
10
3.855989
20
4.304526
11
3.811839
21
4.322413
0
LINE
8
boundary
62
5
39
2
10
3.811839
20
4.322413
11
3.790412
21
4.330923
0
LINE
8
boundary
62
5
39
2
10
3.790412
20
4.330923
11
3.742209
21
4.350159
0
LINE
8
boundary
62
5
39
2
10
3.742209
20
4.350159
11
3.722043
21
4.355264
0
LINE
8
boundary
62
5
39
2
10
3.722043
20
4.355264
11
3.648595
21
4.373382
0
LINE
8
boundary
62
5
39
2
10
3.648595
20
4.373382
11
3.628429
21
4.378438
0
LINE
8
boundary
62
5
39
2
10
3.628429
20
4.378438
11
3.526625
21
4.397543
0
LINE
8
boundary
62
5
39
2
10
3.526625
20
4.397543
11
3.495881
21
4.401973
0
LINE
8
boundary
62
5
39
2
10
3.495881
20
4.401973
11
3.449072
21
4.411412
0
LINE
8
boundary
62
5
39
2
10
3.449072
20
4.411412
11
3.407985
21
4.419895
0
LINE
8
boundary
62
5
39
2
10
3.407985
20
4.419895
11
3.376971
21
4.425827
0
LINE
8
boundary
62
5
39
2
10
3.376971
20
4.425827
11
3.333427
21
4.434126
0
LINE
8
boundary
62
5
39
2
10
3.333427
20
4.434126
11
3.287089
21
4.443724
0
LINE
8
boundary
62
5
39
2
10
3.287089
20
4.443724
11
3.257193
21
4.455909
0
LINE
8
boundary
62
5
39
2
10
3.257193
20
4.455909
11
3.203205
21
4.477704
0
LINE
8
boundary
62
5
39
2
10
3.203205
20
4.477704
11
3.173309
21
4.489820
0
LINE
8
boundary
62
5
39
2
10
3.173309
20
4.489820
11
3.120612
21
4.526194
0
LINE
8
boundary
62
5
39
2
10
3.120612
20
4.526194
11
3.112899
21
4.552252
0
LINE
8
boundary
62
5
39
2
10
3.112899
20
4.552252
11
3.064619
21
4.589744
0
LINE
8
boundary
62
5
39
2
10
3.064619
20
4.589744
11
3.027945
21
4.614309
0
LINE
8
boundary
62
5
39
2
10
3.027945
20
4.614309
11
2.977332
21
4.639929
0
LINE
8
boundary
62
5
39
2
10
2.977332
20
4.639929
11
2.955473
21
4.653387
0
LINE
8
boundary
62
5
39
2
10
2.955473
20
4.653387
11
2.932966
21
4.664837
0
LINE
8
boundary
62
5
39
2
10
2.932966
20
4.664837
11
2.900053
21
4.671087
0
LINE
8
boundary
62
5
39
2
10
2.900053
20
4.671087
11
2.854064
21
4.679315
0
LINE
8
boundary
62
5
39
2
10
2.854064
20
4.679315
11
2.831968
21
4.683128
0
LINE
8
boundary
62
5
39
2
10
2.831968
20
4.683128
11
2.736829
21
4.689331
0
LINE
8
boundary
62
5
39
2
10
2.736829
20
4.689331
11
2.700160
21
4.689270
0
LINE
8
boundary
62
5
39
2
10
2.700160
20
4.689270
11
2.622437
21
4.687020
0
LINE
8
boundary
62
5
39
2
10
2.622437
20
4.687020
11
2.587110
21
4.685869
0
LINE
8
boundary
62
5
39
2
10
2.587110
20
4.685869
11
2.507926
21
4.683340
0
LINE
8
boundary
62
5
39
2
10
2.507926
20
4.683340
11
2.474517
21
4.681508
0
LINE
8
boundary
62
5
39
2
10
2.474517
20
4.681508
11
2.392959
21
4.676227
0
LINE
8
boundary
62
5
39
2
10
2.392959
20
4.676227
11
2.362946
21
4.673536
0
LINE
8
boundary
62
5
39
2
10
2.362946
20
4.673536
11
2.310388
21
4.668207
0
LINE
8
boundary
62
5
39
2
10
2.310388
20
4.668207
11
2.275243
21
4.664643
0
LINE
8
boundary
62
5
39
2
10
2.275243
20
4.664643
11
2.252954
21
4.661342
0
LINE
8
boundary
62
5
39
2
10
2.252954
20
4.661342
11
2.198871
21
4.653387
0
LINE
8
boundary
62
5
39
2
10
2.198871
20
4.653387
11
2.177745
21
4.650237
0
LINE
8
boundary
62
5
39
2
10
2.177745
20
4.650237
11
2.149288
21
4.646053
0
LINE
8
boundary
62
5
39
2
10
2.149288
20
4.646053
11
2.139737
21
4.623828
0
LINE
8
boundary
62
5
39
2
10
2.139737
20
4.623828
11
2.098214
21
4.558865
0
LINE
8
boundary
62
5
39
2
10
2.098214
20
4.558865
11
2.091315
21
4.539607
0
LINE
8
boundary
62
5
39
2
10
2.091315
20
4.539607
11
2.093746
21
4.438289
0
LINE
8
boundary
62
5
39
2
10
2.093746
20
4.438289
11
2.108742
21
4.409060
0
LINE
8
boundary
62
5
39
2
10
2.108742
20
4.409060
11
2.138404
21
4.363364
0
LINE
8
boundary
62
5
39
2
10
2.138404
20
4.363364
11
2.167893
21
4.345019
0
LINE
8
boundary
62
5
39
2
10
2.167893
20
4.345019
11
2.244463
21
4.340837
0
LINE
8
boundary
62
5
39
2
10
2.244463
20
4.340837
11
2.283028
21
4.336871
0
LINE
8
boundary
62
5
39
2
10
2.283028
20
4.336871
11
2.311860
21
4.329530
0
LINE
8
boundary
62
5
39
2
10
2.311860
20
4.329530
11
2.373439
21
4.314802
0
LINE
8
boundary
62
5
39
2
10
2.373439
20
4.314802
11
2.402419
21
4.312047
0
LINE
8
boundary
62
5
39
2
10
2.402419
20
4.312047
11
2.376848
21
4.288016
0
LINE
8
boundary
62
5
39
2
10
2.376848
20
4.288016
11
2.348858
21
4.224966
0
LINE
8
boundary
62
5
39
2
10
2.348858
20
4.224966
11
2.326392
21
4.198267
0
LINE
8
boundary
62
5
39
2
10
2.326392
20
4.198267
11
2.285310
21
4.176025
0
LINE
8
boundary
62
5
39
2
10
2.285310
20
4.176025
11
2.263068
21
4.165323
0
LINE
8
boundary
62
5
39
2
10
2.263068
20
4.165323
11
2.211773
21
4.140185
0
LINE
8
boundary
62
5
39
2
10
2.211773
20
4.140185
11
2.188385
21
4.129463
0
LINE
8
boundary
62
5
39
2
10
2.188385
20
4.129463
11
2.149288
21
4.111020
0
LINE
8
boundary
62
5
39
2
10
2.149288
20
4.111020
11
2.123479
21
4.097196
0
LINE
8
boundary
62
5
39
2
10
2.123479
20
4.097196
11
2.092864
21
4.084487
0
LINE
8
boundary
62
5
39
2
10
2.092864
20
4.084487
11
2.058440
21
4.061555
0
LINE
8
boundary
62
5
39
2
10
2.058440
20
4.061555
11
2.035508
21
4.057201
0
LINE
8
boundary
62
5
39
2
10
2.035508
20
4.057201
11
1.982630
21
4.028660
0
LINE
8
boundary
62
5
39
2
10
1.982630
20
4.028660
11
1.921728
21
4.001918
0
LINE
8
boundary
62
5
39
2
10
1.921728
20
4.001918
11
1.890845
21
3.983414
0
LINE
8
boundary
62
5
39
2
10
1.890845
20
3.983414
11
1.866717
21
3.970707
0
LINE
8
boundary
62
5
39
2
10
1.866717
20
3.970707
11
1.831686
21
3.946969
0
LINE
8
boundary
62
5
39
2
10
1.831686
20
3.946969
11
1.807948
21
3.938017
0
LINE
8
boundary
62
5
39
2
10
1.807948
20
3.938017
11
1.762274
21
3.908340
0
LINE
8
boundary
62
5
39
2
10
1.762274
20
3.908340
11
1.736461
21
3.894154
0
LINE
8
boundary
62
5
39
2
10
1.736461
20
3.894154
11
1.694168
21
3.869055
0
LINE
8
boundary
62
5
39
2
10
1.694168
20
3.869055
11
1.668390
21
3.856927
0
LINE
8
boundary
62
5
39
2
10
1.668390
20
3.856927
11
1.611465
21
3.825914
0
LINE
8
boundary
62
5
39
2
10
1.611465
20
3.825914
11
1.580388
21
3.810743
0
LINE
8
boundary
62
5
39
2
10
1.580388
20
3.810743
11
1.524335
21
3.780973
0
LINE
8
boundary
62
5
39
2
10
1.524335
20
3.780973
11
1.466608
21
3.755444
0
LINE
8
boundary
62
5
39
2
10
1.466608
20
3.755444
11
1.447839
21
3.743147
0
LINE
8
boundary
62
5
39
2
10
1.447839
20
3.743147
11
1.407760
21
3.709644
0
LINE
8
boundary
62
5
39
2
10
1.407760
20
3.709644
11
1.388345
21
3.696067
0
LINE
8
boundary
62
5
39
2
10
1.388345
20
3.696067
11
1.352828
21
3.677766
0
LINE
8
boundary
62
5
39
2
10
1.352828
20
3.677766
11
1.320580
21
3.653567
0
LINE
8
boundary
62
5
39
2
10
1.320580
20
3.653567
11
1.288333
21
3.629367
0
LINE
8
boundary
62
5
39
2
10
1.288333
20
3.629367
11
1.265664
21
3.609694
0
LINE
8
boundary
62
5
39
2
10
1.265664
20
3.609694
11
1.239047
21
3.594996
0
LINE
8
boundary
62
5
39
2
10
1.239047
20
3.594996
11
1.212803
21
3.569143
0
LINE
8
boundary
62
5
39
2
10
1.212803
20
3.569143
11
1.184681
21
3.541440
0
LINE
8
boundary
62
5
39
2
10
1.184681
20
3.541440
11
1.158437
21
3.515587
0
LINE
8
boundary
62
5
39
2
10
1.158437
20
3.515587
11
1.144483
21
3.501217
0
LINE
8
boundary
62
5
39
2
10
1.144483
20
3.501217
11
1.125267
21
3.489254
0
LINE
8
boundary
62
5
39
2
10
1.125267
20
3.489254
11
1.105968
21
3.469040
0
LINE
8
boundary
62
5
39
2
10
1.105968
20
3.469040
11
1.061077
21
3.422021
0
LINE
8
boundary
62
5
39
2
10
1.061077
20
3.422021
11
1.041777
21
3.401807
0
LINE
8
boundary
62
5
39
2
10
1.041777
20
3.401807
11
1.023894
21
3.380051
0
LINE
8
boundary
62
5
39
2
10
1.023894
20
3.380051
11
0.995513
21
3.349803
0
LINE
8
boundary
62
5
39
2
10
0.995513
20
3.349803
11
0.961918
21
3.307934
0
LINE
8
boundary
62
5
39
2
10
0.961918
20
3.307934
11
0.945944
21
3.288026
0
LINE
8
boundary
62
5
39
2
10
0.945944
20
3.288026
11
0.910944
21
3.244991
0
LINE
8
boundary
62
5
39
2
10
0.910944
20
3.244991
11
0.885083
21
3.213175
0
LINE
8
boundary
62
5
39
2
10
0.885083
20
3.213175
11
0.869939
21
3.191944
0
LINE
8
boundary
62
5
39
2
10
0.869939
20
3.191944
11
0.857315
21
3.174246
0
LINE
8
boundary
62
5
39
2
10
0.857315
20
3.174246
11
0.844831
21
3.155559
0
LINE
8
boundary
62
5
39
2
10
0.844831
20
3.155559
11
0.801679
21
3.090665
0
LINE
8
boundary
62
5
39
2
10
0.801679
20
3.090665
11
0.783927
21
3.066885
0
LINE
8
boundary
62
5
39
2
10
0.783927
20
3.066885
11
0.768722
21
3.040881
0
LINE
8
boundary
62
5
39
2
10
0.768722
20
3.040881
11
0.725500
21
2.961578
0
LINE
8
boundary
62
5
39
2
10
0.725500
20
2.961578
11
0.707679
21
2.930373
0
LINE
8
boundary
62
5
39
2
10
0.707679
20
2.930373
11
0.679482
21
2.876831
0
LINE
8
boundary
62
5
39
2
10
0.679482
20
2.876831
11
0.664626
21
2.849174
0
LINE
8
boundary
62
5
39
2
10
0.664626
20
2.849174
11
0.651913
21
2.816781
0
LINE
8
boundary
62
5
39
2
10
0.651913
20
2.816781
11
0.627580
21
2.733834
0
LINE
8
boundary
62
5
39
2
10
0.627580
20
2.733834
11
0.615035
21
2.704055
0
LINE
8
boundary
62
5
39
2
10
0.615035
20
2.704055
11
0.578209
21
2.620417
0
LINE
8
boundary
62
5
39
2
10
0.578209
20
2.620417
11
0.567710
21
2.596786
0
LINE
8
boundary
62
5
39
2
10
0.567710
20
2.596786
11
0.559036
21
2.560336
0
LINE
8
boundary
62
5
39
2
10
0.559036
20
2.560336
11
0.544239
21
2.498077
0
LINE
8
boundary
62
5
39
2
10
0.544239
20
2.498077
11
0.538868
21
2.476495
0
LINE
8
boundary
62
5
39
2
10
0.538868
20
2.476495
11
0.516484
21
2.392857
0
LINE
8
boundary
62
5
39
2
10
0.516484
20
2.392857
11
0.506246
21
2.362715
0
LINE
8
boundary
62
5
39
2
10
0.506246
20
2.362715
11
0.466323
21
2.279077
0
LINE
8
boundary
62
5
39
2
10
0.466323
20
2.279077
11
0.456624
21
2.258235
0
LINE
8
boundary
62
5
39
2
10
0.456624
20
2.258235
11
0.445767
21
2.237432
0
LINE
8
boundary
62
5
39
2
10
0.445767
20
2.237432
11
0.406957
21
2.159526
0
LINE
8
boundary
62
5
39
2
10
0.406957
20
2.159526
11
0.387792
21
2.130384
0
LINE
8
boundary
62
5
39
2
10
0.387792
20
2.130384
11
0.340427
21
2.052935
0
LINE
8
boundary
62
5
39
2
10
0.340427
20
2.052935
11
0.327272
21
2.036446
0
LINE
8
boundary
62
5
39
2
10
0.327272
20
2.036446
11
0.315438
21
2.017709
0
LINE
8
boundary
62
5
39
2
10
0.315438
20
2.017709
11
0.280034
21
1.937981
0
LINE
8
boundary
62
5
39
2
10
0.280034
20
1.937981
11
0.261234
21
1.909366
0
LINE
8
boundary
62
5
39
2
10
0.261234
20
1.909366
11
0.224658
21
1.858854
0
LINE
8
boundary
62
5
39
2
10
0.224658
20
1.858854
11
0.209775
21
1.838377
0
LINE
8
boundary
62
5
39
2
10
0.209775
20
1.838377
11
0.196852
21
1.820345
0
LINE
8
boundary
62
5
39
2
10
0.196852
20
1.820345
11
0.180848
21
1.793171
0
LINE
8
boundary
62
5
39
2
10
0.180848
20
1.793171
11
0.173317
21
1.714726
0
LINE
8
boundary
62
5
39
2
10
0.173317
20
1.714726
11
0.101337
21
1.695105
0
LINE
8
boundary
62
5
39
2
10
0.101337
20
1.695105
11
0.096003
21
1.586133
0
LINE
8
boundary
62
5
39
2
10
0.096003
20
1.586133
11
0.126504
21
1.581325
0
LINE
8
boundary
62
5
39
2
10
0.126504
20
1.581325
11
0.172444
21
1.636970
0
LINE
8
boundary
62
5
39
2
10
0.172444
20
1.636970
11
0.215027
21
1.638457
0
LINE
8
boundary
62
5
39
2
10
0.215027
20
1.638457
11
0.242233
21
1.664737
0
LINE
8
boundary
62
5
39
2
10
0.242233
20
1.664737
11
0.281078
21
1.695105
0
LINE
8
boundary
62
5
39
2
10
0.281078
20
1.695105
11
0.304942
21
1.714117
0
LINE
8
boundary
62
5
39
2
10
0.304942
20
1.714117
11
0.328807
21
1.733129
0
LINE
8
boundary
62
5
39
2
10
0.328807
20
1.733129
11
0.362227
21
1.764924
0
LINE
8
boundary
62
5
39
2
10
0.362227
20
1.764924
11
0.414382
21
1.808886
0
LINE
8
boundary
62
5
39
2
10
0.414382
20
1.808886
11
0.442587
21
1.831652
0
LINE
8
boundary
62
5
39
2
10
0.442587
20
1.831652
11
0.484398
21
1.836957
0
LINE
8
boundary
62
5
39
2
10
0.484398
20
1.836957
11
0.512932
21
1.838048
0
LINE
8
boundary
62
5
39
2
10
0.512932
20
1.838048
11
0.556367
21
1.843785
0
LINE
8
boundary
62
5
39
2
10
0.556367
20
1.843785
11
0.594132
21
1.829448
0
LINE
8
boundary
62
5
39
2
10
0.594132
20
1.829448
11
0.663027
21
1.812762
0
LINE
8
boundary
62
5
39
2
10
0.663027
20
1.812762
11
0.726111
21
1.838894
0
LINE
8
boundary
62
5
39
2
10
0.726111
20
1.838894
11
0.783927
21
1.865577
0
LINE
8
boundary
62
5
39
2
10
0.783927
20
1.865577
11
0.798083
21
1.887946
0
LINE
8
boundary
62
5
39
2
10
0.798083
20
1.887946
11
0.816849
21
1.909427
0
LINE
8
boundary
62
5
39
2
10
0.816849
20
1.909427
11
0.844728
21
1.941324
0
LINE
8
boundary
62
5
39
2
10
0.844728
20
1.941324
11
0.879981
21
1.978430
0
LINE
8
boundary
62
5
39
2
10
0.879981
20
1.978430
11
0.897707
21
1.997088
0
LINE
8
boundary
62
5
39
2
10
0.897707
20
1.997088
11
0.916152
21
2.024087
0
LINE
8
boundary
62
5
39
2
10
0.916152
20
2.024087
11
0.932628
21
2.050681
0
LINE
8
boundary
62
5
39
2
10
0.932628
20
2.050681
11
0.989971
21
2.132957
0
LINE
8
boundary
62
5
39
2
10
0.989971
20
2.132957
11
1.004951
21
2.160569
0
LINE
8
boundary
62
5
39
2
10
1.004951
20
2.160569
11
1.019173
21
2.187154
0
LINE
8
boundary
62
5
39
2
10
1.019173
20
2.187154
11
1.053605
21
2.246834
0
LINE
8
boundary
62
5
39
2
10
1.053605
20
2.246834
11
1.066312
21
2.279077
0
LINE
8
boundary
62
5
39
2
10
1.066312
20
2.279077
11
1.101223
21
2.362715
0
LINE
8
boundary
62
5
39
2
10
1.101223
20
2.362715
11
1.108010
21
2.392857
0
LINE
8
boundary
62
5
39
2
10
1.108010
20
2.392857
11
1.114422
21
2.476495
0
LINE
8
boundary
62
5
39
2
10
1.114422
20
2.476495
11
1.116457
21
2.503919
0
LINE
8
boundary
62
5
39
2
10
1.116457
20
2.503919
11
1.124022
21
2.526965
0
LINE
8
boundary
62
5
39
2
10
1.124022
20
2.526965
11
1.130636
21
2.550776
0
LINE
8
boundary
62
5
39
2
10
1.130636
20
2.550776
11
1.145537
21
2.590893
0
LINE
8
boundary
62
5
39
2
10
1.145537
20
2.590893
11
1.155674
21
2.617928
0
LINE
8
boundary
62
5
39
2
10
1.155674
20
2.617928
11
1.198121
21
2.704455
0
LINE
8
boundary
62
5
39
2
10
1.198121
20
2.704455
11
1.209617
21
2.735545
0
LINE
8
boundary
62
5
39
2
10
1.209617
20
2.735545
11
1.228933
21
2.780021
0
LINE
8
boundary
62
5
39
2
10
1.228933
20
2.780021
11
1.239047
21
2.801549
0
LINE
8
boundary
62
5
39
2
10
1.239047
20
2.801549
11
1.254385
21
2.832906
0
LINE
8
boundary
62
5
39
2
10
1.254385
20
2.832906
11
1.266505
21
2.857470
0
LINE
8
boundary
62
5
39
2
10
1.266505
20
2.857470
11
1.306641
21
2.922122
0
LINE
8
boundary
62
5
39
2
10
1.306641
20
2.922122
11
1.320707
21
2.946686
0
LINE
8
boundary
62
5
39
2
10
1.320707
20
2.946686
11
1.339317
21
2.985588
0
LINE
8
boundary
62
5
39
2
10
1.339317
20
2.985588
11
1.352828
21
3.009199
0
LINE
8
boundary
62
5
39
2
10
1.352828
20
3.009199
11
1.366753
21
3.034833
0
LINE
8
boundary
62
5
39
2
10
1.366753
20
3.034833
11
1.380678
21
3.060466
0
LINE
8
boundary
62
5
39
2
10
1.380678
20
3.060466
11
1.402228
21
3.100372
0
LINE
8
boundary
62
5
39
2
10
1.402228
20
3.100372
11
1.431604
21
3.147050
0
LINE
8
boundary
62
5
39
2
10
1.431604
20
3.147050
11
1.447044
21
3.174246
0
LINE
8
boundary
62
5
39
2
10
1.447044
20
3.174246
11
1.466608
21
3.201789
0
LINE
8
boundary
62
5
39
2
10
1.466608
20
3.201789
11
1.490973
21
3.230454
0
LINE
8
boundary
62
5
39
2
10
1.490973
20
3.230454
11
1.540142
21
3.288026
0
LINE
8
boundary
62
5
39
2
10
1.540142
20
3.288026
11
1.551692
21
3.307444
0
LINE
8
boundary
62
5
39
2
10
1.551692
20
3.307444
11
1.580388
21
3.339280
0
LINE
8
boundary
62
5
39
2
10
1.580388
20
3.339280
11
1.607276
21
3.370543
0
LINE
8
boundary
62
5
39
2
10
1.607276
20
3.370543
11
1.634164
21
3.401807
0
LINE
8
boundary
62
5
39
2
10
1.634164
20
3.401807
11
1.650718
21
3.431940
0
LINE
8
boundary
62
5
39
2
10
1.650718
20
3.431940
11
1.665629
21
3.453435
0
LINE
8
boundary
62
5
39
2
10
1.665629
20
3.453435
11
1.694168
21
3.488343
0
LINE
8
boundary
62
5
39
2
10
1.694168
20
3.488343
11
1.714282
21
3.515587
0
LINE
8
boundary
62
5
39
2
10
1.714282
20
3.515587
11
1.748699
21
3.570165
0
LINE
8
boundary
62
5
39
2
10
1.748699
20
3.570165
11
1.776831
21
3.601822
0
LINE
8
boundary
62
5
39
2
10
1.776831
20
3.601822
11
1.800263
21
3.629367
0
LINE
8
boundary
62
5
39
2
10
1.800263
20
3.629367
11
1.858459
21
3.691481
0
LINE
8
boundary
62
5
39
2
10
1.858459
20
3.691481
11
1.891962
21
3.717168
0
LINE
8
boundary
62
5
39
2
10
1.891962
20
3.717168
11
1.921728
21
3.740804
0
LINE
8
boundary
62
5
39
2
10
1.921728
20
3.740804
11
1.978481
21
3.792443
0
LINE
8
boundary
62
5
39
2
10
1.978481
20
3.792443
11
2.035508
21
3.835979
0
LINE
8
boundary
62
5
39
2
10
2.035508
20
3.835979
11
2.066668
21
3.856927
0
LINE
8
boundary
62
5
39
2
10
2.066668
20
3.856927
11
2.106361
21
3.896708
0
LINE
8
boundary
62
5
39
2
10
2.106361
20
3.896708
11
2.149288
21
3.914731
0
LINE
8
boundary
62
5
39
2
10
2.149288
20
3.914731
11
2.182771
21
3.893555
0
LINE
8
boundary
62
5
39
2
10
2.182771
20
3.893555
11
2.191477
21
3.856927
0
LINE
8
boundary
62
5
39
2
10
2.191477
20
3.856927
11
2.175449
21
3.839889
0
LINE
8
boundary
62
5
39
2
10
2.175449
20
3.839889
11
2.197756
21
3.757315
0
LINE
8
boundary
62
5
39
2
10
2.197756
20
3.757315
11
2.198231
21
3.728076
0
LINE
8
boundary
62
5
39
2
10
2.198231
20
3.728076
11
2.243171
21
3.644438
0
LINE
8
boundary
62
5
39
2
10
2.243171
20
3.644438
11
2.249828
21
3.625110
0
LINE
8
boundary
62
5
39
2
10
2.249828
20
3.625110
11
2.278139
21
3.607926
0
LINE
8
boundary
62
5
39
2
10
2.278139
20
3.607926
11
2.361777
21
3.604732
0
LINE
8
boundary
62
5
39
2
10
2.361777
20
3.604732
11
2.391919
21
3.602803
0
LINE
8
boundary
62
5
39
2
10
2.391919
20
3.602803
11
2.475557
21
3.613663
0
LINE
8
boundary
62
5
39
2
10
2.475557
20
3.613663
11
2.506054
21
3.616589
0
LINE
8
boundary
62
5
39
2
10
2.506054
20
3.616589
11
2.602346
21
3.628247
0
LINE
8
boundary
62
5
39
2
10
2.602346
20
3.628247
11
2.670728
21
3.638791
0
LINE
8
boundary
62
5
39
2
10
2.670728
20
3.638791
11
2.718188
21
3.646544
0
LINE
8
boundary
62
5
39
2
10
2.718188
20
3.646544
11
2.757966
21
3.654023
0
LINE
8
boundary
62
5
39
2
10
2.757966
20
3.654023
11
2.792191
21
3.660584
0
LINE
8
boundary
62
5
39
2
10
2.792191
20
3.660584
11
2.831969
21
3.668121
0
LINE
8
boundary
62
5
39
2
10
2.831969
20
3.668121
11
2.858557
21
3.673238
0
LINE
8
boundary
62
5
39
2
10
2.858557
20
3.673238
11
2.919160
21
3.685082
0
LINE
8
boundary
62
5
39
2
10
2.919160
20
3.685082
11
2.945749
21
3.690221
0
LINE
8
boundary
62
5
39
2
10
2.945749
20
3.690221
11
3.040734
21
3.709822
0
LINE
8
boundary
62
5
39
2
10
3.040734
20
3.709822
11
3.063586
21
3.720457
0
LINE
8
boundary
62
5
39
2
10
3.063586
20
3.720457
11
3.082335
21
3.743147
0
LINE
8
boundary
62
5
39
2
10
3.082335
20
3.743147
11
3.150918
21
3.841856
0
LINE
8
boundary
62
5
39
2
10
3.150918
20
3.841856
11
3.152365
21
3.869959
0
LINE
8
boundary
62
5
39
2
10
3.152365
20
3.869959
11
3.173309
21
3.898209
0
LINE
8
boundary
62
5
39
2
10
3.173309
20
3.898209
11
3.197960
21
3.889675
0
LINE
8
boundary
62
5
39
2
10
3.197960
20
3.889675
11
3.234880
21
3.877895
0
LINE
8
boundary
62
5
39
2
10
3.234880
20
3.877895
11
3.279545
21
3.863670
0
LINE
8
boundary
62
5
39
2
10
3.279545
20
3.863670
11
3.323697
21
3.846184
0
LINE
8
boundary
62
5
39
2
10
3.323697
20
3.846184
11
3.350030
21
3.836184
0
LINE
8
boundary
62
5
39
2
10
3.350030
20
3.836184
11
3.400869
21
3.817010
0
LINE
8
boundary
62
5
39
2
10
3.400869
20
3.817010
11
3.418813
21
3.807855
0
LINE
8
boundary
62
5
39
2
10
3.418813
20
3.807855
11
3.502317
21
3.767697
0
LINE
8
boundary
62
5
39
2
10
3.502317
20
3.767697
11
3.525262
21
3.752386
0
LINE
8
boundary
62
5
39
2
10
3.525262
20
3.752386
11
3.551721
21
3.731347
0
LINE
8
boundary
62
5
39
2
10
3.551721
20
3.731347
11
3.612661
21
3.685741
0
LINE
8
boundary
62
5
39
2
10
3.612661
20
3.685741
11
3.639103
21
3.665626
0
LINE
8
boundary
62
5
39
2
10
3.639103
20
3.665626
11
3.676328
21
3.640082
0
LINE
8
boundary
62
5
39
2
10
3.676328
20
3.640082
11
3.701412
21
3.620462
0
LINE
8
boundary
62
5
39
2
10
3.701412
20
3.620462
11
3.729598
21
3.600561
0
LINE
8
boundary
62
5
39
2
10
3.729598
20
3.600561
11
3.756168
21
3.579740
0
LINE
8
boundary
62
5
39
2
10
3.756168
20
3.579740
11
3.817355
21
3.529079
0
LINE
8
boundary
62
5
39
2
10
3.817355
20
3.529079
11
3.839335
21
3.508205
0
LINE
8
boundary
62
5
39
2
10
3.839335
20
3.508205
11
3.855989
21
3.492840
0
LINE
8
boundary
62
5
39
2
10
3.855989
20
3.492840
11
3.927945
21
3.415568
0
LINE
8
boundary
62
5
39
2
10
3.927945
20
3.415568
11
3.947530
21
3.394502
0
LINE
8
boundary
62
5
39
2
10
3.947530
20
3.394502
11
3.962639
21
3.379025
0
LINE
8
boundary
62
5
39
2
10
3.962639
20
3.379025
11
3.981732
21
3.358891
0
LINE
8
boundary
62
5
39
2
10
3.981732
20
3.358891
11
4.041360
21
3.299440
0
LINE
8
boundary
62
5
39
2
10
4.041360
20
3.299440
11
4.057253
21
3.280793
0
LINE
8
boundary
62
5
39
2
10
4.057253
20
3.280793
11
4.078116
21
3.253016
0
LINE
8
boundary
62
5
39
2
10
4.078116
20
3.253016
11
4.117773
21
3.187549
0
LINE
8
boundary
62
5
39
2
10
4.117773
20
3.187549
11
4.132847
21
3.158544
0
LINE
8
boundary
62
5
39
2
10
4.132847
20
3.158544
11
4.178888
21
3.071601
0
LINE
8
boundary
62
5
39
2
10
4.178888
20
3.071601
11
4.194798
21
3.039192
0
LINE
8
boundary
62
5
39
2
10
4.194798
20
3.039192
11
4.231980
21
2.961295
0
LINE
8
boundary
62
5
39
2
10
4.231980
20
2.961295
11
4.245834
21
2.931615
0
LINE
8
boundary
62
5
39
2
10
4.245834
20
2.931615
11
4.286474
21
2.847977
0
LINE
8
boundary
62
5
39
2
10
4.286474
20
2.847977
11
4.295129
21
2.829038
0
LINE
8
boundary
62
5
39
2
10
4.295129
20
2.829038
11
4.309374
21
2.798771
0
LINE
8
boundary
62
5
39
2
10
4.309374
20
2.798771
11
4.340451
21
2.730329
0
LINE
8
boundary
62
5
39
2
10
4.340451
20
2.730329
11
4.350480
21
2.704055
0
LINE
8
boundary
62
5
39
2
10
4.350480
20
2.704055
11
4.379601
21
2.620417
0
LINE
8
boundary
62
5
39
2
10
4.379601
20
2.620417
11
4.388355
21
2.590275
0
LINE
8
boundary
62
5
39
2
10
4.388355
20
2.590275
11
4.408482
21
2.506637
0
LINE
8
boundary
62
5
39
2
10
4.408482
20
2.506637
11
4.413524
21
2.484733
0
LINE
8
boundary
62
5
39
2
10
4.413524
20
2.484733
11
4.423417
21
2.439050
0
LINE
8
boundary
62
5
39
2
10
4.423417
20
2.439050
11
4.434771
21
2.386024
0
LINE
8
boundary
62
5
39
2
10
4.434771
20
2.386024
11
4.438194
21
2.362715
0
LINE
8
boundary
62
5
39
2
10
4.438194
20
2.362715
11
4.449315
21
2.279077
0
LINE
8
boundary
62
5
39
2
10
4.449315
20
2.279077
11
4.449377
21
2.248935
0
LINE
8
boundary
62
5
39
2
10
4.449377
20
2.248935
11
4.439495
21
2.165297
0
LINE
8
boundary
62
5
39
2
10
4.439495
20
2.165297
11
4.435910
21
2.132803
0
LINE
8
boundary
62
5
39
2
10
4.435910
20
2.132803
11
4.426643
21
2.065930
0
LINE
8
boundary
62
5
39
2
10
4.426643
20
2.065930
11
4.423968
21
2.044801
0
LINE
8
boundary
62
5
39
2
10
4.423968
20
2.044801
11
4.424889
21
2.024724
0
LINE
8
boundary
62
5
39
2
10
4.424889
20
2.024724
11
4.440124
21
1.940354
0
LINE
8
boundary
62
5
39
2
10
4.440124
20
1.940354
11
4.440513
21
1.903526
0
LINE
8
boundary
62
5
39
2
10
4.440513
20
1.903526
11
4.428475
21
1.837839
0
LINE
8
boundary
62
5
39
2
10
4.428475
20
1.837839
11
4.424889
21
1.817060
0
LINE
8
boundary
62
5
39
2
10
4.424889
20
1.817060
11
4.419622
21
1.791371
0
LINE
8
boundary
62
5
39
2
10
4.419622
20
1.791371
11
4.401371
21
1.711497
0
LINE
8
boundary
62
5
39
2
10
4.401371
20
1.711497
11
4.393354
21
1.680034
0
LINE
8
boundary
62
5
39
2
10
4.393354
20
1.680034
11
4.366395
21
1.596396
0
LINE
8
boundary
62
5
39
2
10
4.366395
20
1.596396
11
4.353411
21
1.561743
0
LINE
8
boundary
62
5
39
2
10
4.353411
20
1.561743
11
4.320287
21
1.492649
0
LINE
8
boundary
62
5
39
2
10
4.320287
20
1.492649
11
4.311109
21
1.472967
0
LINE
8
boundary
62
5
39
2
10
4.311109
20
1.472967
11
4.301001
21
1.448610
0
LINE
8
boundary
62
5
39
2
10
4.301001
20
1.448610
11
4.262244
21
1.368974
0
LINE
8
boundary
62
5
39
2
10
4.262244
20
1.368974
11
4.245578
21
1.331195
0
LINE
8
boundary
62
5
39
2
10
4.245578
20
1.331195
11
4.211602
21
1.255205
0
LINE
8
boundary
62
5
39
2
10
4.211602
20
1.255205
11
4.201250
21
1.232803
0
LINE
8
boundary
62
5
39
2
10
4.201250
20
1.232803
11
4.134516
21
1.141523
0
LINE
8
boundary
62
5
39
2
10
4.134516
20
1.141523
11
4.113656
21
1.113125
0
LINE
8
boundary
62
5
39
2
10
4.113656
20
1.113125
11
4.092140
21
1.085337
0
LINE
8
boundary
62
5
39
2
10
4.092140
20
1.085337
11
4.071330
21
1.059272
0
LINE
8
boundary
62
5
39
2
10
4.071330
20
1.059272
11
4.045409
21
1.027433
0
LINE
8
boundary
62
5
39
2
10
4.045409
20
1.027433
11
4.023161
21
0.997267
0
LINE
8
boundary
62
5
39
2
10
4.023161
20
0.997267
11
3.985243
21
0.949737
0
LINE
8
boundary
62
5
39
2
10
3.985243
20
0.949737
11
3.969769
21
0.931178
0
LINE
8
boundary
62
5
39
2
10
3.969769
20
0.931178
11
3.954640
21
0.914912
0
LINE
8
boundary
62
5
39
2
10
3.954640
20
0.914912
11
3.939510
21
0.898645
0
LINE
8
boundary
62
5
39
2
10
3.939510
20
0.898645
11
3.923254
21
0.879966
0
LINE
8
boundary
62
5
39
2
10
3.923254
20
0.879966
11
3.874809
21
0.833739
0
LINE
8
boundary
62
5
39
2
10
3.874809
20
0.833739
11
3.855989
21
0.818379
0
LINE
8
boundary
62
5
39
2
10
3.855989
20
0.818379
11
3.810430
21
0.808296
0
LINE
8
boundary
62
5
39
2
10
3.810430
20
0.808296
11
3.787769
21
0.802241
0
LINE
8
boundary
62
5
39
2
10
3.787769
20
0.802241
11
3.742209
21
0.793583
0
LINE
8
boundary
62
5
39
2
10
3.742209
20
0.793583
11
3.705778
21
0.765315
0
LINE
8
boundary
62
5
39
2
10
3.705778
20
0.765315
11
3.648238
21
0.713030
0
LINE
8
boundary
62
5
39
2
10
3.648238
20
0.713030
11
3.628429
21
0.694060
0
LINE
8
boundary
62
5
39
2
10
3.628429
20
0.694060
11
3.603689
21
0.671085
0
LINE
8
boundary
62
5
39
2
10
3.603689
20
0.671085
11
3.581295
21
0.642100
0
LINE
8
boundary
62
5
39
2
10
3.581295
20
0.642100
11
3.543208
21
0.601664
0
LINE
8
boundary
62
5
39
2
10
3.543208
20
0.601664
11
3.514649
21
0.570031
0
LINE
8
boundary
62
5
39
2
10
3.514649
20
0.570031
11
3.480407
21
0.538955
0
LINE
8
boundary
62
5
39
2
10
3.480407
20
0.538955
11
3.417511
21
0.465371
0
LINE
8
boundary
62
5
39
2
10
3.417511
20
0.465371
11
3.385798
21
0.457665
0
LINE
8
boundary
62
5
39
2
10
3.385798
20
0.457665
11
3.302160
21
0.450637
0
LINE
8
boundary
62
5
39
2
10
3.302160
20
0.450637
11
3.272018
21
0.450364
0
LINE
8
boundary
62
5
39
2
10
3.272018
20
0.450364
11
3.188380
21
0.450814
0
LINE
8
boundary
62
5
39
2
10
3.188380
20
0.450814
11
3.158238
21
0.450991
0
LINE
8
boundary
62
5
39
2
10
3.158238
20
0.450991
11
3.074600
21
0.451475
0
LINE
8
boundary
62
5
39
2
10
3.074600
20
0.451475
11
3.044458
21
0.451593
0
LINE
8
boundary
62
5
39
2
10
3.044458
20
0.451593
11
2.960820
21
0.451510
0
LINE
8
boundary
62
5
39
2
10
2.960820
20
0.451510
11
2.930678
21
0.450940
0
LINE
8
boundary
62
5
39
2
10
2.930678
20
0.450940
11
2.847040
21
0.448363
0
LINE
8
boundary
62
5
39
2
10
2.847040
20
0.448363
11
2.815384
21
0.446461
0
LINE
8
boundary
62
5
39
2
10
2.815384
20
0.446461
11
2.753395
21
0.444484
0
LINE
8
boundary
62
5
39
2
10
2.753395
20
0.444484
11
2.731730
21
0.443271
0
LINE
8
boundary
62
5
39
2
10
2.731730
20
0.443271
11
2.705832
21
0.440224
0
LINE
8
boundary
62
5
39
2
10
2.705832
20
0.440224
11
2.622293
21
0.433559
0
LINE
8
boundary
62
5
39
2
10
2.622293
20
0.433559
11
2.589662
21
0.421278
0
LINE
8
boundary
62
5
39
2
10
2.589662
20
0.421278
11
2.503173
21
0.406651
0
LINE
8
boundary
62
5
39
2
10
2.503173
20
0.406651
11
2.474077
21
0.384847
0
LINE
8
boundary
62
5
39
2
10
2.474077
20
0.384847
11
2.428618
21
0.344452
0
LINE
8
boundary
62
5
39
2
10
2.428618
20
0.344452
11
2.412066
21
0.329745
0
LINE
8
boundary
62
5
39
2
10
2.412066
20
0.329745
11
2.428618
21
0.310827
0
LINE
8
boundary
62
5
39
2
10
2.428618
20
0.310827
11
2.474077
21
0.258872
0
LINE
8
boundary
62
5
39
2
10
2.474077
20
0.258872
11
2.490628
21
0.239955
0
LINE
8
boundary
62
5
39
2
10
2.490628
20
0.239955
11
2.528252
21
0.228002
0
LINE
8
boundary
62
5
39
2
10
2.528252
20
0.228002
11
2.571059
21
0.215964
0
LINE
8
boundary
62
5
39
2
10
2.571059
20
0.215964
11
2.604408
21
0.213220
0
LINE
8
boundary
62
5
39
2
10
2.604408
20
0.213220
11
2.646473
21
0.211156
0
LINE
8
boundary
62
5
39
2
10
2.646473
20
0.211156
11
2.676124
21
0.210251
0
LINE
8
boundary
62
5
39
2
10
2.676124
20
0.210251
11
2.718188
21
0.208606
0
LINE
8
boundary
62
5
39
2
10
2.718188
20
0.208606
11
2.741722
21
0.207845
0
LINE
8
boundary
62
5
39
2
10
2.741722
20
0.207845
11
2.808435
21
0.207153
0
LINE
8
boundary
62
5
39
2
10
2.808435
20
0.207153
11
2.831969
21
0.206589
0
LINE
8
boundary
62
5
39
2
10
2.831969
20
0.206589
11
2.927687
21
0.205674
0
LINE
8
boundary
62
5
39
2
10
2.927687
20
0.205674
11
2.962786
21
0.205457
0
LINE
8
boundary
62
5
39
2
10
2.962786
20
0.205457
11
3.042491
21
0.205262
0
LINE
8
boundary
62
5
39
2
10
3.042491
20
0.205262
11
3.076431
21
0.205220
0
LINE
8
boundary
62
5
39
2
10
3.076431
20
0.205220
11
3.156406
21
0.205164
0
LINE
8
boundary
62
5
39
2
10
3.156406
20
0.205164
11
3.190287
21
0.205009
0
LINE
8
boundary
62
5
39
2
10
3.190287
20
0.205009
11
3.270111
21
0.203526
0
LINE
8
boundary
62
5
39
2
10
3.270111
20
0.203526
11
3.305620
21
0.202935
0
LINE
8
boundary
62
5
39
2
10
3.305620
20
0.202935
11
3.382338
21
0.197676
0
LINE
8
boundary
62
5
39
2
10
3.382338
20
0.197676
11
3.420819
21
0.192641
0
LINE
8
boundary
62
5
39
2
10
3.420819
20
0.192641
11
3.494699
21
0.157959
0
LINE
8
boundary
62
5
39
2
10
3.494699
20
0.157959
11
3.514649
21
0.153068
0
LINE
8
boundary
62
5
39
2
10
3.514649
20
0.153068
11
3.536875
21
0.151330
0
LINE
8
boundary
62
5
39
2
10
3.536875
20
0.151330
11
3.606203
21
0.129697
0
LINE
8
boundary
62
5
39
2
10
3.606203
20
0.129697
11
3.628429
21
0.129537
0
LINE
8
boundary
62
5
39
2
10
3.628429
20
0.129537
11
3.647196
21
0.121970
0
LINE
8
boundary
62
5
39
2
10
3.647196
20
0.121970
11
3.703110
21
0.102184
0
LINE
8
boundary
62
5
39
2
10
3.703110
20
0.102184
11
3.722659
21
0.097342
0
LINE
8
boundary
62
5
39
2
10
3.722659
20
0.097342
11
3.742209
21
0.092500
0
LINE
8
boundary
62
5
39
2
10
3.742209
20
0.092500
11
3.784130
21
0.093182
0
LINE
8
boundary
62
5
39
2
10
3.784130
20
0.093182
11
3.813413
21
0.093041
0
LINE
8
boundary
62
5
39
2
10
3.813413
20
0.093041
11
3.855989
21
0.093754
0
LINE
8
boundary
62
5
39
2
10
3.855989
20
0.093754
11
3.880857
21
0.102184
0
LINE
8
boundary
62
5
39
2
10
3.880857
20
0.102184
11
3.917791
21
0.118774
0
LINE
8
boundary
62
5
39
2
10
3.917791
20
0.118774
11
3.952331
21
0.134758
0
LINE
8
boundary
62
5
39
2
10
3.952331
20
0.134758
11
4.014133
21
0.176165
0
LINE
8
boundary
62
5
39
2
10
4.014133
20
0.176165
11
4.039186
21
0.194294
0
LINE
8
boundary
62
5
39
2
10
4.039186
20
0.194294
11
4.069776
21
0.215964
0
LINE
8
boundary
62
5
39
2
10
4.069776
20
0.215964
11
4.102279
21
0.238136
0
LINE
8
boundary
62
5
39
2
10
4.102279
20
0.238136
11
4.160896
21
0.274140
0
LINE
8
boundary
62
5
39
2
10
4.160896
20
0.274140
11
4.197329
21
0.291341
0
LINE
8
boundary
62
5
39
2
10
4.197329
20
0.291341
11
4.226098
21
0.307507
0
LINE
8
boundary
62
5
39
2
10
4.226098
20
0.307507
11
4.265672
21
0.329745
0
LINE
8
boundary
62
5
39
2
10
4.265672
20
0.329745
11
4.288646
21
0.342789
0
LINE
8
boundary
62
5
39
2
10
4.288646
20
0.342789
11
4.311109
21
0.353069
0
LINE
8
boundary
62
5
39
2
10
4.311109
20
0.353069
11
4.332416
21
0.364902
0
LINE
8
boundary
62
5
39
2
10
4.332416
20
0.364902
11
4.403583
21
0.406161
0
LINE
8
boundary
62
5
39
2
10
4.403583
20
0.406161
11
4.424889
21
0.417280
0
LINE
8
boundary
62
5
39
2
10
4.424889
20
0.417280
11
4.441692
21
0.429408
0
LINE
8
boundary
62
5
39
2
10
4.441692
20
0.429408
11
4.461250
21
0.443525
0
LINE
8
boundary
62
5
39
2
10
4.461250
20
0.443525
11
4.478722
21
0.459070
0
LINE
8
boundary
62
5
39
2
10
4.478722
20
0.459070
11
4.523227
21
0.498124
0
LINE
8
boundary
62
5
39
2
10
4.523227
20
0.498124
11
4.553399
21
0.524833
0
LINE
8
boundary
62
5
39
2
10
4.553399
20
0.524833
11
4.572694
21
0.543247
0
LINE
8
boundary
62
5
39
2
10
4.572694
20
0.543247
11
4.587424
21
0.557305
0
LINE
8
boundary
62
5
39
2
10
4.587424
20
0.557305
11
4.639229
21
0.607239
0
LINE
8
annotation
62
1
39
211
10
2.259441
20
4.522463
11
2.252163
21
4.521200
0
LINE
8
annotation
62
1
39
211
10
0.625749
20
2.264860
11
0.625948
21
2.264002
0
LINE
8
annotation
62
1
39
211
10
0.625948
20
2.264002
11
0.648521
21
2.217013
0
LINE
8
annotation
62
1
39
211
10
0.648521
20
2.217013
11
0.670147
21
2.172276
0
LINE
8
annotation
62
1
39
211
10
0.670147
20
2.172276
11
0.689582
21
2.169666
0
LINE
8
annotation
62
1
39
211
10
0.689582
20
2.169666
11
0.755921
21
2.178238
0
LINE
8
annotation
62
1
39
211
10
0.755921
20
2.178238
11
0.783926
21
2.175890
0
LINE
8
annotation
62
1
39
211
10
0.783926
20
2.175890
11
0.835866
21
2.204049
0
LINE
8
annotation
62
1
39
211
10
0.835866
20
2.204049
11
0.836268
21
2.204272
0
LINE
8
annotation
62
1
39
211
10
0.836268
20
2.204272
11
0.836701
21
2.204510
0
LINE
8
annotation
62
1
39
211
10
0.836701
20
2.204510
11
0.865252
21
2.219371
0
LINE
8
annotation
62
1
39
211
10
4.629808
20
1.453944
11
4.755378
21
1.453944
0
LINE
8
annotation
62
1
39
211
10
4.755378
20
1.453944
11
4.755378
21
1.453944
0
LINE
8
annotation
62
1
39
211
10
4.755378
20
1.453944
11
4.777916
21
1.455970
0
LINE
8
annotation
62
1
39
211
10
4.777916
20
1.455970
11
4.799142
21
1.461812
0
LINE
8
annotation
62
1
39
211
10
4.799142
20
1.461812
11
4.818699
21
1.471114
0
LINE
8
annotation
62
1
39
211
10
4.818699
20
1.471114
11
4.836229
21
1.483520
0
LINE
8
annotation
62
1
39
211
10
4.836229
20
1.483520
11
4.851374
21
1.498674
0
LINE
8
annotation
62
1
39
211
10
4.851374
20
1.498674
11
4.863776
21
1.516220
0
LINE
8
annotation
62
1
39
211
10
4.863776
20
1.516220
11
4.873078
21
1.535803
0
LINE
8
annotation
62
1
39
211
10
4.873078
20
1.535803
11
4.878922
21
1.557067
0
LINE
8
annotation
62
1
39
211
10
4.878922
20
1.557067
11
4.880949
21
1.579656
0
LINE
8
annotation
62
1
39
211
10
4.880949
20
1.579656
11
4.880949
21
1.642211
0
LINE
8
annotation
62
1
39
211
10
4.880949
20
1.642211
11
4.880949
21
1.642211
0
LINE
8
annotation
62
1
39
211
10
4.880949
20
1.642211
11
4.878923
21
1.664789
0
LINE
8
annotation
62
1
39
211
10
4.878923
20
1.664789
11
4.873082
21
1.686024
0
LINE
8
annotation
62
1
39
211
10
4.873082
20
1.686024
11
4.863784
21
1.705564
0
LINE
8
annotation
62
1
39
211
10
4.863784
20
1.705564
11
4.851386
21
1.723061
0
LINE
8
annotation
62
1
39
211
10
4.851386
20
1.723061
11
4.836243
21
1.738162
0
LINE
8
annotation
62
1
39
211
10
4.836243
20
1.738162
11
4.818715
21
1.750517
0
LINE
8
annotation
62
1
39
211
10
4.818715
20
1.750517
11
4.799156
21
1.759776
0
LINE
8
annotation
62
1
39
211
10
4.799156
20
1.759776
11
4.777925
21
1.765589
0
LINE
8
annotation
62
1
39
211
10
4.777925
20
1.765589
11
4.755378
21
1.767604
0
LINE
8
annotation
62
1
39
211
10
4.755378
20
1.767604
11
4.629808
21
1.767604
0
LINE
8
annotation
62
1
39
211
10
4.629808
20
1.767604
11
4.629808
21
2.019419
0
LINE
8
annotation
62
1
39
211
10
4.629808
20
2.019419
11
4.880949
21
2.019419
0
LINE
8
hole
62
5
39
2
10
7.195069
20
2.021384
11
7.035069
21
2.021384
0
LINE
8
hole
62
5
39
2
10
7.035069
20
2.021384
11
7.035069
21
2.181384
0
LINE
8
hole
62
5
39
2
10
7.035069
20
2.181384
11
7.195069
21
2.181384
0
LINE
8
hole
62
5
39
2
10
7.195069
20
2.181384
11
7.195069
21
2.021384
0
LINE
8
boundary
62
5
39
2
10
6.519120
20
0.158770
11
6.561200
21
0.172313
0
LINE
8
boundary
62
5
39
2
10
6.561200
20
0.172313
11
6.590539
21
0.200129
0
LINE
8
boundary
62
5
39
2
10
6.590539
20
0.200129
11
6.644474
21
0.230470
0
LINE
8
boundary
62
5
39
2
10
6.644474
20
0.230470
11
6.663522
21
0.242742
0
LINE
8
boundary
62
5
39
2
10
6.663522
20
0.242742
11
6.723382
21
0.294803
0
LINE
8
boundary
62
5
39
2
10
6.723382
20
0.294803
11
6.765165
21
0.317771
0
LINE
8
boundary
62
5
39
2
10
6.765165
20
0.317771
11
6.788760
21
0.333358
0
LINE
8
boundary
62
5
39
2
10
6.788760
20
0.333358
11
6.846661
21
0.396656
0
LINE
8
boundary
62
5
39
2
10
6.846661
20
0.396656
11
6.902540
21
0.442034
0
LINE
8
boundary
62
5
39
2
10
6.902540
20
0.442034
11
6.915302
21
0.458030
0
LINE
8
boundary
62
5
39
2
10
6.915302
20
0.458030
11
6.954419
21
0.521361
0
LINE
8
boundary
62
5
39
2
10
6.954419
20
0.521361
11
6.988611
21
0.571810
0
LINE
8
boundary
62
5
39
2
10
6.988611
20
0.571810
11
7.005873
21
0.593604
0
LINE
8
boundary
62
5
39
2
10
7.005873
20
0.593604
11
7.036462
21
0.642404
0
LINE
8
boundary
62
5
39
2
10
7.036462
20
0.642404
11
7.060065
21
0.685590
0
LINE
8
boundary
62
5
39
2
10
7.060065
20
0.685590
11
7.081922
21
0.724622
0
LINE
8
boundary
62
5
39
2
10
7.081922
20
0.724622
11
7.126335
21
0.794736
0
LINE
8
boundary
62
5
39
2
10
7.126335
20
0.794736
11
7.158025
21
0.855915
0
LINE
8
boundary
62
5
39
2
10
7.158025
20
0.855915
11
7.186653
21
0.913151
0
LINE
8
boundary
62
5
39
2
10
7.186653
20
0.913151
11
7.206391
21
0.972554
0
LINE
8
boundary
62
5
39
2
10
7.206391
20
0.972554
11
7.224871
21
1.026931
0
LINE
8
boundary
62
5
39
2
10
7.224871
20
1.026931
11
7.234482
21
1.053635
0
LINE
8
boundary
62
5
39
2
10
7.234482
20
1.053635
11
7.243881
21
1.078984
0
LINE
8
boundary
62
5
39
2
10
7.243881
20
1.078984
11
7.252346
21
1.107462
0
LINE
8
boundary
62
5
39
2
10
7.252346
20
1.107462
11
7.262189
21
1.140711
0
LINE
8
boundary
62
5
39
2
10
7.262189
20
1.140711
11
7.275513
21
1.186591
0
LINE
8
boundary
62
5
39
2
10
7.275513
20
1.186591
11
7.281198
21
1.207156
0
LINE
8
boundary
62
5
39
2
10
7.281198
20
1.207156
11
7.295107
21
1.254491
0
LINE
8
boundary
62
5
39
2
10
7.295107
20
1.254491
11
7.322242
21
1.313969
0
LINE
8
boundary
62
5
39
2
10
7.322242
20
1.313969
11
7.348161
21
1.368271
0
LINE
8
boundary
62
5
39
2
10
7.348161
20
1.368271
11
7.357661
21
1.397453
0
LINE
8
boundary
62
5
39
2
10
7.357661
20
1.397453
11
7.370320
21
1.440908
0
LINE
8
boundary
62
5
39
2
10
7.370320
20
1.440908
11
7.383062
21
1.482051
0
LINE
8
boundary
62
5
39
2
10
7.383062
20
1.482051
11
7.394642
21
1.525480
0
LINE
8
boundary
62
5
39
2
10
7.394642
20
1.525480
11
7.398236
21
1.549692
0
LINE
8
boundary
62
5
39
2
10
7.398236
20
1.549692
11
7.414081
21
1.595831
0
LINE
8
boundary
62
5
39
2
10
7.414081
20
1.595831
11
7.440609
21
1.617403
0
LINE
8
boundary
62
5
39
2
10
7.440609
20
1.617403
11
7.471441
21
1.646046
0
LINE
8
boundary
62
5
39
2
10
7.471441
20
1.646046
11
7.517512
21
1.675695
0
LINE
8
boundary
62
5
39
2
10
7.517512
20
1.675695
11
7.566296
21
1.709611
0
LINE
8
boundary
62
5
39
2
10
7.566296
20
1.709611
11
7.567637
21
1.734516
0
LINE
8
boundary
62
5
39
2
10
7.567637
20
1.734516
11
7.585221
21
1.807362
0
LINE
8
boundary
62
5
39
2
10
7.585221
20
1.807362
11
7.585221
21
1.846750
0
LINE
8
boundary
62
5
39
2
10
7.585221
20
1.846750
11
7.571195
21
1.919209
0
LINE
8
boundary
62
5
39
2
10
7.571195
20
1.919209
11
7.563487
21
1.957781
0
LINE
8
boundary
62
5
39
2
10
7.563487
20
1.957781
11
7.548033
21
2.020108
0
LINE
8
boundary
62
5
39
2
10
7.548033
20
2.020108
11
7.539479
21
2.050951
0
LINE
8
boundary
62
5
39
2
10
7.539479
20
2.050951
11
7.525362
21
2.104873
0
LINE
8
boundary
62
5
39
2
10
7.525362
20
2.104873
11
7.509089
21
2.164731
0
LINE
8
boundary
62
5
39
2
10
7.509089
20
2.164731
11
7.501547
21
2.193635
0
LINE
8
boundary
62
5
39
2
10
7.501547
20
2.193635
11
7.480436
21
2.271920
0
LINE
8
boundary
62
5
39
2
10
7.480436
20
2.271920
11
7.471441
21
2.300771
0
LINE
8
boundary
62
5
39
2
10
7.471441
20
2.300771
11
7.455094
21
2.366525
0
LINE
8
boundary
62
5
39
2
10
7.455094
20
2.366525
11
7.447188
21
2.392292
0
LINE
8
boundary
62
5
39
2
10
7.447188
20
2.392292
11
7.436511
21
2.422682
0
LINE
8
boundary
62
5
39
2
10
7.436511
20
2.422682
11
7.425693
21
2.464436
0
LINE
8
boundary
62
5
39
2
10
7.425693
20
2.464436
11
7.407872
21
2.506072
0
LINE
8
boundary
62
5
39
2
10
7.407872
20
2.506072
11
7.396455
21
2.544866
0
LINE
8
boundary
62
5
39
2
10
7.396455
20
2.544866
11
7.379181
21
2.598332
0
LINE
8
boundary
62
5
39
2
10
7.379181
20
2.598332
11
7.372559
21
2.619852
0
LINE
8
boundary
62
5
39
2
10
7.372559
20
2.619852
11
7.357661
21
2.645910
0
LINE
8
boundary
62
5
39
2
10
7.357661
20
2.645910
11
7.325783
21
2.706471
0
LINE
8
boundary
62
5
39
2
10
7.325783
20
2.706471
11
7.309152
21
2.733632
0
LINE
8
boundary
62
5
39
2
10
7.309152
20
2.733632
11
7.276612
21
2.745371
0
LINE
8
boundary
62
5
39
2
10
7.276612
20
2.745371
11
7.243881
21
2.754361
0
LINE
8
boundary
62
5
39
2
10
7.243881
20
2.754361
11
7.194347
21
2.791303
0
LINE
8
boundary
62
5
39
2
10
7.194347
20
2.791303
11
7.130100
21
2.827005
0
LINE
8
boundary
62
5
39
2
10
7.130100
20
2.827005
11
7.101746
21
2.847412
0
LINE
8
boundary
62
5
39
2
10
7.101746
20
2.847412
11
7.066832
21
2.890788
0
LINE
8
boundary
62
5
39
2
10
7.066832
20
2.890788
11
7.016320
21
2.956399
0
LINE
8
boundary
62
5
39
2
10
7.016320
20
2.956399
11
6.951313
21
3.008015
0
LINE
8
boundary
62
5
39
2
10
6.951313
20
3.008015
11
6.902540
21
3.051674
0
LINE
8
boundary
62
5
39
2
10
6.902540
20
3.051674
11
6.881395
21
3.074972
0
LINE
8
boundary
62
5
39
2
10
6.881395
20
3.074972
11
6.843124
21
3.124095
0
LINE
8
boundary
62
5
39
2
10
6.843124
20
3.124095
11
6.794727
21
3.188752
0
LINE
8
boundary
62
5
39
2
10
6.794727
20
3.188752
11
6.740657
21
3.248448
0
LINE
8
boundary
62
5
39
2
10
6.740657
20
3.248448
11
6.690398
21
3.302532
0
LINE
8
boundary
62
5
39
2
10
6.690398
20
3.302532
11
6.674980
21
3.316413
0
LINE
8
boundary
62
5
39
2
10
6.674980
20
3.316413
11
6.621406
21
3.358308
0
LINE
8
boundary
62
5
39
2
10
6.621406
20
3.358308
11
6.592123
21
3.383220
0
LINE
8
boundary
62
5
39
2
10
6.592123
20
3.383220
11
6.561200
21
3.409225
0
LINE
8
boundary
62
5
39
2
10
6.561200
20
3.409225
11
6.490135
21
3.460735
0
LINE
8
boundary
62
5
39
2
10
6.490135
20
3.460735
11
6.447420
21
3.495571
0
LINE
8
boundary
62
5
39
2
10
6.447420
20
3.495571
11
6.420581
21
3.512318
0
LINE
8
boundary
62
5
39
2
10
6.420581
20
3.512318
11
6.396780
21
3.530092
0
LINE
8
boundary
62
5
39
2
10
6.396780
20
3.530092
11
6.368182
21
3.549231
0
LINE
8
boundary
62
5
39
2
10
6.368182
20
3.549231
11
6.333640
21
3.573892
0
LINE
8
boundary
62
5
39
2
10
6.333640
20
3.573892
11
6.289783
21
3.596192
0
LINE
8
boundary
62
5
39
2
10
6.289783
20
3.596192
11
6.247562
21
3.619814
0
LINE
8
boundary
62
5
39
2
10
6.247562
20
3.619814
11
6.219860
21
3.634974
0
LINE
8
boundary
62
5
39
2
10
6.219860
20
3.634974
11
6.197226
21
3.643872
0
LINE
8
boundary
62
5
39
2
10
6.197226
20
3.643872
11
6.138973
21
3.663928
0
LINE
8
boundary
62
5
39
2
10
6.138973
20
3.663928
11
6.106080
21
3.677031
0
LINE
8
boundary
62
5
39
2
10
6.106080
20
3.677031
11
6.069898
21
3.686600
0
LINE
8
boundary
62
5
39
2
10
6.069898
20
3.686600
11
6.033361
21
3.688389
0
LINE
8
boundary
62
5
39
2
10
6.033361
20
3.688389
11
5.992300
21
3.704611
0
LINE
8
boundary
62
5
39
2
10
5.992300
20
3.704611
11
5.946422
21
3.711775
0
LINE
8
boundary
62
5
39
2
10
5.946422
20
3.711775
11
5.904481
21
3.731691
0
LINE
8
boundary
62
5
39
2
10
5.904481
20
3.731691
11
5.878520
21
3.738830
0
LINE
8
boundary
62
5
39
2
10
5.878520
20
3.738830
11
5.781207
21
3.741185
0
LINE
8
boundary
62
5
39
2
10
5.781207
20
3.741185
11
5.747687
21
3.740600
0
LINE
8
boundary
62
5
39
2
10
5.747687
20
3.740600
11
5.671152
21
3.737459
0
LINE
8
boundary
62
5
39
2
10
5.671152
20
3.737459
11
5.650959
21
3.736492
0
LINE
8
boundary
62
5
39
2
10
5.650959
20
3.736492
11
5.624819
21
3.731511
0
LINE
8
boundary
62
5
39
2
10
5.624819
20
3.731511
11
5.566967
21
3.727864
0
LINE
8
boundary
62
5
39
2
10
5.566967
20
3.727864
11
5.537179
21
3.720067
0
LINE
8
boundary
62
5
39
2
10
5.537179
20
3.720067
11
5.486345
21
3.694707
0
LINE
8
boundary
62
5
39
2
10
5.486345
20
3.694707
11
5.452863
21
3.643872
0
LINE
8
boundary
62
5
39
2
10
5.452863
20
3.643872
11
5.514983
21
3.619464
0
LINE
8
boundary
62
5
39
2
10
5.514983
20
3.619464
11
5.537179
21
3.608302
0
LINE
8
boundary
62
5
39
2
10
5.537179
20
3.608302
11
5.592037
21
3.584950
0
LINE
8
boundary
62
5
39
2
10
5.592037
20
3.584950
11
5.614491
21
3.566560
0
LINE
8
boundary
62
5
39
2
10
5.614491
20
3.566560
11
5.650959
21
3.539210
0
LINE
8
boundary
62
5
39
2
10
5.650959
20
3.539210
11
5.714193
21
3.479546
0
LINE
8
boundary
62
5
39
2
10
5.714193
20
3.479546
11
5.764740
21
3.425556
0
LINE
8
boundary
62
5
39
2
10
5.764740
20
3.425556
11
5.827717
21
3.365434
0
LINE
8
boundary
62
5
39
2
10
5.827717
20
3.365434
11
5.878520
21
3.306935
0
LINE
8
boundary
62
5
39
2
10
5.878520
20
3.306935
11
5.938771
21
3.248825
0
LINE
8
boundary
62
5
39
2
10
5.938771
20
3.248825
11
5.992300
21
3.192761
0
LINE
8
boundary
62
5
39
2
10
5.992300
20
3.192761
11
6.010577
21
3.173475
0
LINE
8
boundary
62
5
39
2
10
6.010577
20
3.173475
11
6.048188
21
3.134780
0
LINE
8
boundary
62
5
39
2
10
6.048188
20
3.134780
11
6.091294
21
3.074972
0
LINE
8
boundary
62
5
39
2
10
6.091294
20
3.074972
11
6.106080
21
3.059088
0
LINE
8
boundary
62
5
39
2
10
6.106080
20
3.059088
11
6.149747
21
3.005871
0
LINE
8
boundary
62
5
39
2
10
6.149747
20
3.005871
11
6.177577
21
2.961192
0
LINE
8
boundary
62
5
39
2
10
6.177577
20
2.961192
11
6.198719
21
2.936767
0
LINE
8
boundary
62
5
39
2
10
6.198719
20
2.936767
11
6.219860
21
2.912342
0
LINE
8
boundary
62
5
39
2
10
6.219860
20
2.912342
11
6.237714
21
2.885578
0
LINE
8
boundary
62
5
39
2
10
6.237714
20
2.885578
11
6.260292
21
2.847412
0
LINE
8
boundary
62
5
39
2
10
6.260292
20
2.847412
11
6.282934
21
2.799234
0
LINE
8
boundary
62
5
39
2
10
6.282934
20
2.799234
11
6.293822
21
2.778801
0
LINE
8
boundary
62
5
39
2
10
6.293822
20
2.778801
11
6.313929
21
2.733632
0
LINE
8
boundary
62
5
39
2
10
6.313929
20
2.733632
11
6.323785
21
2.712740
0
LINE
8
boundary
62
5
39
2
10
6.323785
20
2.712740
11
6.333640
21
2.691848
0
LINE
8
boundary
62
5
39
2
10
6.333640
20
2.691848
11
6.350805
21
2.660104
0
LINE
8
boundary
62
5
39
2
10
6.350805
20
2.660104
11
6.372151
21
2.619852
0
LINE
8
boundary
62
5
39
2
10
6.372151
20
2.619852
11
6.394545
21
2.571021
0
LINE
8
boundary
62
5
39
2
10
6.394545
20
2.571021
11
6.404583
21
2.549751
0
LINE
8
boundary
62
5
39
2
10
6.404583
20
2.549751
11
6.424107
21
2.506072
0
LINE
8
boundary
62
5
39
2
10
6.424107
20
2.506072
11
6.438337
21
2.473182
0
LINE
8
boundary
62
5
39
2
10
6.438337
20
2.473182
11
6.447420
21
2.452234
0
LINE
8
boundary
62
5
39
2
10
6.447420
20
2.452234
11
6.460553
21
2.424949
0
LINE
8
boundary
62
5
39
2
10
6.460553
20
2.424949
11
6.476537
21
2.392292
0
LINE
8
boundary
62
5
39
2
10
6.476537
20
2.392292
11
6.496770
21
2.342305
0
LINE
8
boundary
62
5
39
2
10
6.496770
20
2.342305
11
6.522759
21
2.278511
0
LINE
8
boundary
62
5
39
2
10
6.522759
20
2.278511
11
6.537950
21
2.230078
0
LINE
8
boundary
62
5
39
2
10
6.537950
20
2.230078
11
6.548605
21
2.190968
0
LINE
8
boundary
62
5
39
2
10
6.548605
20
2.190968
11
6.556288
21
2.164731
0
LINE
8
boundary
62
5
39
2
10
6.556288
20
2.164731
11
6.561200
21
2.142918
0
LINE
8
boundary
62
5
39
2
10
6.561200
20
2.142918
11
6.574065
21
2.084366
0
LINE
8
boundary
62
5
39
2
10
6.574065
20
2.084366
11
6.580935
21
2.050951
0
LINE
8
boundary
62
5
39
2
10
6.580935
20
2.050951
11
6.590223
21
1.999315
0
LINE
8
boundary
62
5
39
2
10
6.590223
20
1.999315
11
6.600991
21
1.937171
0
LINE
8
boundary
62
5
39
2
10
6.600991
20
1.937171
11
6.604967
21
1.885880
0
LINE
8
boundary
62
5
39
2
10
6.604967
20
1.885880
11
6.609932
21
1.823391
0
LINE
8
boundary
62
5
39
2
10
6.609932
20
1.823391
11
6.608794
21
1.772100
0
LINE
8
boundary
62
5
39
2
10
6.608794
20
1.772100
11
6.606593
21
1.709611
0
LINE
8
boundary
62
5
39
2
10
6.606593
20
1.709611
11
6.603392
21
1.658320
0
LINE
8
boundary
62
5
39
2
10
6.603392
20
1.658320
11
6.599208
21
1.595831
0
LINE
8
boundary
62
5
39
2
10
6.599208
20
1.595831
11
6.606497
21
1.544540
0
LINE
8
boundary
62
5
39
2
10
6.606497
20
1.544540
11
6.616155
21
1.482051
0
LINE
8
boundary
62
5
39
2
10
6.616155
20
1.482051
11
6.609398
21
1.430760
0
LINE
8
boundary
62
5
39
2
10
6.609398
20
1.430760
11
6.601208
21
1.368271
0
LINE
8
boundary
62
5
39
2
10
6.601208
20
1.368271
11
6.589968
21
1.311097
0
LINE
8
boundary
62
5
39
2
10
6.589968
20
1.311097
11
6.578569
21
1.254491
0
LINE
8
boundary
62
5
39
2
10
6.578569
20
1.254491
11
6.572659
21
1.223919
0
LINE
8
boundary
62
5
39
2
10
6.572659
20
1.223919
11
6.561200
21
1.174935
0
LINE
8
boundary
62
5
39
2
10
6.561200
20
1.174935
11
6.553100
21
1.140711
0
LINE
8
boundary
62
5
39
2
10
6.553100
20
1.140711
11
6.534995
21
1.080828
0
LINE
8
boundary
62
5
39
2
10
6.534995
20
1.080828
11
6.515671
21
1.026931
0
LINE
8
boundary
62
5
39
2
10
6.515671
20
1.026931
11
6.495689
21
0.966792
0
LINE
8
boundary
62
5
39
2
10
6.495689
20
0.966792
11
6.477779
21
0.913151
0
LINE
8
boundary
62
5
39
2
10
6.477779
20
0.913151
11
6.468348
21
0.878581
0
LINE
8
boundary
62
5
39
2
10
6.468348
20
0.878581
11
6.447420
21
0.823854
0
LINE
8
boundary
62
5
39
2
10
6.447420
20
0.823854
11
6.438376
21
0.799371
0
LINE
8
boundary
62
5
39
2
10
6.438376
20
0.799371
11
6.428288
21
0.776431
0
LINE
8
boundary
62
5
39
2
10
6.428288
20
0.776431
11
6.409728
21
0.716601
0
LINE
8
boundary
62
5
39
2
10
6.409728
20
0.716601
11
6.395795
21
0.685590
0
LINE
8
boundary
62
5
39
2
10
6.395795
20
0.685590
11
6.379171
21
0.640060
0
LINE
8
boundary
62
5
39
2
10
6.379171
20
0.640060
11
6.333640
21
0.574280
0
LINE
8
boundary
62
5
39
2
10
6.333640
20
0.574280
11
6.298670
21
0.490148
0
LINE
8
boundary
62
5
39
2
10
6.298670
20
0.490148
11
6.279044
21
0.458030
0
LINE
8
boundary
62
5
39
2
10
6.279044
20
0.458030
11
6.261245
21
0.416645
0
LINE
8
boundary
62
5
39
2
10
6.261245
20
0.416645
11
6.219860
21
0.358178
0
LINE
8
boundary
62
5
39
2
10
6.219860
20
0.358178
11
6.205635
21
0.330025
0
LINE
8
boundary
62
5
39
2
10
6.205635
20
0.330025
11
6.188766
21
0.261564
0
LINE
8
boundary
62
5
39
2
10
6.188766
20
0.261564
11
6.174406
21
0.230470
0
LINE
8
boundary
62
5
39
2
10
6.174406
20
0.230470
11
6.172426
21
0.183036
0
LINE
8
boundary
62
5
39
2
10
6.172426
20
0.183036
11
6.176235
21
0.160315
0
LINE
8
boundary
62
5
39
2
10
6.176235
20
0.160315
11
6.173395
21
0.116690
0
LINE
8
boundary
62
5
39
2
10
6.173395
20
0.116690
11
6.197171
21
0.094002
0
LINE
8
boundary
62
5
39
2
10
6.197171
20
0.094002
11
6.219860
21
0.092500
0
LINE
8
boundary
62
5
39
2
10
6.219860
20
0.092500
11
6.240046
21
0.096504
0
LINE
8
boundary
62
5
39
2
10
6.240046
20
0.096504
11
6.331640
21
0.114690
0
LINE
8
boundary
62
5
39
2
10
6.331640
20
0.114690
11
6.433035
21
0.131076
0
LINE
8
boundary
62
5
39
2
10
6.433035
20
0.131076
11
6.472728
21
0.141998
0
LINE
8
boundary
62
5
39
2
10
6.472728
20
0.141998
11
6.519120
21
0.158770
0
LINE
8
annotation
62
1
39
211
10
6.800353
20
1.709412
11
6.727408
21
1.709412
0
LINE
8
annotation
62
1
39
211
10
6.727408
20
1.709412
11
6.756540
21
1.811580
0
LINE
8
annotation
62
1
39
211
10
6.778488
20
1.680206
11
6.778488
21
1.738553
0
LINE
8
annotation
62
1
39
211
10
6.921464
20
1.745893
11
6.849631
21
1.745893
0
LINE
8
annotation
62
1
39
211
10
6.999927
20
1.680206
11
6.999927
21
1.811580
0
LINE
8
annotation
62
1
39
211
10
6.999927
20
1.811580
11
6.970721
21
1.782366
0
LINE
8
hole
62
5
39
2
10
6.012025
20
4.188561
11
5.852025
21
4.188561
0
LINE
8
hole
62
5
39
2
10
5.852025
20
4.188561
11
5.852025
21
4.348561
0
LINE
8
hole
62
5
39
2
10
5.852025
20
4.348561
11
6.012025
21
4.348561
0
LINE
8
hole
62
5
39
2
10
6.012025
20
4.348561
11
6.012025
21
4.188561
0
LINE
8
boundary
62
5
39
2
10
6.354513
20
4.205020
11
6.366321
21
4.227245
0
LINE
8
boundary
62
5
39
2
10
6.366321
20
4.227245
11
6.395609
21
4.279187
0
LINE
8
boundary
62
5
39
2
10
6.395609
20
4.279187
11
6.416279
21
4.320867
0
LINE
8
boundary
62
5
39
2
10
6.416279
20
4.320867
11
6.409533
21
4.350921
0
LINE
8
boundary
62
5
39
2
10
6.409533
20
4.350921
11
6.404815
21
4.404593
0
LINE
8
boundary
62
5
39
2
10
6.404815
20
4.404593
11
6.398069
21
4.434647
0
LINE
8
boundary
62
5
39
2
10
6.398069
20
4.434647
11
6.363632
21
4.501653
0
LINE
8
boundary
62
5
39
2
10
6.363632
20
4.501653
11
6.344149
21
4.531707
0
LINE
8
boundary
62
5
39
2
10
6.344149
20
4.531707
11
6.330894
21
4.548427
0
LINE
8
boundary
62
5
39
2
10
6.330894
20
4.548427
11
6.311204
21
4.564332
0
LINE
8
boundary
62
5
39
2
10
6.311204
20
4.564332
11
6.260423
21
4.605791
0
LINE
8
boundary
62
5
39
2
10
6.260423
20
4.605791
11
6.240733
21
4.621696
0
LINE
8
boundary
62
5
39
2
10
6.240733
20
4.621696
11
6.210679
21
4.621392
0
LINE
8
boundary
62
5
39
2
10
6.210679
20
4.621392
11
6.157007
21
4.624012
0
LINE
8
boundary
62
5
39
2
10
6.157007
20
4.624012
11
6.126953
21
4.623708
0
LINE
8
boundary
62
5
39
2
10
6.126953
20
4.623708
11
6.097081
21
4.618399
0
LINE
8
boundary
62
5
39
2
10
6.097081
20
4.618399
11
6.033599
21
4.612920
0
LINE
8
boundary
62
5
39
2
10
6.033599
20
4.612920
11
6.013173
21
4.609683
0
LINE
8
boundary
62
5
39
2
10
6.013173
20
4.609683
11
5.977982
21
4.603605
0
LINE
8
boundary
62
5
39
2
10
5.977982
20
4.603605
11
5.934584
21
4.597243
0
LINE
8
boundary
62
5
39
2
10
5.934584
20
4.597243
11
5.899393
21
4.590824
0
LINE
8
boundary
62
5
39
2
10
5.899393
20
4.590824
11
5.845672
21
4.580062
0
LINE
8
boundary
62
5
39
2
10
5.845672
20
4.580062
11
5.785613
21
4.565710
0
LINE
8
boundary
62
5
39
2
10
5.785613
20
4.565710
11
5.760556
21
4.548427
0
LINE
8
boundary
62
5
39
2
10
5.760556
20
4.548427
11
5.718701
21
4.518915
0
LINE
8
boundary
62
5
39
2
10
5.718701
20
4.518915
11
5.700505
21
4.502280
0
LINE
8
boundary
62
5
39
2
10
5.700505
20
4.502280
11
5.671833
21
4.474554
0
LINE
8
boundary
62
5
39
2
10
5.671833
20
4.474554
11
5.652066
21
4.454600
0
LINE
8
boundary
62
5
39
2
10
5.652066
20
4.454600
11
5.632300
21
4.434647
0
LINE
8
boundary
62
5
39
2
10
5.632300
20
4.434647
11
5.602436
21
4.407505
0
LINE
8
boundary
62
5
39
2
10
5.602436
20
4.407505
11
5.584571
21
4.387797
0
LINE
8
boundary
62
5
39
2
10
5.584571
20
4.387797
11
5.558053
21
4.358095
0
LINE
8
boundary
62
5
39
2
10
5.558053
20
4.358095
11
5.543358
21
4.339481
0
LINE
8
boundary
62
5
39
2
10
5.543358
20
4.339481
11
5.528664
21
4.320867
0
LINE
8
boundary
62
5
39
2
10
5.528664
20
4.320867
11
5.501052
21
4.285696
0
LINE
8
boundary
62
5
39
2
10
5.501052
20
4.285696
11
5.478180
21
4.249729
0
LINE
8
boundary
62
5
39
2
10
5.478180
20
4.249729
11
5.467320
21
4.228932
0
LINE
8
boundary
62
5
39
2
10
5.467320
20
4.228932
11
5.452893
21
4.207087
0
LINE
8
boundary
62
5
39
2
10
5.452893
20
4.207087
11
5.455329
21
4.114946
0
LINE
8
boundary
62
5
39
2
10
5.455329
20
4.114946
11
5.455240
21
4.093307
0
LINE
8
boundary
62
5
39
2
10
5.455240
20
4.093307
11
5.472831
21
4.067384
0
LINE
8
boundary
62
5
39
2
10
5.472831
20
4.067384
11
5.513602
21
4.012790
0
LINE
8
boundary
62
5
39
2
10
5.513602
20
4.012790
11
5.537206
21
3.979527
0
LINE
8
boundary
62
5
39
2
10
5.537206
20
3.979527
11
5.558053
21
3.959398
0
LINE
8
boundary
62
5
39
2
10
5.558053
20
3.959398
11
5.588827
21
3.933340
0
LINE
8
boundary
62
5
39
2
10
5.588827
20
3.933340
11
5.636851
21
3.895439
0
LINE
8
boundary
62
5
39
2
10
5.636851
20
3.895439
11
5.666877
21
3.870608
0
LINE
8
boundary
62
5
39
2
10
5.666877
20
3.870608
11
5.703636
21
3.883822
0
LINE
8
boundary
62
5
39
2
10
5.703636
20
3.883822
11
5.746514
21
3.921189
0
LINE
8
boundary
62
5
39
2
10
5.746514
20
3.921189
11
5.785613
21
3.943164
0
LINE
8
boundary
62
5
39
2
10
5.785613
20
3.943164
11
5.814022
21
3.966737
0
LINE
8
boundary
62
5
39
2
10
5.814022
20
3.966737
11
5.844076
21
3.990715
0
LINE
8
boundary
62
5
39
2
10
5.844076
20
3.990715
11
5.884057
21
4.018371
0
LINE
8
boundary
62
5
39
2
10
5.884057
20
4.018371
11
5.937717
21
4.051012
0
LINE
8
boundary
62
5
39
2
10
5.937717
20
4.051012
11
5.978550
21
4.073789
0
LINE
8
boundary
62
5
39
2
10
5.978550
20
4.073789
11
6.009713
21
4.090934
0
LINE
8
boundary
62
5
39
2
10
6.009713
20
4.090934
11
6.045158
21
4.109582
0
LINE
8
boundary
62
5
39
2
10
6.045158
20
4.109582
11
6.092148
21
4.134174
0
LINE
8
boundary
62
5
39
2
10
6.092148
20
4.134174
11
6.126953
21
4.152319
0
LINE
8
boundary
62
5
39
2
10
6.126953
20
4.152319
11
6.168429
21
4.169720
0
LINE
8
boundary
62
5
39
2
10
6.168429
20
4.169720
11
6.207231
21
4.187054
0
LINE
8
boundary
62
5
39
2
10
6.207231
20
4.187054
11
6.240733
21
4.200946
0
LINE
8
boundary
62
5
39
2
10
6.240733
20
4.200946
11
6.337598
21
4.203402
0
LINE
8
boundary
62
5
39
2
10
6.337598
20
4.203402
11
6.354513
21
4.205020
0
LINE
8
annotation
62
1
39
211
10
5.853519
20
4.388896
11
5.876627
21
4.388896
0
LINE
8
annotation
62
1
39
211
10
5.876627
20
4.388896
11
5.876627
21
4.388896
0
LINE
8
annotation
62
1
39
211
10
5.876627
20
4.388896
11
5.880783
21
4.389269
0
LINE
8
annotation
62
1
39
211
10
5.880783
20
4.389269
11
5.884693
21
4.390343
0
LINE
8
annotation
62
1
39
211
10
5.884693
20
4.390343
11
5.888294
21
4.392053
0
LINE
8
annotation
62
1
39
211
10
5.888294
20
4.392053
11
5.891518
21
4.394333
0
LINE
8
annotation
62
1
39
211
10
5.891518
20
4.394333
11
5.894303
21
4.397117
0
LINE
8
annotation
62
1
39
211
10
5.894303
20
4.397117
11
5.896581
21
4.400339
0
LINE
8
annotation
62
1
39
211
10
5.896581
20
4.400339
11
5.898290
21
4.403932
0
LINE
8
annotation
62
1
39
211
10
5.898290
20
4.403932
11
5.899362
21
4.407831
0
LINE
8
annotation
62
1
39
211
10
5.899362
20
4.407831
11
5.899734
21
4.411971
0
LINE
8
annotation
62
1
39
211
10
5.899734
20
4.411971
11
5.899734
21
4.423541
0
LINE
8
annotation
62
1
39
211
10
5.899734
20
4.423541
11
5.899734
21
4.423541
0
LINE
8
annotation
62
1
39
211
10
5.899734
20
4.423541
11
5.899362
21
4.427679
0
LINE
8
annotation
62
1
39
211
10
5.899362
20
4.427679
11
5.898290
21
4.431577
0
LINE
8
annotation
62
1
39
211
10
5.898290
20
4.431577
11
5.896581
21
4.435170
0
LINE
8
annotation
62
1
39
211
10
5.896581
20
4.435170
11
5.894303
21
4.438392
0
LINE
8
annotation
62
1
39
211
10
5.894303
20
4.438392
11
5.891518
21
4.441176
0
LINE
8
annotation
62
1
39
211
10
5.891518
20
4.441176
11
5.888294
21
4.443457
0
LINE
8
annotation
62
1
39
211
10
5.888294
20
4.443457
11
5.884693
21
4.445168
0
LINE
8
annotation
62
1
39
211
10
5.884693
20
4.445168
11
5.880783
21
4.446243
0
LINE
8
annotation
62
1
39
211
10
5.880783
20
4.446243
11
5.876627
21
4.446616
0
LINE
8
annotation
62
1
39
211
10
5.876627
20
4.446616
11
5.865057
21
4.446616
0
LINE
8
annotation
62
1
39
211
10
5.865057
20
4.446616
11
5.876627
21
4.446616
0
LINE
8
annotation
62
1
39
211
10
5.876627
20
4.446616
11
5.876627
21
4.446616
0
LINE
8
annotation
62
1
39
211
10
5.876627
20
4.446616
11
5.880783
21
4.446989
0
LINE
8
annotation
62
1
39
211
10
5.880783
20
4.446989
11
5.884693
21
4.448065
0
LINE
8
annotation
62
1
39
211
10
5.884693
20
4.448065
11
5.888294
21
4.449777
0
LINE
8
annotation
62
1
39
211
10
5.888294
20
4.449777
11
5.891518
21
4.452061
0
LINE
8
annotation
62
1
39
211
10
5.891518
20
4.452061
11
5.894303
21
4.454851
0
LINE
8
annotation
62
1
39
211
10
5.894303
20
4.454851
11
5.896581
21
4.458081
0
LINE
8
annotation
62
1
39
211
10
5.896581
20
4.458081
11
5.898290
21
4.461685
0
LINE
8
annotation
62
1
39
211
10
5.898290
20
4.461685
11
5.899362
21
4.465599
0
LINE
8
annotation
62
1
39
211
10
5.899362
20
4.465599
11
5.899734
21
4.469756
0
LINE
8
annotation
62
1
39
211
10
5.899734
20
4.469756
11
5.899734
21
4.469756
0
LINE
8
annotation
62
1
39
211
10
5.899734
20
4.469756
11
5.899362
21
4.473894
0
LINE
8
annotation
62
1
39
211
10
5.899362
20
4.473894
11
5.898290
21
4.477792
0
LINE
8
annotation
62
1
39
211
10
5.898290
20
4.477792
11
5.896581
21
4.481386
0
LINE
8
annotation
62
1
39
211
10
5.896581
20
4.481386
11
5.894303
21
4.484607
0
LINE
8
annotation
62
1
39
211
10
5.894303
20
4.484607
11
5.891518
21
4.487392
0
LINE
8
annotation
62
1
39
211
10
5.891518
20
4.487392
11
5.888294
21
4.489672
0
LINE
8
annotation
62
1
39
211
10
5.888294
20
4.489672
11
5.884693
21
4.491383
0
LINE
8
annotation
62
1
39
211
10
5.884693
20
4.491383
11
5.880783
21
4.492458
0
LINE
8
annotation
62
1
39
211
10
5.880783
20
4.492458
11
5.876627
21
4.492831
0
LINE
8
annotation
62
1
39
211
10
5.876627
20
4.492831
11
5.853519
21
4.492831
0
LINE
8
annotation
62
1
39
211
10
5.973467
20
4.492952
11
5.973467
21
4.492952
0
LINE
8
annotation
62
1
39
211
10
5.973467
20
4.492952
11
5.966847
21
4.490470
0
LINE
8
annotation
62
1
39
211
10
5.966847
20
4.490470
11
5.960773
21
4.487126
0
LINE
8
annotation
62
1
39
211
10
5.960773
20
4.487126
11
5.955306
21
4.483003
0
LINE
8
annotation
62
1
39
211
10
5.955306
20
4.483003
11
5.950509
21
4.478186
0
LINE
8
annotation
62
1
39
211
10
5.950509
20
4.478186
11
5.946444
21
4.472758
0
LINE
8
annotation
62
1
39
211
10
5.946444
20
4.472758
11
5.943175
21
4.466803
0
LINE
8
annotation
62
1
39
211
10
5.943175
20
4.466803
11
5.940762
21
4.460404
0
LINE
8
annotation
62
1
39
211
10
5.940762
20
4.460404
11
5.939268
21
4.453646
0
LINE
8
annotation
62
1
39
211
10
5.939268
20
4.453646
11
5.938757
21
4.446613
0
LINE
8
annotation
62
1
39
211
10
5.938757
20
4.446613
11
5.938757
21
4.412026
0
LINE
8
annotation
62
1
39
211
10
5.938757
20
4.412026
11
5.938757
21
4.412026
0
LINE
8
annotation
62
1
39
211
10
5.938757
20
4.412026
11
5.939130
21
4.407869
0
LINE
8
annotation
62
1
39
211
10
5.939130
20
4.407869
11
5.940205
21
4.403956
0
LINE
8
annotation
62
1
39
211
10
5.940205
20
4.403956
11
5.941917
21
4.400353
0
LINE
8
annotation
62
1
39
211
10
5.941917
20
4.400353
11
5.944199
21
4.397124
0
LINE
8
annotation
62
1
39
211
10
5.944199
20
4.397124
11
5.946986
21
4.394335
0
LINE
8
annotation
62
1
39
211
10
5.946986
20
4.394335
11
5.950212
21
4.392052
0
LINE
8
annotation
62
1
39
211
10
5.950212
20
4.392052
11
5.953811
21
4.390340
0
LINE
8
annotation
62
1
39
211
10
5.953811
20
4.390340
11
5.957717
21
4.389265
0
LINE
8
annotation
62
1
39
211
10
5.957717
20
4.389265
11
5.961864
21
4.388893
0
LINE
8
annotation
62
1
39
211
10
5.961864
20
4.388893
11
5.961864
21
4.388893
0
LINE
8
annotation
62
1
39
211
10
5.961864
20
4.388893
11
5.966020
21
4.389265
0
LINE
8
annotation
62
1
39
211
10
5.966020
20
4.389265
11
5.969931
21
4.390340
0
LINE
8
annotation
62
1
39
211
10
5.969931
20
4.390340
11
5.973531
21
4.392052
0
LINE
8
annotation
62
1
39
211
10
5.973531
20
4.392052
11
5.976756
21
4.394335
0
LINE
8
annotation
62
1
39
211
10
5.976756
20
4.394335
11
5.979540
21
4.397124
0
LINE
8
annotation
62
1
39
211
10
5.979540
20
4.397124
11
5.981819
21
4.400353
0
LINE
8
annotation
62
1
39
211
10
5.981819
20
4.400353
11
5.983527
21
4.403956
0
LINE
8
annotation
62
1
39
211
10
5.983527
20
4.403956
11
5.984600
21
4.407869
0
LINE
8
annotation
62
1
39
211
10
5.984600
20
4.407869
11
5.984972
21
4.412026
0
LINE
8
annotation
62
1
39
211
10
5.984972
20
4.412026
11
5.984972
21
4.423538
0
LINE
8
annotation
62
1
39
211
10
5.984972
20
4.423538
11
5.984972
21
4.423538
0
LINE
8
annotation
62
1
39
211
10
5.984972
20
4.423538
11
5.984600
21
4.427692
0
LINE
8
annotation
62
1
39
211
10
5.984600
20
4.427692
11
5.983527
21
4.431600
0
LINE
8
annotation
62
1
39
211
10
5.983527
20
4.431600
11
5.981819
21
4.435196
0
LINE
8
annotation
62
1
39
211
10
5.981819
20
4.435196
11
5.979540
21
4.438416
0
LINE
8
annotation
62
1
39
211
10
5.979540
20
4.438416
11
5.976756
21
4.441195
0
LINE
8
annotation
62
1
39
211
10
5.976756
20
4.441195
11
5.973531
21
4.443468
0
LINE
8
annotation
62
1
39
211
10
5.973531
20
4.443468
11
5.969931
21
4.445172
0
LINE
8
annotation
62
1
39
211
10
5.969931
20
4.445172
11
5.966020
21
4.446242
0
LINE
8
annotation
62
1
39
211
10
5.966020
20
4.446242
11
5.961864
21
4.446613
0
LINE
8
annotation
62
1
39
211
10
5.961864
20
4.446613
11
5.938757
21
4.446613
0
LINE
8
annotation
62
1
39
211
10
5.935862
20
4.375885
11
5.987892
21
4.375885
0
LINE
8
annotation
62
1
39
211
10
6.080902
20
4.440922
11
6.024004
21
4.440922
0
LINE
8
annotation
62
1
39
211
10
6.166137
20
4.388892
11
6.119922
21
4.388892
0
LINE
8
annotation
62
1
39
211
10
6.119922
20
4.388892
11
6.162627
21
4.457640
0
LINE
8
annotation
62
1
39
211
10
6.162627
20
4.457640
11
6.162627
21
4.457640
0
LINE
8
annotation
62
1
39
211
10
6.162627
20
4.457640
11
6.162678
21
4.457703
0
LINE
8
annotation
62
1
39
211
10
6.162678
20
4.457703
11
6.162727
21
4.457767
0
LINE
8
annotation
62
1
39
211
10
6.162727
20
4.457767
11
6.162774
21
4.457832
0
LINE
8
annotation
62
1
39
211
10
6.162774
20
4.457832
11
6.162819
21
4.457898
0
LINE
8
annotation
62
1
39
211
10
6.162819
20
4.457898
11
6.162864
21
4.457967
0
LINE
8
annotation
62
1
39
211
10
6.162864
20
4.457967
11
6.162908
21
4.458038
0
LINE
8
annotation
62
1
39
211
10
6.162908
20
4.458038
11
6.162951
21
4.458113
0
LINE
8
annotation
62
1
39
211
10
6.162951
20
4.458113
11
6.162994
21
4.458191
0
LINE
8
annotation
62
1
39
211
10
6.162994
20
4.458191
11
6.163038
21
4.458273
0
LINE
8
annotation
62
1
39
211
10
6.163038
20
4.458273
11
6.163038
21
4.458273
0
LINE
8
annotation
62
1
39
211
10
6.163038
20
4.458273
11
6.164801
21
4.462059
0
LINE
8
annotation
62
1
39
211
10
6.164801
20
4.462059
11
6.165831
21
4.465984
0
LINE
8
annotation
62
1
39
211
10
6.165831
20
4.465984
11
6.166153
21
4.469958
0
LINE
8
annotation
62
1
39
211
10
6.166153
20
4.469958
11
6.165792
21
4.473893
0
LINE
8
annotation
62
1
39
211
10
6.165792
20
4.473893
11
6.164774
21
4.477701
0
LINE
8
annotation
62
1
39
211
10
6.164774
20
4.477701
11
6.163124
21
4.481293
0
LINE
8
annotation
62
1
39
211
10
6.163124
20
4.481293
11
6.160867
21
4.484580
0
LINE
8
annotation
62
1
39
211
10
6.160867
20
4.484580
11
6.158028
21
4.487473
0
LINE
8
annotation
62
1
39
211
10
6.158028
20
4.487473
11
6.154633
21
4.489884
0
LINE
8
annotation
62
1
39
211
10
6.154633
20
4.489884
11
6.154633
21
4.489884
0
LINE
8
annotation
62
1
39
211
10
6.154633
20
4.489884
11
6.150836
21
4.491622
0
LINE
8
annotation
62
1
39
211
10
6.150836
20
4.491622
11
6.146906
21
4.492636
0
LINE
8
annotation
62
1
39
211
10
6.146906
20
4.492636
11
6.142929
21
4.492949
0
LINE
8
annotation
62
1
39
211
10
6.142929
20
4.492949
11
6.138994
21
4.492584
0
LINE
8
annotation
62
1
39
211
10
6.138994
20
4.492584
11
6.135189
21
4.491563
0
LINE
8
annotation
62
1
39
211
10
6.135189
20
4.491563
11
6.131601
21
4.489910
0
LINE
8
annotation
62
1
39
211
10
6.131601
20
4.489910
11
6.128319
21
4.487646
0
LINE
8
annotation
62
1
39
211
10
6.128319
20
4.487646
11
6.125430
21
4.484796
0
LINE
8
annotation
62
1
39
211
10
6.125430
20
4.484796
11
6.123022
21
4.481381
0
LINE
8
annotation
62
1
39
211
10
6.123022
20
4.481381
11
6.119987
21
4.475560
0
LINE
8
boundary
62
5
39
2
10
7.163165
20
4.031977
11
7.209467
21
4.077716
0
LINE
8
boundary
62
5
39
2
10
7.209467
20
4.077716
11
7.237946
21
4.188562
0
LINE
8
boundary
62
5
39
2
10
7.237946
20
4.188562
11
7.233667
21
4.208443
0
LINE
8
boundary
62
5
39
2
10
7.233667
20
4.208443
11
7.240234
21
4.305601
0
LINE
8
boundary
62
5
39
2
10
7.240234
20
4.305601
11
7.234761
21
4.325553
0
LINE
8
boundary
62
5
39
2
10
7.234761
20
4.325553
11
7.222754
21
4.412812
0
LINE
8
boundary
62
5
39
2
10
7.222754
20
4.412812
11
7.194369
21
4.463611
0
LINE
8
boundary
62
5
39
2
10
7.194369
20
4.463611
11
7.170430
21
4.502314
0
LINE
8
boundary
62
5
39
2
10
7.170430
20
4.502314
11
7.156163
21
4.524629
0
LINE
8
boundary
62
5
39
2
10
7.156163
20
4.524629
11
7.132847
21
4.519981
0
LINE
8
boundary
62
5
39
2
10
7.132847
20
4.519981
11
7.103662
21
4.516489
0
LINE
8
boundary
62
5
39
2
10
7.103662
20
4.516489
11
7.071233
21
4.512103
0
LINE
8
boundary
62
5
39
2
10
7.071233
20
4.512103
11
7.042383
21
4.505220
0
LINE
8
boundary
62
5
39
2
10
7.042383
20
4.505220
11
7.014293
21
4.479264
0
LINE
8
boundary
62
5
39
2
10
7.014293
20
4.479264
11
6.984819
21
4.452029
0
LINE
8
boundary
62
5
39
2
10
6.984819
20
4.452029
11
6.956729
21
4.426072
0
LINE
8
boundary
62
5
39
2
10
6.956729
20
4.426072
11
6.928603
21
4.400162
0
LINE
8
boundary
62
5
39
2
10
6.928603
20
4.400162
11
6.885057
21
4.369175
0
LINE
8
boundary
62
5
39
2
10
6.885057
20
4.369175
11
6.858369
21
4.352837
0
LINE
8
boundary
62
5
39
2
10
6.858369
20
4.352837
11
6.835117
21
4.326369
0
LINE
8
boundary
62
5
39
2
10
6.835117
20
4.326369
11
6.820246
21
4.312292
0
LINE
8
boundary
62
5
39
2
10
6.820246
20
4.312292
11
6.797624
21
4.312292
0
LINE
8
boundary
62
5
39
2
10
6.797624
20
4.312292
11
6.732636
21
4.349565
0
LINE
8
boundary
62
5
39
2
10
6.732636
20
4.349565
11
6.701043
21
4.368786
0
LINE
8
boundary
62
5
39
2
10
6.701043
20
4.368786
11
6.695104
21
4.349536
0
LINE
8
boundary
62
5
39
2
10
6.695104
20
4.349536
11
6.683559
21
4.312292
0
LINE
8
boundary
62
5
39
2
10
6.683559
20
4.312292
11
6.666069
21
4.269550
0
LINE
8
boundary
62
5
39
2
10
6.666069
20
4.269550
11
6.649362
21
4.241255
0
LINE
8
boundary
62
5
39
2
10
6.649362
20
4.241255
11
6.628618
21
4.198512
0
LINE
8
boundary
62
5
39
2
10
6.628618
20
4.198512
11
6.617395
21
4.173072
0
LINE
8
boundary
62
5
39
2
10
6.617395
20
4.173072
11
6.587263
21
4.146064
0
LINE
8
boundary
62
5
39
2
10
6.587263
20
4.146064
11
6.578227
21
4.115398
0
LINE
8
boundary
62
5
39
2
10
6.578227
20
4.115398
11
6.569192
21
4.084732
0
LINE
8
boundary
62
5
39
2
10
6.569192
20
4.084732
11
6.562037
21
4.055688
0
LINE
8
boundary
62
5
39
2
10
6.562037
20
4.055688
11
6.548410
21
3.999997
0
LINE
8
boundary
62
5
39
2
10
6.548410
20
3.999997
11
6.541279
21
3.970952
0
LINE
8
boundary
62
5
39
2
10
6.541279
20
3.970952
11
6.558463
21
3.931892
0
LINE
8
boundary
62
5
39
2
10
6.558463
20
3.931892
11
6.574156
21
3.896232
0
LINE
8
boundary
62
5
39
2
10
6.574156
20
3.896232
11
6.587263
21
3.866406
0
LINE
8
boundary
62
5
39
2
10
6.587263
20
3.866406
11
6.623311
21
3.887463
0
LINE
8
boundary
62
5
39
2
10
6.623311
20
3.887463
11
6.666090
21
3.910692
0
LINE
8
boundary
62
5
39
2
10
6.666090
20
3.910692
11
6.701043
21
3.926761
0
LINE
8
boundary
62
5
39
2
10
6.701043
20
3.926761
11
6.715012
21
3.945425
0
LINE
8
boundary
62
5
39
2
10
6.715012
20
3.945425
11
6.734117
21
3.970952
0
LINE
8
boundary
62
5
39
2
10
6.734117
20
3.970952
11
6.739323
21
4.003958
0
LINE
8
boundary
62
5
39
2
10
6.739323
20
4.003958
11
6.753458
21
4.051726
0
LINE
8
boundary
62
5
39
2
10
6.753458
20
4.051726
11
6.758870
21
4.084732
0
LINE
8
boundary
62
5
39
2
10
6.758870
20
4.084732
11
6.772522
21
4.110109
0
LINE
8
boundary
62
5
39
2
10
6.772522
20
4.110109
11
6.789570
21
4.127816
0
LINE
8
boundary
62
5
39
2
10
6.789570
20
4.127816
11
6.814823
21
4.142278
0
LINE
8
boundary
62
5
39
2
10
6.814823
20
4.142278
11
6.835575
21
4.125603
0
LINE
8
boundary
62
5
39
2
10
6.835575
20
4.125603
11
6.873425
21
4.103679
0
LINE
8
boundary
62
5
39
2
10
6.873425
20
4.103679
11
6.895822
21
4.084732
0
LINE
8
boundary
62
5
39
2
10
6.895822
20
4.084732
11
6.928603
21
4.075379
0
LINE
8
boundary
62
5
39
2
10
6.928603
20
4.075379
11
7.031794
21
4.039691
0
LINE
8
boundary
62
5
39
2
10
7.031794
20
4.039691
11
7.052334
21
4.031763
0
LINE
8
boundary
62
5
39
2
10
7.052334
20
4.031763
11
7.146213
21
4.027909
0
LINE
8
boundary
62
5
39
2
10
7.146213
20
4.027909
11
7.163165
21
4.031977
0
LINE
8
annotation
62
1
39
211
10
7.028803
20
4.197638
11
7.030421
21
4.198512
0
LINE
8
annotation
62
1
39
211
10
7.030421
20
4.198512
11
7.037058
21
4.203772
0
LINE
8
annotation
62
1
39
211
10
7.037058
20
4.203772
11
7.042383
21
4.210199
0
LINE
8
annotation
62
1
39
211
10
7.042383
20
4.210199
11
7.086290
21
4.252314
0
LINE
8
annotation
62
1
39
211
10
6.983718
20
4.188876
11
6.939013
21
4.188876
0
LINE
8
annotation
62
1
39
211
10
6.939013
20
4.188876
11
6.980322
21
4.255378
0
LINE
8
annotation
62
1
39
211
10
6.980322
20
4.255378
11
6.980322
21
4.255378
0
LINE
8
annotation
62
1
39
211
10
6.980322
20
4.255378
11
6.980371
21
4.255440
0
LINE
8
annotation
62
1
39
211
10
6.980371
20
4.255440
11
6.980419
21
4.255501
0
LINE
8
annotation
62
1
39
211
10
6.980419
20
4.255501
11
6.980464
21
4.255564
0
LINE
8
annotation
62
1
39
211
10
6.980464
20
4.255564
11
6.980509
21
4.255628
0
LINE
8
annotation
62
1
39
211
10
6.980509
20
4.255628
11
6.980552
21
4.255694
0
LINE
8
annotation
62
1
39
211
10
6.980552
20
4.255694
11
6.980594
21
4.255763
0
LINE
8
annotation
62
1
39
211
10
6.980594
20
4.255763
11
6.980636
21
4.255835
0
LINE
8
annotation
62
1
39
211
10
6.980636
20
4.255835
11
6.980678
21
4.255911
0
LINE
8
annotation
62
1
39
211
10
6.980678
20
4.255911
11
6.980720
21
4.255991
0
LINE
8
annotation
62
1
39
211
10
6.980720
20
4.255991
11
6.980720
21
4.255991
0
LINE
8
annotation
62
1
39
211
10
6.980720
20
4.255991
11
6.982425
21
4.259653
0
LINE
8
annotation
62
1
39
211
10
6.982425
20
4.259653
11
6.983422
21
4.263449
0
LINE
8
annotation
62
1
39
211
10
6.983422
20
4.263449
11
6.983733
21
4.267293
0
LINE
8
annotation
62
1
39
211
10
6.983733
20
4.267293
11
6.983385
21
4.271100
0
LINE
8
annotation
62
1
39
211
10
6.983385
20
4.271100
11
6.982400
21
4.274784
0
LINE
8
annotation
62
1
39
211
10
6.982400
20
4.274784
11
6.980803
21
4.278258
0
LINE
8
annotation
62
1
39
211
10
6.980803
20
4.278258
11
6.978620
21
4.281438
0
LINE
8
annotation
62
1
39
211
10
6.978620
20
4.281438
11
6.975874
21
4.284236
0
LINE
8
annotation
62
1
39
211
10
6.975874
20
4.284236
11
6.972589
21
4.286569
0
LINE
8
annotation
62
1
39
211
10
6.972589
20
4.286569
11
6.972589
21
4.286569
0
LINE
8
annotation
62
1
39
211
10
6.972589
20
4.286569
11
6.968917
21
4.288250
0
LINE
8
annotation
62
1
39
211
10
6.968917
20
4.288250
11
6.965115
21
4.289231
0
LINE
8
annotation
62
1
39
211
10
6.965115
20
4.289231
11
6.961268
21
4.289534
0
LINE
8
annotation
62
1
39
211
10
6.961268
20
4.289534
11
6.957462
21
4.289181
0
LINE
8
annotation
62
1
39
211
10
6.957462
20
4.289181
11
6.953781
21
4.288193
0
LINE
8
annotation
62
1
39
211
10
6.953781
20
4.288193
11
6.950311
21
4.286593
0
LINE
8
annotation
62
1
39
211
10
6.950311
20
4.286593
11
6.947135
21
4.284404
0
LINE
8
annotation
62
1
39
211
10
6.947135
20
4.284404
11
6.944341
21
4.281647
0
LINE
8
annotation
62
1
39
211
10
6.944341
20
4.281647
11
6.942011
21
4.278343
0
LINE
8
annotation
62
1
39
211
10
6.942011
20
4.278343
11
6.939076
21
4.272713
0
LINE
8
annotation
62
1
39
211
10
7.076522
20
4.239207
11
7.021483
21
4.239207
0
LINE
8
annotation
62
1
39
211
10
7.170151
20
4.211255
11
7.114259
21
4.211255
0
LINE
8
annotation
62
1
39
211
10
7.114259
20
4.211255
11
7.136581
21
4.289536
0
LINE
8
annotation
62
1
39
211
10
7.153397
20
4.188877
11
7.153397
21
4.233582
0
LINE
8
boundary
62
5
39
2
10
7.515234
20
3.875781
11
7.515234
21
4.607031
0
LINE
8
boundary
62
5
39
2
10
7.515234
20
4.607031
11
7.374609
21
4.616406
0
LINE
8
boundary
62
5
39
2
10
7.374609
20
4.616406
11
7.365234
21
3.875781
0
LINE
8
boundary
62
5
39
2
10
7.365234
20
3.875781
11
7.505859
21
3.866406
0
LINE
8
boundary
62
5
39
2
10
7.505859
20
3.866406
11
7.515234
21
3.875781
0
LINE
8
annotation
62
1
39
211
10
7.387576
20
4.240523
11
7.392079
21
4.240523
0
LINE
8
annotation
62
1
39
211
10
7.392079
20
4.240523
11
7.392079
21
4.240523
0
LINE
8
annotation
62
1
39
211
10
7.392079
20
4.240523
11
7.392616
21
4.240572
0
LINE
8
annotation
62
1
39
211
10
7.392616
20
4.240572
11
7.393122
21
4.240711
0
LINE
8
annotation
62
1
39
211
10
7.393122
20
4.240711
11
7.393588
21
4.240933
0
LINE
8
annotation
62
1
39
211
10
7.393588
20
4.240933
11
7.394006
21
4.241230
0
LINE
8
annotation
62
1
39
211
10
7.394006
20
4.241230
11
7.394367
21
4.241591
0
LINE
8
annotation
62
1
39
211
10
7.394367
20
4.241591
11
7.394663
21
4.242010
0
LINE
8
annotation
62
1
39
211
10
7.394663
20
4.242010
11
7.394885
21
4.242478
0
LINE
8
annotation
62
1
39
211
10
7.394885
20
4.242478
11
7.395025
21
4.242986
0
LINE
8
annotation
62
1
39
211
10
7.395025
20
4.242986
11
7.395073
21
4.243525
0
LINE
8
annotation
62
1
39
211
10
7.395073
20
4.243525
11
7.395073
21
4.251014
0
LINE
8
annotation
62
1
39
211
10
7.395073
20
4.251014
11
7.395073
21
4.251014
0
LINE
8
annotation
62
1
39
211
10
7.395073
20
4.251014
11
7.395025
21
4.251553
0
LINE
8
annotation
62
1
39
211
10
7.395025
20
4.251553
11
7.394885
21
4.252061
0
LINE
8
annotation
62
1
39
211
10
7.394885
20
4.252061
11
7.394663
21
4.252529
0
LINE
8
annotation
62
1
39
211
10
7.394663
20
4.252529
11
7.394367
21
4.252948
0
LINE
8
annotation
62
1
39
211
10
7.394367
20
4.252948
11
7.394006
21
4.253310
0
LINE
8
annotation
62
1
39
211
10
7.394006
20
4.253310
11
7.393588
21
4.253606
0
LINE
8
annotation
62
1
39
211
10
7.393588
20
4.253606
11
7.393122
21
4.253828
0
LINE
8
annotation
62
1
39
211
10
7.393122
20
4.253828
11
7.392616
21
4.253968
0
LINE
8
annotation
62
1
39
211
10
7.392616
20
4.253968
11
7.392079
21
4.254016
0
LINE
8
annotation
62
1
39
211
10
7.392079
20
4.254016
11
7.387576
21
4.254016
0
LINE
8
annotation
62
1
39
211
10
7.387576
20
4.254016
11
7.387576
21
4.240515
0
LINE
8
annotation
62
1
39
211
10
7.387576
20
4.240515
11
7.387576
21
4.240523
0
LINE
8
annotation
62
1
39
211
10
7.400136
20
4.243517
11
7.400136
21
4.243517
0
LINE
8
annotation
62
1
39
211
10
7.400136
20
4.243517
11
7.400184
21
4.242978
0
LINE
8
annotation
62
1
39
211
10
7.400184
20
4.242978
11
7.400324
21
4.242470
0
LINE
8
annotation
62
1
39
211
10
7.400324
20
4.242470
11
7.400546
21
4.242002
0
LINE
8
annotation
62
1
39
211
10
7.400546
20
4.242002
11
7.400842
21
4.241583
0
LINE
8
annotation
62
1
39
211
10
7.400842
20
4.241583
11
7.401204
21
4.241221
0
LINE
8
annotation
62
1
39
211
10
7.401204
20
4.241221
11
7.401623
21
4.240925
0
LINE
8
annotation
62
1
39
211
10
7.401623
20
4.240925
11
7.402091
21
4.240703
0
LINE
8
annotation
62
1
39
211
10
7.402091
20
4.240703
11
7.402598
21
4.240563
0
LINE
8
annotation
62
1
39
211
10
7.402598
20
4.240563
11
7.403138
21
4.240515
0
LINE
8
annotation
62
1
39
211
10
7.403138
20
4.240515
11
7.403138
21
4.240515
0
LINE
8
annotation
62
1
39
211
10
7.403138
20
4.240515
11
7.403677
21
4.240563
0
LINE
8
annotation
62
1
39
211
10
7.403677
20
4.240563
11
7.404185
21
4.240703
0
LINE
8
annotation
62
1
39
211
10
7.404185
20
4.240703
11
7.404653
21
4.240925
0
LINE
8
annotation
62
1
39
211
10
7.404653
20
4.240925
11
7.405072
21
4.241221
0
LINE
8
annotation
62
1
39
211
10
7.405072
20
4.241221
11
7.405433
21
4.241583
0
LINE
8
annotation
62
1
39
211
10
7.405433
20
4.241583
11
7.405730
21
4.242002
0
LINE
8
annotation
62
1
39
211
10
7.405730
20
4.242002
11
7.405952
21
4.242470
0
LINE
8
annotation
62
1
39
211
10
7.405952
20
4.242470
11
7.406091
21
4.242978
0
LINE
8
annotation
62
1
39
211
10
7.406091
20
4.242978
11
7.406140
21
4.243517
0
LINE
8
annotation
62
1
39
211
10
7.406140
20
4.243517
11
7.406140
21
4.246511
0
LINE
8
annotation
62
1
39
211
10
7.406140
20
4.246511
11
7.406140
21
4.246511
0
LINE
8
annotation
62
1
39
211
10
7.406140
20
4.246511
11
7.406091
21
4.247050
0
LINE
8
annotation
62
1
39
211
10
7.406091
20
4.247050
11
7.405952
21
4.247557
0
LINE
8
annotation
62
1
39
211
10
7.405952
20
4.247557
11
7.405729
21
4.248024
0
LINE
8
annotation
62
1
39
211
10
7.405729
20
4.248024
11
7.405433
21
4.248442
0
LINE
8
annotation
62
1
39
211
10
7.405433
20
4.248442
11
7.405071
21
4.248802
0
LINE
8
annotation
62
1
39
211
10
7.405071
20
4.248802
11
7.404652
21
4.249097
0
LINE
8
annotation
62
1
39
211
10
7.404652
20
4.249097
11
7.404185
21
4.249318
0
LINE
8
annotation
62
1
39
211
10
7.404185
20
4.249318
11
7.403677
21
4.249457
0
LINE
8
annotation
62
1
39
211
10
7.403677
20
4.249457
11
7.403138
21
4.249505
0
LINE
8
annotation
62
1
39
211
10
7.403138
20
4.249505
11
7.403138
21
4.249505
0
LINE
8
annotation
62
1
39
211
10
7.403138
20
4.249505
11
7.402598
21
4.249457
0
LINE
8
annotation
62
1
39
211
10
7.402598
20
4.249457
11
7.402091
21
4.249318
0
LINE
8
annotation
62
1
39
211
10
7.402091
20
4.249318
11
7.401623
21
4.249097
0
LINE
8
annotation
62
1
39
211
10
7.401623
20
4.249097
11
7.401204
21
4.248802
0
LINE
8
annotation
62
1
39
211
10
7.401204
20
4.248802
11
7.400842
21
4.248442
0
LINE
8
annotation
62
1
39
211
10
7.400842
20
4.248442
11
7.400546
21
4.248024
0
LINE
8
annotation
62
1
39
211
10
7.400546
20
4.248024
11
7.400324
21
4.247557
0
LINE
8
annotation
62
1
39
211
10
7.400324
20
4.247557
11
7.400184
21
4.247050
0
LINE
8
annotation
62
1
39
211
10
7.400184
20
4.247050
11
7.400136
21
4.246511
0
LINE
8
annotation
62
1
39
211
10
7.400136
20
4.246511
11
7.400136
21
4.243517
0
LINE
8
annotation
62
1
39
211
10
7.420209
20
4.249505
11
7.417953
21
4.240515
0
LINE
8
annotation
62
1
39
211
10
7.417953
20
4.240515
11
7.415706
21
4.246511
0
LINE
8
annotation
62
1
39
211
10
7.415706
20
4.246511
11
7.413459
21
4.240515
0
LINE
8
annotation
62
1
39
211
10
7.413459
20
4.240515
11
7.411203
21
4.249505
0
LINE
8
annotation
62
1
39
211
10
7.425272
20
4.245018
11
7.431268
21
4.245018
0
LINE
8
annotation
62
1
39
211
10
7.431268
20
4.245018
11
7.431268
21
4.246523
0
LINE
8
annotation
62
1
39
211
10
7.431268
20
4.246523
11
7.431268
21
4.246523
0
LINE
8
annotation
62
1
39
211
10
7.431268
20
4.246523
11
7.431220
21
4.247061
0
LINE
8
annotation
62
1
39
211
10
7.431220
20
4.247061
11
7.431081
21
4.247568
0
LINE
8
annotation
62
1
39
211
10
7.431081
20
4.247568
11
7.430859
21
4.248034
0
LINE
8
annotation
62
1
39
211
10
7.430859
20
4.248034
11
7.430564
21
4.248453
0
LINE
8
annotation
62
1
39
211
10
7.430564
20
4.248453
11
7.430202
21
4.248815
0
LINE
8
annotation
62
1
39
211
10
7.430202
20
4.248815
11
7.429784
21
4.249111
0
LINE
8
annotation
62
1
39
211
10
7.429784
20
4.249111
11
7.429317
21
4.249333
0
LINE
8
annotation
62
1
39
211
10
7.429317
20
4.249333
11
7.428810
21
4.249472
0
LINE
8
annotation
62
1
39
211
10
7.428810
20
4.249472
11
7.428270
21
4.249521
0
LINE
8
annotation
62
1
39
211
10
7.428270
20
4.249521
11
7.428270
21
4.249521
0
LINE
8
annotation
62
1
39
211
10
7.428270
20
4.249521
11
7.427732
21
4.249472
0
LINE
8
annotation
62
1
39
211
10
7.427732
20
4.249472
11
7.427225
21
4.249333
0
LINE
8
annotation
62
1
39
211
10
7.427225
20
4.249333
11
7.426759
21
4.249111
0
LINE
8
annotation
62
1
39
211
10
7.426759
20
4.249111
11
7.426340
21
4.248815
0
LINE
8
annotation
62
1
39
211
10
7.426340
20
4.248815
11
7.425978
21
4.248453
0
LINE
8
annotation
62
1
39
211
10
7.425978
20
4.248453
11
7.425682
21
4.248034
0
LINE
8
annotation
62
1
39
211
10
7.425682
20
4.248034
11
7.425460
21
4.247568
0
LINE
8
annotation
62
1
39
211
10
7.425460
20
4.247568
11
7.425321
21
4.247061
0
LINE
8
annotation
62
1
39
211
10
7.425321
20
4.247061
11
7.425272
21
4.246523
0
LINE
8
annotation
62
1
39
211
10
7.425272
20
4.246523
11
7.425272
21
4.242774
0
LINE
8
annotation
62
1
39
211
10
7.425272
20
4.242774
11
7.425272
21
4.242774
0
LINE
8
annotation
62
1
39
211
10
7.425272
20
4.242774
11
7.425309
21
4.242367
0
LINE
8
annotation
62
1
39
211
10
7.425309
20
4.242367
11
7.425413
21
4.241985
0
LINE
8
annotation
62
1
39
211
10
7.425413
20
4.241985
11
7.425580
21
4.241633
0
LINE
8
annotation
62
1
39
211
10
7.425580
20
4.241633
11
7.425802
21
4.241317
0
LINE
8
annotation
62
1
39
211
10
7.425802
20
4.241317
11
7.426073
21
4.241045
0
LINE
8
annotation
62
1
39
211
10
7.426073
20
4.241045
11
7.426387
21
4.240822
0
LINE
8
annotation
62
1
39
211
10
7.426387
20
4.240822
11
7.426738
21
4.240656
0
LINE
8
annotation
62
1
39
211
10
7.426738
20
4.240656
11
7.427119
21
4.240551
0
LINE
8
annotation
62
1
39
211
10
7.427119
20
4.240551
11
7.427524
21
4.240515
0
LINE
8
annotation
62
1
39
211
10
7.427524
20
4.240515
11
7.431268
21
4.240515
0
LINE
8
annotation
62
1
39
211
10
7.437841
20
4.240513
11
7.437841
21
4.240513
0
LINE
8
annotation
62
1
39
211
10
7.437841
20
4.240513
11
7.437569
21
4.240537
0
LINE
8
annotation
62
1
39
211
10
7.437569
20
4.240537
11
7.437313
21
4.240607
0
LINE
8
annotation
62
1
39
211
10
7.437313
20
4.240607
11
7.437078
21
4.240718
0
LINE
8
annotation
62
1
39
211
10
7.437078
20
4.240718
11
7.436867
21
4.240867
0
LINE
8
annotation
62
1
39
211
10
7.436867
20
4.240867
11
7.436685
21
4.241048
0
LINE
8
annotation
62
1
39
211
10
7.436685
20
4.241048
11
7.436537
21
4.241259
0
LINE
8
annotation
62
1
39
211
10
7.436537
20
4.241259
11
7.436425
21
4.241494
0
LINE
8
annotation
62
1
39
211
10
7.436425
20
4.241494
11
7.436355
21
4.241750
0
LINE
8
annotation
62
1
39
211
10
7.436355
20
4.241750
11
7.436331
21
4.242022
0
LINE
8
annotation
62
1
39
211
10
7.436331
20
4.242022
11
7.436331
21
4.254027
0
LINE
8
annotation
62
1
39
211
10
7.450288
20
4.247266
11
7.442905
21
4.247266
0
LINE
8
annotation
62
1
39
211
10
7.459853
20
4.254016
11
7.459853
21
4.254016
0
LINE
8
annotation
62
1
39
211
10
7.459853
20
4.254016
11
7.458994
21
4.253694
0
LINE
8
annotation
62
1
39
211
10
7.458994
20
4.253694
11
7.458206
21
4.253260
0
LINE
8
annotation
62
1
39
211
10
7.458206
20
4.253260
11
7.457497
21
4.252725
0
LINE
8
annotation
62
1
39
211
10
7.457497
20
4.252725
11
7.456874
21
4.252100
0
LINE
8
annotation
62
1
39
211
10
7.456874
20
4.252100
11
7.456347
21
4.251396
0
LINE
8
annotation
62
1
39
211
10
7.456347
20
4.251396
11
7.455923
21
4.250624
0
LINE
8
annotation
62
1
39
211
10
7.455923
20
4.250624
11
7.455610
21
4.249793
0
LINE
8
annotation
62
1
39
211
10
7.455610
20
4.249793
11
7.455416
21
4.248917
0
LINE
8
annotation
62
1
39
211
10
7.455416
20
4.248917
11
7.455349
21
4.248004
0
LINE
8
annotation
62
1
39
211
10
7.455349
20
4.248004
11
7.455349
21
4.243516
0
LINE
8
annotation
62
1
39
211
10
7.455349
20
4.243516
11
7.455349
21
4.243516
0
LINE
8
annotation
62
1
39
211
10
7.455349
20
4.243516
11
7.455398
21
4.242977
0
LINE
8
annotation
62
1
39
211
10
7.455398
20
4.242977
11
7.455537
21
4.242469
0
LINE
8
annotation
62
1
39
211
10
7.455537
20
4.242469
11
7.455759
21
4.242002
0
LINE
8
annotation
62
1
39
211
10
7.455759
20
4.242002
11
7.456056
21
4.241583
0
LINE
8
annotation
62
1
39
211
10
7.456056
20
4.241583
11
7.456417
21
4.241221
0
LINE
8
annotation
62
1
39
211
10
7.456417
20
4.241221
11
7.456836
21
4.240925
0
LINE
8
annotation
62
1
39
211
10
7.456836
20
4.240925
11
7.457303
21
4.240703
0
LINE
8
annotation
62
1
39
211
10
7.457303
20
4.240703
11
7.457809
21
4.240563
0
LINE
8
annotation
62
1
39
211
10
7.457809
20
4.240563
11
7.458348
21
4.240515
0
LINE
8
annotation
62
1
39
211
10
7.458348
20
4.240515
11
7.458348
21
4.240515
0
LINE
8
annotation
62
1
39
211
10
7.458348
20
4.240515
11
7.458887
21
4.240563
0
LINE
8
annotation
62
1
39
211
10
7.458887
20
4.240563
11
7.459394
21
4.240703
0
LINE
8
annotation
62
1
39
211
10
7.459394
20
4.240703
11
7.459861
21
4.240925
0
LINE
8
annotation
62
1
39
211
10
7.459861
20
4.240925
11
7.460280
21
4.241221
0
LINE
8
annotation
62
1
39
211
10
7.460280
20
4.241221
11
7.460641
21
4.241583
0
LINE
8
annotation
62
1
39
211
10
7.460641
20
4.241583
11
7.460937
21
4.242002
0
LINE
8
annotation
62
1
39
211
10
7.460937
20
4.242002
11
7.461158
21
4.242469
0
LINE
8
annotation
62
1
39
211
10
7.461158
20
4.242469
11
7.461297
21
4.242977
0
LINE
8
annotation
62
1
39
211
10
7.461297
20
4.242977
11
7.461346
21
4.243516
0
LINE
8
annotation
62
1
39
211
10
7.461346
20
4.243516
11
7.461346
21
4.245010
0
LINE
8
annotation
62
1
39
211
10
7.461346
20
4.245010
11
7.461346
21
4.245010
0
LINE
8
annotation
62
1
39
211
10
7.461346
20
4.245010
11
7.461297
21
4.245549
0
LINE
8
annotation
62
1
39
211
10
7.461297
20
4.245549
11
7.461158
21
4.246056
0
LINE
8
annotation
62
1
39
211
10
7.461158
20
4.246056
11
7.460937
21
4.246523
0
LINE
8
annotation
62
1
39
211
10
7.460937
20
4.246523
11
7.460641
21
4.246940
0
LINE
8
annotation
62
1
39
211
10
7.460641
20
4.246940
11
7.460280
21
4.247301
0
LINE
8
annotation
62
1
39
211
10
7.460280
20
4.247301
11
7.459861
21
4.247596
0
LINE
8
annotation
62
1
39
211
10
7.459861
20
4.247596
11
7.459394
21
4.247817
0
LINE
8
annotation
62
1
39
211
10
7.459394
20
4.247817
11
7.458887
21
4.247956
0
LINE
8
annotation
62
1
39
211
10
7.458887
20
4.247956
11
7.458348
21
4.248004
0
LINE
8
annotation
62
1
39
211
10
7.458348
20
4.248004
11
7.455349
21
4.248004
0
LINE
8
annotation
62
1
39
211
10
7.454974
20
4.238827
11
7.461725
21
4.238827
0
LINE
8
annotation
62
1
39
211
10
7.468577
20
4.240693
11
7.468577
21
4.240693
0
LINE
8
annotation
62
1
39
211
10
7.468577
20
4.240693
11
7.468891
21
4.240576
0
LINE
8
annotation
62
1
39
211
10
7.468891
20
4.240576
11
7.469213
21
4.240517
0
LINE
8
annotation
62
1
39
211
10
7.469213
20
4.240517
11
7.469536
21
4.240516
0
LINE
8
annotation
62
1
39
211
10
7.469536
20
4.240516
11
7.469852
21
4.240568
0
LINE
8
annotation
62
1
39
211
10
7.469852
20
4.240568
11
7.470154
21
4.240673
0
LINE
8
annotation
62
1
39
211
10
7.470154
20
4.240673
11
7.470435
21
4.240827
0
LINE
8
annotation
62
1
39
211
10
7.470435
20
4.240827
11
7.470688
21
4.241028
0
LINE
8
annotation
62
1
39
211
10
7.470688
20
4.241028
11
7.470905
21
4.241274
0
LINE
8
annotation
62
1
39
211
10
7.470905
20
4.241274
11
7.471079
21
4.241563
0
LINE
8
annotation
62
1
39
211
10
7.471079
20
4.241563
11
7.471079
21
4.241563
0
LINE
8
annotation
62
1
39
211
10
7.471079
20
4.241563
11
7.471599
21
4.242780
0
LINE
8
annotation
62
1
39
211
10
7.471599
20
4.242780
11
7.471989
21
4.244032
0
LINE
8
annotation
62
1
39
211
10
7.471989
20
4.244032
11
7.472250
21
4.245310
0
LINE
8
annotation
62
1
39
211
10
7.472250
20
4.245310
11
7.472380
21
4.246603
0
LINE
8
annotation
62
1
39
211
10
7.472380
20
4.246603
11
7.472380
21
4.247902
0
LINE
8
annotation
62
1
39
211
10
7.472380
20
4.247902
11
7.472250
21
4.249195
0
LINE
8
annotation
62
1
39
211
10
7.472250
20
4.249195
11
7.471989
21
4.250474
0
LINE
8
annotation
62
1
39
211
10
7.471989
20
4.250474
11
7.471599
21
4.251728
0
LINE
8
annotation
62
1
39
211
10
7.471599
20
4.251728
11
7.471079
21
4.252948
0
LINE
8
annotation
62
1
39
211
10
7.471079
20
4.252948
11
7.471079
21
4.252948
0
LINE
8
annotation
62
1
39
211
10
7.471079
20
4.252948
11
7.471013
21
4.253071
0
LINE
8
annotation
62
1
39
211
10
7.471013
20
4.253071
11
7.470938
21
4.253189
0
LINE
8
annotation
62
1
39
211
10
7.470938
20
4.253189
11
7.470855
21
4.253300
0
LINE
8
annotation
62
1
39
211
10
7.470855
20
4.253300
11
7.470764
21
4.253406
0
LINE
8
annotation
62
1
39
211
10
7.470764
20
4.253406
11
7.470666
21
4.253504
0
LINE
8
annotation
62
1
39
211
10
7.470666
20
4.253504
11
7.470561
21
4.253594
0
LINE
8
annotation
62
1
39
211
10
7.470561
20
4.253594
11
7.470450
21
4.253676
0
LINE
8
annotation
62
1
39
211
10
7.470450
20
4.253676
11
7.470334
21
4.253749
0
LINE
8
annotation
62
1
39
211
10
7.470334
20
4.253749
11
7.470213
21
4.253813
0
LINE
8
annotation
62
1
39
211
10
7.470213
20
4.253813
11
7.470213
21
4.253813
0
LINE
8
annotation
62
1
39
211
10
7.470213
20
4.253813
11
7.469897
21
4.253932
0
LINE
8
annotation
62
1
39
211
10
7.469897
20
4.253932
11
7.469573
21
4.253993
0
LINE
8
annotation
62
1
39
211
10
7.469573
20
4.253993
11
7.469249
21
4.253996
0
LINE
8
annotation
62
1
39
211
10
7.469249
20
4.253996
11
7.468932
21
4.253944
0
LINE
8
annotation
62
1
39
211
10
7.468932
20
4.253944
11
7.468630
21
4.253840
0
LINE
8
annotation
62
1
39
211
10
7.468630
20
4.253840
11
7.468348
21
4.253686
0
LINE
8
annotation
62
1
39
211
10
7.468348
20
4.253686
11
7.468095
21
4.253484
0
LINE
8
annotation
62
1
39
211
10
7.468095
20
4.253484
11
7.467878
21
4.253237
0
LINE
8
annotation
62
1
39
211
10
7.467878
20
4.253237
11
7.467704
21
4.252947
0
LINE
8
annotation
62
1
39
211
10
7.467704
20
4.252947
11
7.467704
21
4.252947
0
LINE
8
annotation
62
1
39
211
10
7.467704
20
4.252947
11
7.467186
21
4.251730
0
LINE
8
annotation
62
1
39
211
10
7.467186
20
4.251730
11
7.466798
21
4.250478
0
LINE
8
annotation
62
1
39
211
10
7.466798
20
4.250478
11
7.466539
21
4.249200
0
LINE
8
annotation
62
1
39
211
10
7.466539
20
4.249200
11
7.466410
21
4.247907
0
LINE
8
annotation
62
1
39
211
10
7.466410
20
4.247907
11
7.466410
21
4.246609
0
LINE
8
annotation
62
1
39
211
10
7.466410
20
4.246609
11
7.466539
21
4.245315
0
LINE
8
annotation
62
1
39
211
10
7.466539
20
4.245315
11
7.466798
21
4.244036
0
LINE
8
annotation
62
1
39
211
10
7.466798
20
4.244036
11
7.467186
21
4.242782
0
LINE
8
annotation
62
1
39
211
10
7.467186
20
4.242782
11
7.467704
21
4.241562
0
LINE
8
annotation
62
1
39
211
10
7.467704
20
4.241562
11
7.467704
21
4.241562
0
LINE
8
annotation
62
1
39
211
10
7.467704
20
4.241562
11
7.467770
21
4.241439
0
LINE
8
annotation
62
1
39
211
10
7.467770
20
4.241439
11
7.467844
21
4.241322
0
LINE
8
annotation
62
1
39
211
10
7.467844
20
4.241322
11
7.467927
21
4.241211
0
LINE
8
annotation
62
1
39
211
10
7.467927
20
4.241211
11
7.468017
21
4.241106
0
LINE
8
annotation
62
1
39
211
10
7.468017
20
4.241106
11
7.468115
21
4.241009
0
LINE
8
annotation
62
1
39
211
10
7.468115
20
4.241009
11
7.468221
21
4.240918
0
LINE
8
annotation
62
1
39
211
10
7.468221
20
4.240918
11
7.468333
21
4.240835
0
LINE
8
annotation
62
1
39
211
10
7.468333
20
4.240835
11
7.468452
21
4.240760
0
LINE
8
annotation
62
1
39
211
10
7.468452
20
4.240760
11
7.468577
21
4.240693
0
LINE
8
annotation
62
1
39
211
10
7.484825
20
4.247266
11
7.477443
21
4.247266
0
LINE
8
annotation
62
1
39
211
10
7.492889
20
4.240515
11
7.492889
21
4.254016
0
LINE
8
annotation
62
1
39
211
10
7.492889
20
4.254016
11
7.489887
21
4.251014
0
LINE
8
hole
62
5
39
2
10
8.799759
20
0.312862
11
8.639759
21
0.312862
0
LINE
8
hole
62
5
39
2
10
8.639759
20
0.312862
11
8.639759
21
0.472862
0
LINE
8
hole
62
5
39
2
10
8.639759
20
0.472862
11
8.799759
21
0.472862
0
LINE
8
hole
62
5
39
2
10
8.799759
20
0.472862
11
8.799759
21
0.312862
0
LINE
8
hole
62
5
39
2
10
9.126390
20
2.099631
11
8.966390
21
2.099631
0
LINE
8
hole
62
5
39
2
10
8.966390
20
2.099631
11
8.966390
21
2.259631
0
LINE
8
hole
62
5
39
2
10
8.966390
20
2.259631
11
9.126390
21
2.259631
0
LINE
8
hole
62
5
39
2
10
9.126390
20
2.259631
11
9.126390
21
2.099631
0
LINE
8
hole
62
5
39
2
10
9.181745
20
2.564334
11
9.021745
21
2.564334
0
LINE
8
hole
62
5
39
2
10
9.021745
20
2.564334
11
9.021745
21
2.724334
0
LINE
8
hole
62
5
39
2
10
9.021745
20
2.724334
11
9.181745
21
2.724334
0
LINE
8
hole
62
5
39
2
10
9.181745
20
2.724334
11
9.181745
21
2.564334
0
LINE
8
boundary
62
5
39
2
10
8.919687
20
0.260097
11
8.944428
21
0.316619
0
LINE
8
boundary
62
5
39
2
10
8.944428
20
0.316619
11
8.971878
21
0.364304
0
LINE
8
boundary
62
5
39
2
10
8.971878
20
0.364304
11
8.959298
21
0.469826
0
LINE
8
boundary
62
5
39
2
10
8.959298
20
0.469826
11
8.948824
21
0.494614
0
LINE
8
boundary
62
5
39
2
10
8.948824
20
0.494614
11
8.881600
21
0.570117
0
LINE
8
boundary
62
5
39
2
10
8.881600
20
0.570117
11
8.858331
21
0.596241
0
LINE
8
boundary
62
5
39
2
10
8.858331
20
0.596241
11
8.841389
21
0.612087
0
LINE
8
boundary
62
5
39
2
10
8.841389
20
0.612087
11
8.823197
21
0.629598
0
LINE
8
boundary
62
5
39
2
10
8.823197
20
0.629598
11
8.749844
21
0.698838
0
LINE
8
boundary
62
5
39
2
10
8.749844
20
0.698838
11
8.734303
21
0.718231
0
LINE
8
boundary
62
5
39
2
10
8.734303
20
0.718231
11
8.721264
21
0.783133
0
LINE
8
boundary
62
5
39
2
10
8.721264
20
0.783133
11
8.714574
21
0.803467
0
LINE
8
boundary
62
5
39
2
10
8.714574
20
0.803467
11
8.707885
21
0.823801
0
LINE
8
boundary
62
5
39
2
10
8.707885
20
0.823801
11
8.700827
21
0.869238
0
LINE
8
boundary
62
5
39
2
10
8.700827
20
0.869238
11
8.699184
21
0.892143
0
LINE
8
boundary
62
5
39
2
10
8.699184
20
0.892143
11
8.693891
21
0.937581
0
LINE
8
boundary
62
5
39
2
10
8.693891
20
0.937581
11
8.689956
21
0.962847
0
LINE
8
boundary
62
5
39
2
10
8.689956
20
0.962847
11
8.686950
21
1.026095
0
LINE
8
boundary
62
5
39
2
10
8.686950
20
1.026095
11
8.684197
21
1.051361
0
LINE
8
boundary
62
5
39
2
10
8.684197
20
1.051361
11
8.674599
21
1.150812
0
LINE
8
boundary
62
5
39
2
10
8.674599
20
1.150812
11
8.670960
21
1.172760
0
LINE
8
boundary
62
5
39
2
10
8.670960
20
1.172760
11
8.660316
21
1.269762
0
LINE
8
boundary
62
5
39
2
10
8.660316
20
1.269762
11
8.640614
21
1.383129
0
LINE
8
boundary
62
5
39
2
10
8.640614
20
1.383129
11
8.619504
21
1.496909
0
LINE
8
boundary
62
5
39
2
10
8.619504
20
1.496909
11
8.680631
21
1.610689
0
LINE
8
boundary
62
5
39
2
10
8.680631
20
1.610689
11
8.712205
21
1.681574
0
LINE
8
boundary
62
5
39
2
10
8.712205
20
1.681574
11
8.730026
21
1.714592
0
LINE
8
boundary
62
5
39
2
10
8.730026
20
1.714592
11
8.740215
21
1.734041
0
LINE
8
boundary
62
5
39
2
10
8.740215
20
1.734041
11
8.737280
21
1.779502
0
LINE
8
boundary
62
5
39
2
10
8.737280
20
1.779502
11
8.736651
21
1.802361
0
LINE
8
boundary
62
5
39
2
10
8.736651
20
1.802361
11
8.732508
21
1.847822
0
LINE
8
boundary
62
5
39
2
10
8.732508
20
1.847822
11
8.750894
21
1.858417
0
LINE
8
boundary
62
5
39
2
10
8.750894
20
1.858417
11
8.822678
21
1.947883
0
LINE
8
boundary
62
5
39
2
10
8.822678
20
1.947883
11
8.844617
21
1.952025
0
LINE
8
boundary
62
5
39
2
10
8.844617
20
1.952025
11
8.939251
21
1.929800
0
LINE
8
boundary
62
5
39
2
10
8.939251
20
1.929800
11
9.053031
21
1.934532
0
LINE
8
boundary
62
5
39
2
10
9.053031
20
1.934532
11
9.073601
21
1.938489
0
LINE
8
boundary
62
5
39
2
10
9.073601
20
1.938489
11
9.128656
21
1.955881
0
LINE
8
boundary
62
5
39
2
10
9.128656
20
1.955881
11
9.160275
21
1.966547
0
LINE
8
boundary
62
5
39
2
10
9.160275
20
1.966547
11
9.193041
21
1.978439
0
LINE
8
boundary
62
5
39
2
10
9.193041
20
1.978439
11
9.273507
21
2.015757
0
LINE
8
boundary
62
5
39
2
10
9.273507
20
2.015757
11
9.296893
21
2.029157
0
LINE
8
boundary
62
5
39
2
10
9.296893
20
2.029157
11
9.343233
21
2.068656
0
LINE
8
boundary
62
5
39
2
10
9.343233
20
2.068656
11
9.356990
21
2.083242
0
LINE
8
boundary
62
5
39
2
10
9.356990
20
2.083242
11
9.397405
21
2.131814
0
LINE
8
boundary
62
5
39
2
10
9.397405
20
2.131814
11
9.429688
21
2.180993
0
LINE
8
boundary
62
5
39
2
10
9.429688
20
2.180993
11
9.468298
21
2.293369
0
LINE
8
boundary
62
5
39
2
10
9.468298
20
2.293369
11
9.480804
21
2.407149
0
LINE
8
boundary
62
5
39
2
10
9.480804
20
2.407149
11
9.471967
21
2.520929
0
LINE
8
boundary
62
5
39
2
10
9.471967
20
2.520929
11
9.452432
21
2.634709
0
LINE
8
boundary
62
5
39
2
10
9.452432
20
2.634709
11
9.407517
21
2.724060
0
LINE
8
boundary
62
5
39
2
10
9.407517
20
2.724060
11
9.389527
21
2.754748
0
LINE
8
boundary
62
5
39
2
10
9.389527
20
2.754748
11
9.357044
21
2.862269
0
LINE
8
boundary
62
5
39
2
10
9.357044
20
2.862269
11
9.355338
21
2.976049
0
LINE
8
boundary
62
5
39
2
10
9.355338
20
2.976049
11
9.314654
21
3.088491
0
LINE
8
boundary
62
5
39
2
10
9.314654
20
3.088491
11
9.301889
21
3.141453
0
LINE
8
boundary
62
5
39
2
10
9.301889
20
3.141453
11
9.296077
21
3.171132
0
LINE
8
boundary
62
5
39
2
10
9.296077
20
3.171132
11
9.290164
21
3.199509
0
LINE
8
boundary
62
5
39
2
10
9.290164
20
3.199509
11
9.290164
21
3.233587
0
LINE
8
boundary
62
5
39
2
10
9.290164
20
3.233587
11
9.297047
21
3.270472
0
LINE
8
boundary
62
5
39
2
10
9.297047
20
3.270472
11
9.307870
21
3.326962
0
LINE
8
boundary
62
5
39
2
10
9.307870
20
3.326962
11
9.311433
21
3.352458
0
LINE
8
boundary
62
5
39
2
10
9.311433
20
3.352458
11
9.321129
21
3.415247
0
LINE
8
boundary
62
5
39
2
10
9.321129
20
3.415247
11
9.324828
21
3.440743
0
LINE
8
boundary
62
5
39
2
10
9.324828
20
3.440743
11
9.338294
21
3.536371
0
LINE
8
boundary
62
5
39
2
10
9.338294
20
3.536371
11
9.344371
21
3.567394
0
LINE
8
boundary
62
5
39
2
10
9.344371
20
3.567394
11
9.372286
21
3.655431
0
LINE
8
boundary
62
5
39
2
10
9.372286
20
3.655431
11
9.378855
21
3.677177
0
LINE
8
boundary
62
5
39
2
10
9.378855
20
3.677177
11
9.394762
21
3.711855
0
LINE
8
boundary
62
5
39
2
10
9.394762
20
3.711855
11
9.412836
21
3.748492
0
LINE
8
boundary
62
5
39
2
10
9.412836
20
3.748492
11
9.428143
21
3.782083
0
LINE
8
boundary
62
5
39
2
10
9.428143
20
3.782083
11
9.426871
21
3.818964
0
LINE
8
boundary
62
5
39
2
10
9.426871
20
3.818964
11
9.428091
21
3.858981
0
LINE
8
boundary
62
5
39
2
10
9.428091
20
3.858981
11
9.425574
21
3.895863
0
LINE
8
boundary
62
5
39
2
10
9.425574
20
3.895863
11
9.414759
21
3.915589
0
LINE
8
boundary
62
5
39
2
10
9.414759
20
3.915589
11
9.403944
21
3.935314
0
LINE
8
boundary
62
5
39
2
10
9.403944
20
3.935314
11
9.382074
21
3.952200
0
LINE
8
boundary
62
5
39
2
10
9.382074
20
3.952200
11
9.312035
21
3.968019
0
LINE
8
boundary
62
5
39
2
10
9.312035
20
3.968019
11
9.290164
21
3.976636
0
LINE
8
boundary
62
5
39
2
10
9.290164
20
3.976636
11
9.270016
21
3.966243
0
LINE
8
boundary
62
5
39
2
10
9.270016
20
3.966243
11
9.196533
21
3.925069
0
LINE
8
boundary
62
5
39
2
10
9.196533
20
3.925069
11
9.176384
21
3.915917
0
LINE
8
boundary
62
5
39
2
10
9.176384
20
3.915917
11
9.156780
21
3.895863
0
LINE
8
boundary
62
5
39
2
10
9.156780
20
3.895863
11
9.101067
21
3.791046
0
LINE
8
boundary
62
5
39
2
10
9.101067
20
3.791046
11
9.092992
21
3.769693
0
LINE
8
boundary
62
5
39
2
10
9.092992
20
3.769693
11
9.071227
21
3.702729
0
LINE
8
boundary
62
5
39
2
10
9.071227
20
3.702729
11
9.062604
21
3.676014
0
LINE
8
boundary
62
5
39
2
10
9.062604
20
3.676014
11
9.052569
21
3.630587
0
LINE
8
boundary
62
5
39
2
10
9.052569
20
3.630587
11
9.043650
21
3.592239
0
LINE
8
boundary
62
5
39
2
10
9.043650
20
3.592239
11
9.035134
21
3.554523
0
LINE
8
boundary
62
5
39
2
10
9.035134
20
3.554523
11
9.032436
21
3.534086
0
LINE
8
boundary
62
5
39
2
10
9.032436
20
3.534086
11
9.021551
21
3.461179
0
LINE
8
boundary
62
5
39
2
10
9.021551
20
3.461179
11
9.018756
21
3.440743
0
LINE
8
boundary
62
5
39
2
10
9.018756
20
3.440743
11
9.003816
21
3.342385
0
LINE
8
boundary
62
5
39
2
10
9.003816
20
3.342385
11
8.998941
21
3.315146
0
LINE
8
boundary
62
5
39
2
10
8.998941
20
3.315146
11
8.976180
21
3.224999
0
LINE
8
boundary
62
5
39
2
10
8.976180
20
3.224999
11
8.955830
21
3.192359
0
LINE
8
boundary
62
5
39
2
10
8.955830
20
3.192359
11
8.884214
21
3.103485
0
LINE
8
boundary
62
5
39
2
10
8.884214
20
3.103485
11
8.841371
21
3.035220
0
LINE
8
boundary
62
5
39
2
10
8.841371
20
3.035220
11
8.825123
21
3.018488
0
LINE
8
boundary
62
5
39
2
10
8.825123
20
3.018488
11
8.793266
21
2.993427
0
LINE
8
boundary
62
5
39
2
10
8.793266
20
2.993427
11
8.774056
21
2.981763
0
LINE
8
boundary
62
5
39
2
10
8.774056
20
2.981763
11
8.730593
21
2.963245
0
LINE
8
boundary
62
5
39
2
10
8.730593
20
2.963245
11
8.666997
21
2.982671
0
LINE
8
boundary
62
5
39
2
10
8.666997
20
2.982671
11
8.613976
21
3.007384
0
LINE
8
boundary
62
5
39
2
10
8.613976
20
3.007384
11
8.503714
21
3.086484
0
LINE
8
boundary
62
5
39
2
10
8.503714
20
3.086484
11
8.486089
21
3.099402
0
LINE
8
boundary
62
5
39
2
10
8.486089
20
3.099402
11
8.387109
21
3.173503
0
LINE
8
boundary
62
5
39
2
10
8.387109
20
3.173503
11
8.339785
21
3.208971
0
LINE
8
boundary
62
5
39
2
10
8.339785
20
3.208971
11
8.270101
21
3.261239
0
LINE
8
boundary
62
5
39
2
10
8.270101
20
3.261239
11
8.189881
21
3.321739
0
LINE
8
boundary
62
5
39
2
10
8.189881
20
3.321739
11
8.156506
21
3.346235
0
LINE
8
boundary
62
5
39
2
10
8.156506
20
3.346235
11
8.048606
21
3.400266
0
LINE
8
boundary
62
5
39
2
10
8.048606
20
3.400266
11
8.027600
21
3.397968
0
LINE
8
boundary
62
5
39
2
10
8.027600
20
3.397968
11
7.935538
21
3.341968
0
LINE
8
boundary
62
5
39
2
10
7.935538
20
3.341968
11
7.919082
21
3.326962
0
LINE
8
boundary
62
5
39
2
10
7.919082
20
3.326962
11
7.929632
21
3.300032
0
LINE
8
boundary
62
5
39
2
10
7.929632
20
3.300032
11
7.969615
21
3.225391
0
LINE
8
boundary
62
5
39
2
10
7.969615
20
3.225391
11
7.978541
21
3.205421
0
LINE
8
boundary
62
5
39
2
10
7.978541
20
3.205421
11
8.032075
21
3.144942
0
LINE
8
boundary
62
5
39
2
10
8.032075
20
3.144942
11
8.083198
21
3.101214
0
LINE
8
boundary
62
5
39
2
10
8.083198
20
3.101214
11
8.145033
21
3.053553
0
LINE
8
boundary
62
5
39
2
10
8.145033
20
3.053553
11
8.230183
21
2.989559
0
LINE
8
boundary
62
5
39
2
10
8.230183
20
2.989559
11
8.261828
21
2.965868
0
LINE
8
boundary
62
5
39
2
10
8.261828
20
2.965868
11
8.369960
21
2.884872
0
LINE
8
boundary
62
5
39
2
10
8.369960
20
2.884872
11
8.387101
21
2.871842
0
LINE
8
boundary
62
5
39
2
10
8.387101
20
2.871842
11
8.481288
21
2.787549
0
LINE
8
boundary
62
5
39
2
10
8.481288
20
2.787549
11
8.507524
21
2.758974
0
LINE
8
boundary
62
5
39
2
10
8.507524
20
2.758974
11
8.494635
21
2.712477
0
LINE
8
boundary
62
5
39
2
10
8.494635
20
2.712477
11
8.476682
21
2.653294
0
LINE
8
boundary
62
5
39
2
10
8.476682
20
2.653294
11
8.465364
21
2.540077
0
LINE
8
boundary
62
5
39
2
10
8.465364
20
2.540077
11
8.444453
21
2.426295
0
LINE
8
boundary
62
5
39
2
10
8.444453
20
2.426295
11
8.386685
21
2.391856
0
LINE
8
boundary
62
5
39
2
10
8.386685
20
2.391856
11
8.275716
21
2.370131
0
LINE
8
boundary
62
5
39
2
10
8.275716
20
2.370131
11
8.158928
21
2.350313
0
LINE
8
boundary
62
5
39
2
10
8.158928
20
2.350313
11
8.050844
21
2.330864
0
LINE
8
boundary
62
5
39
2
10
8.050844
20
2.330864
11
8.014074
21
2.324436
0
LINE
8
boundary
62
5
39
2
10
8.014074
20
2.324436
11
7.949312
21
2.313415
0
LINE
8
boundary
62
5
39
2
10
7.949312
20
2.313415
11
7.924803
21
2.309205
0
LINE
8
boundary
62
5
39
2
10
7.924803
20
2.309205
11
7.902076
21
2.306074
0
LINE
8
boundary
62
5
39
2
10
7.902076
20
2.306074
11
7.879348
21
2.302942
0
LINE
8
boundary
62
5
39
2
10
7.879348
20
2.302942
11
7.850383
21
2.298860
0
LINE
8
boundary
62
5
39
2
10
7.850383
20
2.298860
11
7.821096
21
2.293851
0
LINE
8
boundary
62
5
39
2
10
7.821096
20
2.293851
11
7.721710
21
2.195996
0
LINE
8
boundary
62
5
39
2
10
7.721710
20
2.195996
11
7.790571
21
2.084954
0
LINE
8
boundary
62
5
39
2
10
7.790571
20
2.084954
11
7.807930
21
2.062307
0
LINE
8
boundary
62
5
39
2
10
7.807930
20
2.062307
11
7.915231
21
2.049582
0
LINE
8
boundary
62
5
39
2
10
7.915231
20
2.049582
11
8.029011
21
2.065331
0
LINE
8
boundary
62
5
39
2
10
8.029011
20
2.065331
11
8.063908
21
2.071965
0
LINE
8
boundary
62
5
39
2
10
8.063908
20
2.071965
11
8.103195
21
2.079854
0
LINE
8
boundary
62
5
39
2
10
8.103195
20
2.079854
11
8.130087
21
2.085253
0
LINE
8
boundary
62
5
39
2
10
8.130087
20
2.085253
11
8.152363
21
2.089726
0
LINE
8
boundary
62
5
39
2
10
8.152363
20
2.089726
11
8.249309
21
2.109194
0
LINE
8
boundary
62
5
39
2
10
8.249309
20
2.109194
11
8.274834
21
2.114276
0
LINE
8
boundary
62
5
39
2
10
8.274834
20
2.114276
11
8.371417
21
2.133585
0
LINE
8
boundary
62
5
39
2
10
8.371417
20
2.133585
11
8.484131
21
2.156762
0
LINE
8
boundary
62
5
39
2
10
8.484131
20
2.156762
11
8.597911
21
2.118285
0
LINE
8
boundary
62
5
39
2
10
8.597911
20
2.118285
11
8.645740
21
2.077281
0
LINE
8
boundary
62
5
39
2
10
8.645740
20
2.077281
11
8.715452
21
1.998150
0
LINE
8
boundary
62
5
39
2
10
8.715452
20
1.998150
11
8.733037
21
1.987911
0
LINE
8
boundary
62
5
39
2
10
8.733037
20
1.987911
11
8.804748
21
1.965312
0
LINE
8
boundary
62
5
39
2
10
8.804748
20
1.965312
11
8.733037
21
1.910565
0
LINE
8
boundary
62
5
39
2
10
8.733037
20
1.910565
11
8.715443
21
1.898928
0
LINE
8
boundary
62
5
39
2
10
8.715443
20
1.898928
11
8.621241
21
1.916039
0
LINE
8
boundary
62
5
39
2
10
8.621241
20
1.916039
11
8.588639
21
1.893744
0
LINE
8
boundary
62
5
39
2
10
8.588639
20
1.893744
11
8.532540
21
1.859368
0
LINE
8
boundary
62
5
39
2
10
8.532540
20
1.859368
11
8.513696
21
1.847822
0
LINE
8
boundary
62
5
39
2
10
8.513696
20
1.847822
11
8.493704
21
1.840591
0
LINE
8
boundary
62
5
39
2
10
8.493704
20
1.840591
11
8.389135
21
1.766254
0
LINE
8
boundary
62
5
39
2
10
8.389135
20
1.766254
11
8.360936
21
1.739003
0
LINE
8
boundary
62
5
39
2
10
8.360936
20
1.739003
11
8.310398
21
1.630382
0
LINE
8
boundary
62
5
39
2
10
8.310398
20
1.630382
11
8.304790
21
1.610689
0
LINE
8
boundary
62
5
39
2
10
8.304790
20
1.610689
11
8.325075
21
1.516054
0
LINE
8
boundary
62
5
39
2
10
8.325075
20
1.516054
11
8.342758
21
1.402274
0
LINE
8
boundary
62
5
39
2
10
8.342758
20
1.402274
11
8.366491
21
1.288494
0
LINE
8
boundary
62
5
39
2
10
8.366491
20
1.288494
11
8.377111
21
1.238803
0
LINE
8
boundary
62
5
39
2
10
8.377111
20
1.238803
11
8.384697
21
1.207908
0
LINE
8
boundary
62
5
39
2
10
8.384697
20
1.207908
11
8.392055
21
1.181968
0
LINE
8
boundary
62
5
39
2
10
8.392055
20
1.181968
11
8.400878
21
1.149827
0
LINE
8
boundary
62
5
39
2
10
8.400878
20
1.149827
11
8.424702
21
1.066676
0
LINE
8
boundary
62
5
39
2
10
8.424702
20
1.066676
11
8.430746
21
1.043549
0
LINE
8
boundary
62
5
39
2
10
8.430746
20
1.043549
11
8.457135
21
0.946457
0
LINE
8
boundary
62
5
39
2
10
8.457135
20
0.946457
11
8.462517
21
0.923735
0
LINE
8
boundary
62
5
39
2
10
8.462517
20
0.923735
11
8.485155
21
0.840153
0
LINE
8
boundary
62
5
39
2
10
8.485155
20
0.840153
11
8.490166
21
0.817745
0
LINE
8
boundary
62
5
39
2
10
8.490166
20
0.817745
11
8.508045
21
0.771901
0
LINE
8
boundary
62
5
39
2
10
8.508045
20
0.771901
11
8.536468
21
0.710021
0
LINE
8
boundary
62
5
39
2
10
8.536468
20
0.710021
11
8.551682
21
0.615256
0
LINE
8
boundary
62
5
39
2
10
8.551682
20
0.615256
11
8.556536
21
0.584618
0
LINE
8
boundary
62
5
39
2
10
8.556536
20
0.584618
11
8.542100
21
0.494083
0
LINE
8
boundary
62
5
39
2
10
8.542100
20
0.494083
11
8.548505
21
0.378214
0
LINE
8
boundary
62
5
39
2
10
8.548505
20
0.378214
11
8.554925
21
0.359108
0
LINE
8
boundary
62
5
39
2
10
8.554925
20
0.359108
11
8.588580
21
0.264473
0
LINE
8
boundary
62
5
39
2
10
8.588580
20
0.264473
11
8.606086
21
0.235861
0
LINE
8
boundary
62
5
39
2
10
8.606086
20
0.235861
11
8.685957
21
0.150403
0
LINE
8
boundary
62
5
39
2
10
8.685957
20
0.150403
11
8.707381
21
0.131762
0
LINE
8
boundary
62
5
39
2
10
8.707381
20
0.131762
11
8.721264
21
0.117104
0
LINE
8
boundary
62
5
39
2
10
8.721264
20
0.117104
11
8.748253
21
0.112362
0
LINE
8
boundary
62
5
39
2
10
8.748253
20
0.112362
11
8.808055
21
0.097738
0
LINE
8
boundary
62
5
39
2
10
8.808055
20
0.097738
11
8.835044
21
0.092500
0
LINE
8
boundary
62
5
39
2
10
8.835044
20
0.092500
11
8.867691
21
0.128542
0
LINE
8
boundary
62
5
39
2
10
8.867691
20
0.128542
11
8.887034
21
0.151827
0
LINE
8
boundary
62
5
39
2
10
8.887034
20
0.151827
11
8.910638
21
0.245741
0
LINE
8
boundary
62
5
39
2
10
8.910638
20
0.245741
11
8.919687
21
0.260097
0
LINE
8
annotation
62
1
39
211
10
8.841601
20
0.439815
11
8.836661
21
0.446721
0
LINE
8
annotation
62
1
39
211
10
8.808990
20
0.456380
11
8.805491
21
0.457488
0
LINE
8
annotation
62
1
39
211
10
8.772955
20
0.466572
11
8.724736
21
0.479786
0
LINE
8
annotation
62
1
39
211
10
8.724736
20
0.479786
11
8.721264
21
0.480715
0
LINE
8
annotation
62
1
39
211
10
8.721264
20
0.480715
11
8.717131
21
0.477094
0
LINE
8
annotation
62
1
39
211
10
8.717131
20
0.477094
11
8.694362
21
0.460151
0
LINE
8
annotation
62
1
39
211
10
7.854851
20
2.119005
11
7.855273
21
2.118986
0
LINE
8
annotation
62
1
39
211
10
8.462477
20
1.603998
11
8.468003
21
1.599543
0
LINE
8
annotation
62
1
39
211
10
8.468003
20
1.599543
11
8.486298
21
1.584797
0
LINE
8
annotation
62
1
39
211
10
8.685949
20
2.510906
11
8.623841
21
2.510906
0
LINE
8
annotation
62
1
39
211
10
8.623841
20
2.510906
11
8.681231
21
2.603296
0
LINE
8
annotation
62
1
39
211
10
8.681231
20
2.603296
11
8.681231
21
2.603296
0
LINE
8
annotation
62
1
39
211
10
8.681231
20
2.603296
11
8.681299
21
2.603381
0
LINE
8
annotation
62
1
39
211
10
8.681299
20
2.603381
11
8.681365
21
2.603467
0
LINE
8
annotation
62
1
39
211
10
8.681365
20
2.603467
11
8.681429
21
2.603554
0
LINE
8
annotation
62
1
39
211
10
8.681429
20
2.603554
11
8.681490
21
2.603643
0
LINE
8
annotation
62
1
39
211
10
8.681490
20
2.603643
11
8.681550
21
2.603735
0
LINE
8
annotation
62
1
39
211
10
8.681550
20
2.603735
11
8.681609
21
2.603831
0
LINE
8
annotation
62
1
39
211
10
8.681609
20
2.603831
11
8.681667
21
2.603931
0
LINE
8
annotation
62
1
39
211
10
8.681667
20
2.603931
11
8.681725
21
2.604036
0
LINE
8
annotation
62
1
39
211
10
8.681725
20
2.604036
11
8.681783
21
2.604147
0
LINE
8
annotation
62
1
39
211
10
8.681783
20
2.604147
11
8.681783
21
2.604147
0
LINE
8
annotation
62
1
39
211
10
8.681783
20
2.604147
11
8.684153
21
2.609234
0
LINE
8
annotation
62
1
39
211
10
8.684153
20
2.609234
11
8.685537
21
2.614508
0
LINE
8
annotation
62
1
39
211
10
8.685537
20
2.614508
11
8.685970
21
2.619849
0
LINE
8
annotation
62
1
39
211
10
8.685970
20
2.619849
11
8.685485
21
2.625138
0
LINE
8
annotation
62
1
39
211
10
8.685485
20
2.625138
11
8.684117
21
2.630255
0
LINE
8
annotation
62
1
39
211
10
8.684117
20
2.630255
11
8.681900
21
2.635082
0
LINE
8
annotation
62
1
39
211
10
8.681900
20
2.635082
11
8.678866
21
2.639499
0
LINE
8
annotation
62
1
39
211
10
8.678866
20
2.639499
11
8.675051
21
2.643387
0
LINE
8
annotation
62
1
39
211
10
8.675051
20
2.643387
11
8.670488
21
2.646627
0
LINE
8
annotation
62
1
39
211
10
8.670488
20
2.646627
11
8.670488
21
2.646627
0
LINE
8
annotation
62
1
39
211
10
8.670488
20
2.646627
11
8.665386
21
2.648963
0
LINE
8
annotation
62
1
39
211
10
8.665386
20
2.648963
11
8.660104
21
2.650326
0
LINE
8
annotation
62
1
39
211
10
8.660104
20
2.650326
11
8.654760
21
2.650747
0
LINE
8
annotation
62
1
39
211
10
8.654760
20
2.650747
11
8.649472
21
2.650256
0
LINE
8
annotation
62
1
39
211
10
8.649472
20
2.650256
11
8.644358
21
2.648884
0
LINE
8
annotation
62
1
39
211
10
8.644358
20
2.648884
11
8.639537
21
2.646662
0
LINE
8
annotation
62
1
39
211
10
8.639537
20
2.646662
11
8.635126
21
2.643620
0
LINE
8
annotation
62
1
39
211
10
8.635126
20
2.643620
11
8.631243
21
2.639789
0
LINE
8
annotation
62
1
39
211
10
8.631243
20
2.639789
11
8.628007
21
2.635200
0
LINE
8
annotation
62
1
39
211
10
8.628007
20
2.635200
11
8.623929
21
2.627378
0
LINE
8
annotation
62
1
39
211
10
8.816048
20
2.541996
11
8.738401
21
2.541996
0
LINE
8
annotation
62
1
39
211
10
8.738401
20
2.541996
11
8.769411
21
2.650750
0
LINE
8
annotation
62
1
39
211
10
8.792773
20
2.510908
11
8.792773
21
2.573015
0
LINE
8
boundary
62
5
39
2
10
8.531130
20
4.241401
11
8.592329
21
4.266536
0
LINE
8
boundary
62
5
39
2
10
8.592329
20
4.266536
11
8.603251
21
4.285011
0
LINE
8
boundary
62
5
39
2
10
8.603251
20
4.285011
11
8.614174
21
4.303486
0
LINE
8
boundary
62
5
39
2
10
8.614174
20
4.303486
11
8.623133
21
4.347605
0
LINE
8
boundary
62
5
39
2
10
8.623133
20
4.347605
11
8.631925
21
4.417266
0
LINE
8
boundary
62
5
39
2
10
8.631925
20
4.417266
11
8.615810
21
4.460662
0
LINE
8
boundary
62
5
39
2
10
8.615810
20
4.460662
11
8.592329
21
4.498489
0
LINE
8
boundary
62
5
39
2
10
8.592329
20
4.498489
11
8.549247
21
4.512962
0
LINE
8
boundary
62
5
39
2
10
8.549247
20
4.512962
11
8.508103
21
4.531046
0
LINE
8
boundary
62
5
39
2
10
8.508103
20
4.531046
11
8.478549
21
4.547583
0
LINE
8
boundary
62
5
39
2
10
8.478549
20
4.547583
11
8.454753
21
4.543627
0
LINE
8
boundary
62
5
39
2
10
8.454753
20
4.543627
11
8.373370
21
4.531046
0
LINE
8
boundary
62
5
39
2
10
8.373370
20
4.531046
11
8.281767
21
4.513771
0
LINE
8
boundary
62
5
39
2
10
8.281767
20
4.513771
11
8.250989
21
4.507851
0
LINE
8
boundary
62
5
39
2
10
8.250989
20
4.507851
11
8.210107
21
4.500153
0
LINE
8
boundary
62
5
39
2
10
8.210107
20
4.500153
11
8.184350
21
4.495423
0
LINE
8
boundary
62
5
39
2
10
8.184350
20
4.495423
11
8.137209
21
4.486484
0
LINE
8
boundary
62
5
39
2
10
8.137209
20
4.486484
11
8.072840
21
4.474226
0
LINE
8
boundary
62
5
39
2
10
8.072840
20
4.474226
11
8.023429
21
4.464772
0
LINE
8
boundary
62
5
39
2
10
8.023429
20
4.464772
11
7.978686
21
4.455374
0
LINE
8
boundary
62
5
39
2
10
7.978686
20
4.455374
11
7.947391
21
4.449412
0
LINE
8
boundary
62
5
39
2
10
7.947391
20
4.449412
11
7.909649
21
4.441637
0
LINE
8
boundary
62
5
39
2
10
7.909649
20
4.441637
11
7.881156
21
4.434364
0
LINE
8
boundary
62
5
39
2
10
7.881156
20
4.434364
11
7.805138
21
4.417266
0
LINE
8
boundary
62
5
39
2
10
7.805138
20
4.417266
11
7.759531
21
4.361465
0
LINE
8
boundary
62
5
39
2
10
7.759531
20
4.361465
11
7.723829
21
4.303486
0
LINE
8
boundary
62
5
39
2
10
7.723829
20
4.303486
11
7.715263
21
4.242876
0
LINE
8
boundary
62
5
39
2
10
7.715263
20
4.242876
11
7.716456
21
4.189706
0
LINE
8
boundary
62
5
39
2
10
7.716456
20
4.189706
11
7.746050
21
4.149999
0
LINE
8
boundary
62
5
39
2
10
7.746050
20
4.149999
11
7.795869
21
4.101690
0
LINE
8
boundary
62
5
39
2
10
7.795869
20
4.101690
11
7.829268
21
4.102258
0
LINE
8
boundary
62
5
39
2
10
7.829268
20
4.102258
11
7.877039
21
4.101636
0
LINE
8
boundary
62
5
39
2
10
7.877039
20
4.101636
11
7.909649
21
4.102175
0
LINE
8
boundary
62
5
39
2
10
7.909649
20
4.102175
11
7.942243
21
4.105423
0
LINE
8
boundary
62
5
39
2
10
7.942243
20
4.105423
11
7.990086
21
4.106100
0
LINE
8
boundary
62
5
39
2
10
7.990086
20
4.106100
11
8.023429
21
4.109468
0
LINE
8
boundary
62
5
39
2
10
8.023429
20
4.109468
11
8.047842
21
4.112371
0
LINE
8
boundary
62
5
39
2
10
8.047842
20
4.112371
11
8.101496
21
4.111718
0
LINE
8
boundary
62
5
39
2
10
8.101496
20
4.111718
11
8.137209
21
4.119504
0
LINE
8
boundary
62
5
39
2
10
8.137209
20
4.119504
11
8.189229
21
4.127945
0
LINE
8
boundary
62
5
39
2
10
8.189229
20
4.127945
11
8.250989
21
4.140725
0
LINE
8
boundary
62
5
39
2
10
8.250989
20
4.140725
11
8.290549
21
4.150146
0
LINE
8
boundary
62
5
39
2
10
8.290549
20
4.150146
11
8.345927
21
4.189706
0
LINE
8
boundary
62
5
39
2
10
8.345927
20
4.189706
11
8.372964
21
4.195376
0
LINE
8
boundary
62
5
39
2
10
8.372964
20
4.195376
11
8.443753
21
4.213782
0
LINE
8
boundary
62
5
39
2
10
8.443753
20
4.213782
11
8.478549
21
4.222057
0
LINE
8
boundary
62
5
39
2
10
8.478549
20
4.222057
11
8.531130
21
4.241401
0
LINE
8
annotation
62
1
39
211
10
8.483836
20
4.377170
11
8.484483
21
4.377578
0
LINE
8
annotation
62
1
39
211
10
7.851556
20
4.257172
11
7.851669
21
4.257173
0
LINE
8
annotation
62
1
39
211
10
7.870287
20
4.257283
11
7.877581
21
4.257326
0
LINE
8
annotation
62
1
39
211
10
7.877581
20
4.257326
11
7.909649
21
4.258236
0
LINE
8
annotation
62
1
39
211
10
7.909649
20
4.258236
11
7.950222
21
4.265769
0
LINE
8
annotation
62
1
39
211
10
7.950222
20
4.265769
11
7.991447
21
4.273387
0
LINE
8
annotation
62
1
39
211
10
7.991447
20
4.273387
11
7.995393
21
4.274121
0
LINE
8
annotation
62
1
39
211
10
7.995393
20
4.274121
11
8.023429
21
4.279333
0
LINE
8
annotation
62
1
39
211
10
8.023429
20
4.279333
11
8.038586
21
4.282299
0
LINE
8
annotation
62
1
39
211
10
8.038586
20
4.282299
11
8.134880
21
4.301299
0
LINE
8
annotation
62
1
39
211
10
8.134880
20
4.301299
11
8.137209
21
4.301755
0
LINE
8
annotation
62
1
39
211
10
8.137209
20
4.301755
11
8.139124
21
4.302126
0
LINE
8
annotation
62
1
39
211
10
8.139124
20
4.302126
11
8.146205
21
4.303486
0
LINE
8
annotation
62
1
39
211
10
8.146205
20
4.303486
11
8.210675
21
4.316567
0
LINE
8
annotation
62
1
39
211
10
8.210675
20
4.316567
11
8.250989
21
4.324758
0
LINE
8
annotation
62
1
39
211
10
8.250989
20
4.324758
11
8.302447
21
4.335614
0
LINE
8
annotation
62
1
39
211
10
8.302447
20
4.335614
11
8.313311
21
4.337966
0
LINE
8
annotation
62
1
39
211
10
8.313311
20
4.337966
11
8.364768
21
4.348914
0
LINE
8
annotation
62
1
39
211
10
8.364768
20
4.348914
11
8.382819
21
4.352926
0
LINE
8
annotation
62
1
39
211
10
7.923534
20
4.232132
11
7.923534
21
4.331141
0
LINE
8
annotation
62
1
39
211
10
7.923534
20
4.331141
11
7.901523
21
4.309124
0
LINE
8
annotation
62
1
39
211
10
7.976563
20
4.233438
11
7.976563
21
4.233438
0
LINE
8
annotation
62
1
39
211
10
7.976563
20
4.233438
11
7.978864
21
4.232578
0
LINE
8
annotation
62
1
39
211
10
7.978864
20
4.232578
11
7.981224
21
4.232150
0
LINE
8
annotation
62
1
39
211
10
7.981224
20
4.232150
11
7.983590
21
4.232138
0
LINE
8
annotation
62
1
39
211
10
7.983590
20
4.232138
11
7.985907
21
4.232524
0
LINE
8
annotation
62
1
39
211
10
7.985907
20
4.232524
11
7.988124
21
4.233291
0
LINE
8
annotation
62
1
39
211
10
7.988124
20
4.233291
11
7.990186
21
4.234421
0
LINE
8
annotation
62
1
39
211
10
7.990186
20
4.234421
11
7.992040
21
4.235896
0
LINE
8
annotation
62
1
39
211
10
7.992040
20
4.235896
11
7.993633
21
4.237700
0
LINE
8
annotation
62
1
39
211
10
7.993633
20
4.237700
11
7.994911
21
4.239814
0
LINE
8
annotation
62
1
39
211
10
7.994911
20
4.239814
11
7.994911
21
4.239814
0
LINE
8
annotation
62
1
39
211
10
7.994911
20
4.239814
11
7.998725
21
4.248741
0
LINE
8
annotation
62
1
39
211
10
7.998725
20
4.248741
11
8.001585
21
4.257927
0
LINE
8
annotation
62
1
39
211
10
8.001585
20
4.257927
11
8.003492
21
4.267297
0
LINE
8
annotation
62
1
39
211
10
8.003492
20
4.267297
11
8.004445
21
4.276780
0
LINE
8
annotation
62
1
39
211
10
8.004445
20
4.276780
11
8.004445
21
4.286301
0
LINE
8
annotation
62
1
39
211
10
8.004445
20
4.286301
11
8.003492
21
4.295787
0
LINE
8
annotation
62
1
39
211
10
8.003492
20
4.295787
11
8.001585
21
4.305166
0
LINE
8
annotation
62
1
39
211
10
8.001585
20
4.305166
11
7.998725
21
4.314364
0
LINE
8
annotation
62
1
39
211
10
7.998725
20
4.314364
11
7.994911
21
4.323307
0
LINE
8
annotation
62
1
39
211
10
7.994911
20
4.323307
11
7.994911
21
4.323307
0
LINE
8
annotation
62
1
39
211
10
7.994911
20
4.323307
11
7.994426
21
4.324210
0
LINE
8
annotation
62
1
39
211
10
7.994426
20
4.324210
11
7.993876
21
4.325073
0
LINE
8
annotation
62
1
39
211
10
7.993876
20
4.325073
11
7.993265
21
4.325892
0
LINE
8
annotation
62
1
39
211
10
7.993265
20
4.325892
11
7.992598
21
4.326663
0
LINE
8
annotation
62
1
39
211
10
7.992598
20
4.326663
11
7.991879
21
4.327381
0
LINE
8
annotation
62
1
39
211
10
7.991879
20
4.327381
11
7.991111
21
4.328043
0
LINE
8
annotation
62
1
39
211
10
7.991111
20
4.328043
11
7.990299
21
4.328644
0
LINE
8
annotation
62
1
39
211
10
7.990299
20
4.328644
11
7.989447
21
4.329180
0
LINE
8
annotation
62
1
39
211
10
7.989447
20
4.329180
11
7.988559
21
4.329647
0
LINE
8
annotation
62
1
39
211
10
7.988559
20
4.329647
11
7.988559
21
4.329647
0
LINE
8
annotation
62
1
39
211
10
7.988559
20
4.329647
11
7.986240
21
4.330526
0
LINE
8
annotation
62
1
39
211
10
7.986240
20
4.330526
11
7.983866
21
4.330968
0
LINE
8
annotation
62
1
39
211
10
7.983866
20
4.330968
11
7.981490
21
4.330990
0
LINE
8
annotation
62
1
39
211
10
7.981490
20
4.330990
11
7.979166
21
4.330611
0
LINE
8
annotation
62
1
39
211
10
7.979166
20
4.330611
11
7.976945
21
4.329848
0
LINE
8
annotation
62
1
39
211
10
7.976945
20
4.329848
11
7.974881
21
4.328717
0
LINE
8
annotation
62
1
39
211
10
7.974881
20
4.328717
11
7.973026
21
4.327238
0
LINE
8
annotation
62
1
39
211
10
7.973026
20
4.327238
11
7.971433
21
4.325427
0
LINE
8
annotation
62
1
39
211
10
7.971433
20
4.325427
11
7.970155
21
4.323301
0
LINE
8
annotation
62
1
39
211
10
7.970155
20
4.323301
11
7.970155
21
4.323301
0
LINE
8
annotation
62
1
39
211
10
7.970155
20
4.323301
11
7.966360
21
4.314376
0
LINE
8
annotation
62
1
39
211
10
7.966360
20
4.314376
11
7.963514
21
4.305192
0
LINE
8
annotation
62
1
39
211
10
7.963514
20
4.305192
11
7.961616
21
4.295823
0
LINE
8
annotation
62
1
39
211
10
7.961616
20
4.295823
11
7.960667
21
4.286341
0
LINE
8
annotation
62
1
39
211
10
7.960667
20
4.286341
11
7.960667
21
4.276819
0
LINE
8
annotation
62
1
39
211
10
7.960667
20
4.276819
11
7.961616
21
4.267332
0
LINE
8
annotation
62
1
39
211
10
7.961616
20
4.267332
11
7.963514
21
4.257953
0
LINE
8
annotation
62
1
39
211
10
7.963514
20
4.257953
11
7.966360
21
4.248754
0
LINE
8
annotation
62
1
39
211
10
7.966360
20
4.248754
11
7.970155
21
4.239808
0
LINE
8
annotation
62
1
39
211
10
7.970155
20
4.239808
11
7.970155
21
4.239808
0
LINE
8
annotation
62
1
39
211
10
7.970155
20
4.239808
11
7.970639
21
4.238907
0
LINE
8
annotation
62
1
39
211
10
7.970639
20
4.238907
11
7.971184
21
4.238049
0
LINE
8
annotation
62
1
39
211
10
7.971184
20
4.238049
11
7.971790
21
4.237235
0
LINE
8
annotation
62
1
39
211
10
7.971790
20
4.237235
11
7.972454
21
4.236468
0
LINE
8
annotation
62
1
39
211
10
7.972454
20
4.236468
11
7.973174
21
4.235752
0
LINE
8
annotation
62
1
39
211
10
7.973174
20
4.235752
11
7.973947
21
4.235088
0
LINE
8
annotation
62
1
39
211
10
7.973947
20
4.235088
11
7.974771
21
4.234479
0
LINE
8
annotation
62
1
39
211
10
7.974771
20
4.234479
11
7.975644
21
4.233928
0
LINE
8
annotation
62
1
39
211
10
7.975644
20
4.233928
11
7.976563
21
4.233438
0
LINE
8
annotation
62
1
39
211
10
8.095712
20
4.281636
11
8.041576
21
4.281636
0
LINE
8
annotation
62
1
39
211
10
8.187806
20
4.254143
11
8.132831
21
4.254143
0
LINE
8
annotation
62
1
39
211
10
8.132831
20
4.254143
11
8.154787
21
4.331141
0
LINE
8
annotation
62
1
39
211
10
8.171327
20
4.232132
11
8.171327
21
4.276104
0
LINE
8
boundary
62
5
39
2
10
9.221313
20
4.227029
11
9.285956
21
4.239448
0
LINE
8
boundary
62
5
39
2
10
9.285956
20
4.239448
11
9.311261
21
4.251151
0
LINE
8
boundary
62
5
39
2
10
9.311261
20
4.251151
11
9.351316
21
4.290991
0
LINE
8
boundary
62
5
39
2
10
9.351316
20
4.290991
11
9.367521
21
4.327851
0
LINE
8
boundary
62
5
39
2
10
9.367521
20
4.327851
11
9.393857
21
4.391763
0
LINE
8
boundary
62
5
39
2
10
9.393857
20
4.391763
11
9.399239
21
4.416697
0
LINE
8
boundary
62
5
39
2
10
9.399239
20
4.416697
11
9.384636
21
4.442047
0
LINE
8
boundary
62
5
39
2
10
9.384636
20
4.442047
11
9.353268
21
4.507722
0
LINE
8
boundary
62
5
39
2
10
9.353268
20
4.507722
11
9.339326
21
4.530477
0
LINE
8
boundary
62
5
39
2
10
9.339326
20
4.530477
11
9.325294
21
4.546048
0
LINE
8
boundary
62
5
39
2
10
9.325294
20
4.546048
11
9.311261
21
4.561619
0
LINE
8
boundary
62
5
39
2
10
9.311261
20
4.561619
11
9.287202
21
4.573127
0
LINE
8
boundary
62
5
39
2
10
9.287202
20
4.573127
11
9.221527
21
4.595161
0
LINE
8
boundary
62
5
39
2
10
9.221527
20
4.595161
11
9.197481
21
4.605400
0
LINE
8
boundary
62
5
39
2
10
9.197481
20
4.605400
11
9.173253
21
4.598197
0
LINE
8
boundary
62
5
39
2
10
9.173253
20
4.598197
11
9.102502
21
4.579501
0
LINE
8
boundary
62
5
39
2
10
9.102502
20
4.579501
11
9.036452
21
4.554560
0
LINE
8
boundary
62
5
39
2
10
9.036452
20
4.554560
11
9.017169
21
4.546737
0
LINE
8
boundary
62
5
39
2
10
9.017169
20
4.546737
11
8.979310
21
4.530477
0
LINE
8
boundary
62
5
39
2
10
8.979310
20
4.530477
11
8.959177
21
4.518246
0
LINE
8
boundary
62
5
39
2
10
8.959177
20
4.518246
11
8.935169
21
4.501827
0
LINE
8
boundary
62
5
39
2
10
8.935169
20
4.501827
11
8.885846
21
4.468088
0
LINE
8
boundary
62
5
39
2
10
8.885846
20
4.468088
11
8.856141
21
4.446563
0
LINE
8
boundary
62
5
39
2
10
8.856141
20
4.446563
11
8.840961
21
4.431630
0
LINE
8
boundary
62
5
39
2
10
8.840961
20
4.431630
11
8.825782
21
4.416697
0
LINE
8
boundary
62
5
39
2
10
8.825782
20
4.416697
11
8.804696
21
4.383862
0
LINE
8
boundary
62
5
39
2
10
8.804696
20
4.383862
11
8.773090
21
4.329089
0
LINE
8
boundary
62
5
39
2
10
8.773090
20
4.329089
11
8.756925
21
4.302917
0
LINE
8
boundary
62
5
39
2
10
8.756925
20
4.302917
11
8.762420
21
4.278539
0
LINE
8
boundary
62
5
39
2
10
8.762420
20
4.278539
11
8.777315
21
4.225786
0
LINE
8
boundary
62
5
39
2
10
8.777315
20
4.225786
11
8.786244
21
4.189137
0
LINE
8
boundary
62
5
39
2
10
8.786244
20
4.189137
11
8.844403
21
4.139547
0
LINE
8
boundary
62
5
39
2
10
8.844403
20
4.139547
11
8.881074
21
4.120473
0
LINE
8
boundary
62
5
39
2
10
8.881074
20
4.120473
11
8.944987
21
4.110362
0
LINE
8
boundary
62
5
39
2
10
8.944987
20
4.110362
11
8.969921
21
4.101636
0
LINE
8
boundary
62
5
39
2
10
8.969921
20
4.101636
11
8.994854
21
4.111331
0
LINE
8
boundary
62
5
39
2
10
8.994854
20
4.111331
11
9.058767
21
4.154605
0
LINE
8
boundary
62
5
39
2
10
9.058767
20
4.154605
11
9.083701
21
4.164301
0
LINE
8
boundary
62
5
39
2
10
9.083701
20
4.164301
11
9.105264
21
4.172778
0
LINE
8
boundary
62
5
39
2
10
9.105264
20
4.172778
11
9.143200
21
4.189137
0
LINE
8
boundary
62
5
39
2
10
9.143200
20
4.189137
11
9.170340
21
4.201637
0
LINE
8
boundary
62
5
39
2
10
9.170340
20
4.201637
11
9.197481
21
4.214137
0
LINE
8
boundary
62
5
39
2
10
9.197481
20
4.214137
11
9.221313
21
4.227029
0
LINE
8
annotation
62
1
39
211
10
8.999569
20
4.337381
11
9.020110
21
4.337381
0
LINE
8
annotation
62
1
39
211
10
9.020110
20
4.337381
11
9.020110
21
4.337381
0
LINE
8
annotation
62
1
39
211
10
9.020110
20
4.337381
11
9.023805
21
4.337712
0
LINE
8
annotation
62
1
39
211
10
9.023805
20
4.337712
11
9.027281
21
4.338668
0
LINE
8
annotation
62
1
39
211
10
9.027281
20
4.338668
11
9.030482
21
4.340188
0
LINE
8
annotation
62
1
39
211
10
9.030482
20
4.340188
11
9.033348
21
4.342215
0
LINE
8
annotation
62
1
39
211
10
9.033348
20
4.342215
11
9.035823
21
4.344689
0
LINE
8
annotation
62
1
39
211
10
9.035823
20
4.344689
11
9.037849
21
4.347553
0
LINE
8
annotation
62
1
39
211
10
9.037849
20
4.347553
11
9.039367
21
4.350747
0
LINE
8
annotation
62
1
39
211
10
9.039367
20
4.350747
11
9.040321
21
4.354214
0
LINE
8
annotation
62
1
39
211
10
9.040321
20
4.354214
11
9.040652
21
4.357893
0
LINE
8
annotation
62
1
39
211
10
9.040652
20
4.357893
11
9.040652
21
4.368178
0
LINE
8
annotation
62
1
39
211
10
9.040652
20
4.368178
11
9.040652
21
4.368178
0
LINE
8
annotation
62
1
39
211
10
9.040652
20
4.368178
11
9.040321
21
4.371857
0
LINE
8
annotation
62
1
39
211
10
9.040321
20
4.371857
11
9.039367
21
4.375322
0
LINE
8
annotation
62
1
39
211
10
9.039367
20
4.375322
11
9.037849
21
4.378516
0
LINE
8
annotation
62
1
39
211
10
9.037849
20
4.378516
11
9.035823
21
4.381380
0
LINE
8
annotation
62
1
39
211
10
9.035823
20
4.381380
11
9.033348
21
4.383855
0
LINE
8
annotation
62
1
39
211
10
9.033348
20
4.383855
11
9.030482
21
4.385883
0
LINE
8
annotation
62
1
39
211
10
9.030482
20
4.385883
11
9.027281
21
4.387403
0
LINE
8
annotation
62
1
39
211
10
9.027281
20
4.387403
11
9.023805
21
4.388359
0
LINE
8
annotation
62
1
39
211
10
9.023805
20
4.388359
11
9.020110
21
4.388691
0
LINE
8
annotation
62
1
39
211
10
9.020110
20
4.388691
11
9.009825
21
4.388691
0
LINE
8
annotation
62
1
39
211
10
9.009825
20
4.388691
11
9.020110
21
4.388691
0
LINE
8
annotation
62
1
39
211
10
9.020110
20
4.388691
11
9.020110
21
4.388691
0
LINE
8
annotation
62
1
39
211
10
9.020110
20
4.388691
11
9.023805
21
4.389022
0
LINE
8
annotation
62
1
39
211
10
9.023805
20
4.389022
11
9.027281
21
4.389979
0
LINE
8
annotation
62
1
39
211
10
9.027281
20
4.389979
11
9.030482
21
4.391501
0
LINE
8
annotation
62
1
39
211
10
9.030482
20
4.391501
11
9.033348
21
4.393531
0
LINE
8
annotation
62
1
39
211
10
9.033348
20
4.393531
11
9.035823
21
4.396011
0
LINE
8
annotation
62
1
39
211
10
9.035823
20
4.396011
11
9.037849
21
4.398882
0
LINE
8
annotation
62
1
39
211
10
9.037849
20
4.398882
11
9.039367
21
4.402087
0
LINE
8
annotation
62
1
39
211
10
9.039367
20
4.402087
11
9.040321
21
4.405566
0
LINE
8
annotation
62
1
39
211
10
9.040321
20
4.405566
11
9.040652
21
4.409261
0
LINE
8
annotation
62
1
39
211
10
9.040652
20
4.409261
11
9.040652
21
4.409261
0
LINE
8
annotation
62
1
39
211
10
9.040652
20
4.409261
11
9.040321
21
4.412939
0
LINE
8
annotation
62
1
39
211
10
9.040321
20
4.412939
11
9.039367
21
4.416405
0
LINE
8
annotation
62
1
39
211
10
9.039367
20
4.416405
11
9.037849
21
4.419599
0
LINE
8
annotation
62
1
39
211
10
9.037849
20
4.419599
11
9.035823
21
4.422463
0
LINE
8
annotation
62
1
39
211
10
9.035823
20
4.422463
11
9.033348
21
4.424938
0
LINE
8
annotation
62
1
39
211
10
9.033348
20
4.424938
11
9.030482
21
4.426965
0
LINE
8
annotation
62
1
39
211
10
9.030482
20
4.426965
11
9.027281
21
4.428486
0
LINE
8
annotation
62
1
39
211
10
9.027281
20
4.428486
11
9.023805
21
4.429442
0
LINE
8
annotation
62
1
39
211
10
9.023805
20
4.429442
11
9.020110
21
4.429773
0
LINE
8
annotation
62
1
39
211
10
9.020110
20
4.429773
11
8.999569
21
4.429773
0
LINE
8
annotation
62
1
39
211
10
9.075340
20
4.337381
11
9.095881
21
4.337381
0
LINE
8
annotation
62
1
39
211
10
9.095881
20
4.337381
11
9.095881
21
4.337381
0
LINE
8
annotation
62
1
39
211
10
9.095881
20
4.337381
11
9.099576
21
4.337712
0
LINE
8
annotation
62
1
39
211
10
9.099576
20
4.337712
11
9.103052
21
4.338668
0
LINE
8
annotation
62
1
39
211
10
9.103052
20
4.338668
11
9.106252
21
4.340188
0
LINE
8
annotation
62
1
39
211
10
9.106252
20
4.340188
11
9.109119
21
4.342215
0
LINE
8
annotation
62
1
39
211
10
9.109119
20
4.342215
11
9.111594
21
4.344689
0
LINE
8
annotation
62
1
39
211
10
9.111594
20
4.344689
11
9.113620
21
4.347553
0
LINE
8
annotation
62
1
39
211
10
9.113620
20
4.347553
11
9.115138
21
4.350747
0
LINE
8
annotation
62
1
39
211
10
9.115138
20
4.350747
11
9.116092
21
4.354214
0
LINE
8
annotation
62
1
39
211
10
9.116092
20
4.354214
11
9.116423
21
4.357893
0
LINE
8
annotation
62
1
39
211
10
9.116423
20
4.357893
11
9.116423
21
4.368178
0
LINE
8
annotation
62
1
39
211
10
9.116423
20
4.368178
11
9.116423
21
4.368178
0
LINE
8
annotation
62
1
39
211
10
9.116423
20
4.368178
11
9.116092
21
4.371857
0
LINE
8
annotation
62
1
39
211
10
9.116092
20
4.371857
11
9.115138
21
4.375322
0
LINE
8
annotation
62
1
39
211
10
9.115138
20
4.375322
11
9.113620
21
4.378516
0
LINE
8
annotation
62
1
39
211
10
9.113620
20
4.378516
11
9.111594
21
4.381380
0
LINE
8
annotation
62
1
39
211
10
9.111594
20
4.381380
11
9.109119
21
4.383855
0
LINE
8
annotation
62
1
39
211
10
9.109119
20
4.383855
11
9.106252
21
4.385883
0
LINE
8
annotation
62
1
39
211
10
9.106252
20
4.385883
11
9.103052
21
4.387403
0
LINE
8
annotation
62
1
39
211
10
9.103052
20
4.387403
11
9.099576
21
4.388359
0
LINE
8
annotation
62
1
39
211
10
9.099576
20
4.388359
11
9.095881
21
4.388691
0
LINE
8
annotation
62
1
39
211
10
9.095881
20
4.388691
11
9.085596
21
4.388691
0
LINE
8
annotation
62
1
39
211
10
9.085596
20
4.388691
11
9.095881
21
4.388691
0
LINE
8
annotation
62
1
39
211
10
9.095881
20
4.388691
11
9.095881
21
4.388691
0
LINE
8
annotation
62
1
39
211
10
9.095881
20
4.388691
11
9.099576
21
4.389022
0
LINE
8
annotation
62
1
39
211
10
9.099576
20
4.389022
11
9.103052
21
4.389979
0
LINE
8
annotation
62
1
39
211
10
9.103052
20
4.389979
11
9.106252
21
4.391501
0
LINE
8
annotation
62
1
39
211
10
9.106252
20
4.391501
11
9.109119
21
4.393531
0
LINE
8
annotation
62
1
39
211
10
9.109119
20
4.393531
11
9.111594
21
4.396011
0
LINE
8
annotation
62
1
39
211
10
9.111594
20
4.396011
11
9.113620
21
4.398882
0
LINE
8
annotation
62
1
39
211
10
9.113620
20
4.398882
11
9.115138
21
4.402087
0
LINE
8
annotation
62
1
39
211
10
9.115138
20
4.402087
11
9.116092
21
4.405566
0
LINE
8
annotation
62
1
39
211
10
9.116092
20
4.405566
11
9.116423
21
4.409261
0
LINE
8
annotation
62
1
39
211
10
9.116423
20
4.409261
11
9.116423
21
4.409261
0
LINE
8
annotation
62
1
39
211
10
9.116423
20
4.409261
11
9.116092
21
4.412939
0
LINE
8
annotation
62
1
39
211
10
9.116092
20
4.412939
11
9.115138
21
4.416405
0
LINE
8
annotation
62
1
39
211
10
9.115138
20
4.416405
11
9.113620
21
4.419599
0
LINE
8
annotation
62
1
39
211
10
9.113620
20
4.419599
11
9.111594
21
4.422463
0
LINE
8
annotation
62
1
39
211
10
9.111594
20
4.422463
11
9.109119
21
4.424938
0
LINE
8
annotation
62
1
39
211
10
9.109119
20
4.424938
11
9.106252
21
4.426965
0
LINE
8
annotation
62
1
39
211
10
9.106252
20
4.426965
11
9.103052
21
4.428486
0
LINE
8
annotation
62
1
39
211
10
9.103052
20
4.428486
11
9.099576
21
4.429442
0
LINE
8
annotation
62
1
39
211
10
9.099576
20
4.429442
11
9.095881
21
4.429773
0
LINE
8
annotation
62
1
39
211
10
9.095881
20
4.429773
11
9.075340
21
4.429773
0
LINE
8
annotation
62
1
39
211
10
9.201699
20
4.383629
11
9.151120
21
4.383629
0
LINE
8
annotation
62
1
39
211
10
9.256946
20
4.337378
11
9.256946
21
4.429881
0
LINE
8
annotation
62
1
39
211
10
9.256946
20
4.429881
11
9.236381
21
4.409310
0
LINE
8
hole
62
5
39
2
10
11.014430
20
0.613306
11
10.854430
21
0.613306
0
LINE
8
hole
62
5
39
2
10
10.854430
20
0.613306
11
10.854430
21
0.773306
0
LINE
8
hole
62
5
39
2
10
10.854430
20
0.773306
11
11.014430
21
0.773306
0
LINE
8
hole
62
5
39
2
10
11.014430
20
0.773306
11
11.014430
21
0.613306
0
LINE
8
hole
62
5
39
2
10
11.069785
20
1.078009
11
10.909785
21
1.078009
0
LINE
8
hole
62
5
39
2
10
10.909785
20
1.078009
11
10.909785
21
1.238009
0
LINE
8
hole
62
5
39
2
10
10.909785
20
1.238009
11
11.069785
21
1.238009
0
LINE
8
hole
62
5
39
2
10
11.069785
20
1.238009
11
11.069785
21
1.078009
0
LINE
8
boundary
62
5
39
2
10
11.129586
20
0.589057
11
11.144617
21
0.602348
0
LINE
8
boundary
62
5
39
2
10
11.144617
20
0.602348
11
11.163173
21
0.615032
0
LINE
8
boundary
62
5
39
2
10
11.163173
20
0.615032
11
11.178205
21
0.628322
0
LINE
8
boundary
62
5
39
2
10
11.178205
20
0.628322
11
11.233463
21
0.689480
0
LINE
8
boundary
62
5
39
2
10
11.233463
20
0.689480
11
11.261868
21
0.727751
0
LINE
8
boundary
62
5
39
2
10
11.261868
20
0.727751
11
11.280585
21
0.763415
0
LINE
8
boundary
62
5
39
2
10
11.280585
20
0.763415
11
11.291985
21
0.781869
0
LINE
8
boundary
62
5
39
2
10
11.291985
20
0.781869
11
11.300289
21
0.800094
0
LINE
8
boundary
62
5
39
2
10
11.300289
20
0.800094
11
11.315494
21
0.838016
0
LINE
8
boundary
62
5
39
2
10
11.315494
20
0.838016
11
11.336836
21
0.902933
0
LINE
8
boundary
62
5
39
2
10
11.336836
20
0.902933
11
11.346575
21
0.930397
0
LINE
8
boundary
62
5
39
2
10
11.346575
20
0.930397
11
11.348001
21
0.957044
0
LINE
8
boundary
62
5
39
2
10
11.348001
20
0.957044
11
11.347041
21
1.017530
0
LINE
8
boundary
62
5
39
2
10
11.347041
20
1.017530
11
11.348466
21
1.044177
0
LINE
8
boundary
62
5
39
2
10
11.348466
20
1.044177
11
11.345692
21
1.070824
0
LINE
8
boundary
62
5
39
2
10
11.345692
20
1.070824
11
11.339318
21
1.131310
0
LINE
8
boundary
62
5
39
2
10
11.339318
20
1.131310
11
11.336544
21
1.157957
0
LINE
8
boundary
62
5
39
2
10
11.336544
20
1.157957
11
11.332452
21
1.184604
0
LINE
8
boundary
62
5
39
2
10
11.332452
20
1.184604
11
11.320408
21
1.245090
0
LINE
8
boundary
62
5
39
2
10
11.320408
20
1.245090
11
11.316316
21
1.271737
0
LINE
8
boundary
62
5
39
2
10
11.316316
20
1.271737
11
11.297686
21
1.306879
0
LINE
8
boundary
62
5
39
2
10
11.297686
20
1.306879
11
11.283147
21
1.333526
0
LINE
8
boundary
62
5
39
2
10
11.283147
20
1.333526
11
11.263217
21
1.369797
0
LINE
8
boundary
62
5
39
2
10
11.263217
20
1.369797
11
11.247108
21
1.412165
0
LINE
8
boundary
62
5
39
2
10
11.247108
20
1.412165
11
11.242359
21
1.472650
0
LINE
8
boundary
62
5
39
2
10
11.242359
20
1.472650
11
11.235088
21
1.499298
0
LINE
8
boundary
62
5
39
2
10
11.235088
20
1.499298
11
11.223081
21
1.526060
0
LINE
8
boundary
62
5
39
2
10
11.223081
20
1.526060
11
11.199822
21
1.583191
0
LINE
8
boundary
62
5
39
2
10
11.199822
20
1.583191
11
11.185242
21
1.613078
0
LINE
8
boundary
62
5
39
2
10
11.185242
20
1.613078
11
11.178204
21
1.633850
0
LINE
8
boundary
62
5
39
2
10
11.178204
20
1.633850
11
11.156351
21
1.675042
0
LINE
8
boundary
62
5
39
2
10
11.156351
20
1.675042
11
11.145835
21
1.703728
0
LINE
8
boundary
62
5
39
2
10
11.145835
20
1.703728
11
11.131673
21
1.726858
0
LINE
8
boundary
62
5
39
2
10
11.131673
20
1.726858
11
11.133454
21
1.760562
0
LINE
8
boundary
62
5
39
2
10
11.133454
20
1.760562
11
11.139757
21
1.806933
0
LINE
8
boundary
62
5
39
2
10
11.139757
20
1.806933
11
11.141431
21
1.840638
0
LINE
8
boundary
62
5
39
2
10
11.141431
20
1.840638
11
11.144394
21
1.877114
0
LINE
8
boundary
62
5
39
2
10
11.144394
20
1.877114
11
11.150476
21
1.916979
0
LINE
8
boundary
62
5
39
2
10
11.150476
20
1.916979
11
11.154606
21
1.954418
0
LINE
8
boundary
62
5
39
2
10
11.154606
20
1.954418
11
11.155300
21
1.977322
0
LINE
8
boundary
62
5
39
2
10
11.155300
20
1.977322
11
11.165319
21
2.055312
0
LINE
8
boundary
62
5
39
2
10
11.165319
20
2.055312
11
11.168061
21
2.078342
0
LINE
8
boundary
62
5
39
2
10
11.168061
20
2.078342
11
11.196076
21
2.136424
0
LINE
8
boundary
62
5
39
2
10
11.196076
20
2.136424
11
11.216404
21
2.181978
0
LINE
8
boundary
62
5
39
2
10
11.216404
20
2.181978
11
11.244436
21
2.198595
0
LINE
8
boundary
62
5
39
2
10
11.244436
20
2.198595
11
11.266739
21
2.216567
0
LINE
8
boundary
62
5
39
2
10
11.266739
20
2.216567
11
11.291985
21
2.222678
0
LINE
8
boundary
62
5
39
2
10
11.291985
20
2.222678
11
11.313372
21
2.237960
0
LINE
8
boundary
62
5
39
2
10
11.313372
20
2.237960
11
11.364074
21
2.280476
0
LINE
8
boundary
62
5
39
2
10
11.364074
20
2.280476
11
11.385461
21
2.295758
0
LINE
8
boundary
62
5
39
2
10
11.385461
20
2.295758
11
11.400505
21
2.311863
0
LINE
8
boundary
62
5
39
2
10
11.400505
20
2.311863
11
11.430880
21
2.339266
0
LINE
8
boundary
62
5
39
2
10
11.430880
20
2.339266
11
11.467729
21
2.391642
0
LINE
8
boundary
62
5
39
2
10
11.467729
20
2.391642
11
11.486277
21
2.409538
0
LINE
8
boundary
62
5
39
2
10
11.486277
20
2.409538
11
11.499382
21
2.466015
0
LINE
8
boundary
62
5
39
2
10
11.499382
20
2.466015
11
11.519545
21
2.515468
0
LINE
8
boundary
62
5
39
2
10
11.519545
20
2.515468
11
11.519545
21
2.555851
0
LINE
8
boundary
62
5
39
2
10
11.519545
20
2.555851
11
11.497268
21
2.616903
0
LINE
8
boundary
62
5
39
2
10
11.497268
20
2.616903
11
11.482774
21
2.637098
0
LINE
8
boundary
62
5
39
2
10
11.482774
20
2.637098
11
11.425368
21
2.656787
0
LINE
8
boundary
62
5
39
2
10
11.425368
20
2.656787
11
11.386360
21
2.647335
0
LINE
8
boundary
62
5
39
2
10
11.386360
20
2.647335
11
11.337607
21
2.637098
0
LINE
8
boundary
62
5
39
2
10
11.337607
20
2.637098
11
11.291985
21
2.631476
0
LINE
8
boundary
62
5
39
2
10
11.291985
20
2.631476
11
11.266488
21
2.610278
0
LINE
8
boundary
62
5
39
2
10
11.266488
20
2.610278
11
11.209130
21
2.571617
0
LINE
8
boundary
62
5
39
2
10
11.209130
20
2.571617
11
11.178205
21
2.547256
0
LINE
8
boundary
62
5
39
2
10
11.178205
20
2.547256
11
11.158582
21
2.529674
0
LINE
8
boundary
62
5
39
2
10
11.158582
20
2.529674
11
11.131580
21
2.494086
0
LINE
8
boundary
62
5
39
2
10
11.131580
20
2.494086
11
11.085330
21
2.453154
0
LINE
8
boundary
62
5
39
2
10
11.085330
20
2.453154
11
11.064424
21
2.426559
0
LINE
8
boundary
62
5
39
2
10
11.064424
20
2.426559
11
11.050479
21
2.409538
0
LINE
8
boundary
62
5
39
2
10
11.050479
20
2.409538
11
11.040185
21
2.359983
0
LINE
8
boundary
62
5
39
2
10
11.040185
20
2.359983
11
11.023724
21
2.295758
0
LINE
8
boundary
62
5
39
2
10
11.023724
20
2.295758
11
11.019911
21
2.254633
0
LINE
8
boundary
62
5
39
2
10
11.019911
20
2.254633
11
11.015425
21
2.223103
0
LINE
8
boundary
62
5
39
2
10
11.015425
20
2.223103
11
11.011470
21
2.181978
0
LINE
8
boundary
62
5
39
2
10
11.011470
20
2.181978
11
11.006603
21
2.144326
0
LINE
8
boundary
62
5
39
2
10
11.006603
20
2.144326
11
10.999623
21
2.105850
0
LINE
8
boundary
62
5
39
2
10
10.999623
20
2.105850
11
10.994565
21
2.068198
0
LINE
8
boundary
62
5
39
2
10
10.994565
20
2.068198
11
10.986600
21
2.033197
0
LINE
8
boundary
62
5
39
2
10
10.986600
20
2.033197
11
10.955105
21
1.960147
0
LINE
8
boundary
62
5
39
2
10
10.955105
20
1.960147
11
10.935163
21
1.888063
0
LINE
8
boundary
62
5
39
2
10
10.935163
20
1.888063
11
10.922905
21
1.840638
0
LINE
8
boundary
62
5
39
2
10
10.922905
20
1.840638
11
10.910110
21
1.800381
0
LINE
8
boundary
62
5
39
2
10
10.910110
20
1.800381
11
10.898721
21
1.767114
0
LINE
8
boundary
62
5
39
2
10
10.898721
20
1.767114
11
10.885540
21
1.726858
0
LINE
8
boundary
62
5
39
2
10
10.885540
20
1.726858
11
10.857634
21
1.700447
0
LINE
8
boundary
62
5
39
2
10
10.857634
20
1.700447
11
10.836864
21
1.685067
0
LINE
8
boundary
62
5
39
2
10
10.836864
20
1.685067
11
10.809925
21
1.673667
0
LINE
8
boundary
62
5
39
2
10
10.809925
20
1.673667
11
10.761446
21
1.622857
0
LINE
8
boundary
62
5
39
2
10
10.761446
20
1.622857
11
10.742377
21
1.613078
0
LINE
8
boundary
62
5
39
2
10
10.742377
20
1.613078
11
10.723084
21
1.592666
0
LINE
8
boundary
62
5
39
2
10
10.723084
20
1.592666
11
10.701412
21
1.582956
0
LINE
8
boundary
62
5
39
2
10
10.701412
20
1.582956
11
10.636641
21
1.551195
0
LINE
8
boundary
62
5
39
2
10
10.636641
20
1.551195
11
10.609304
21
1.539385
0
LINE
8
boundary
62
5
39
2
10
10.609304
20
1.539385
11
10.582657
21
1.545819
0
LINE
8
boundary
62
5
39
2
10
10.582657
20
1.545819
11
10.522171
21
1.565079
0
LINE
8
boundary
62
5
39
2
10
10.522171
20
1.565079
11
10.495524
21
1.571513
0
LINE
8
boundary
62
5
39
2
10
10.495524
20
1.571513
11
10.449726
21
1.605543
0
LINE
8
boundary
62
5
39
2
10
10.449726
20
1.605543
11
10.423079
21
1.625206
0
LINE
8
boundary
62
5
39
2
10
10.423079
20
1.625206
11
10.398156
21
1.643794
0
LINE
8
boundary
62
5
39
2
10
10.398156
20
1.643794
11
10.381744
21
1.655922
0
LINE
8
boundary
62
5
39
2
10
10.381744
20
1.655922
11
10.362310
21
1.670441
0
LINE
8
boundary
62
5
39
2
10
10.362310
20
1.670441
11
10.306476
21
1.712339
0
LINE
8
boundary
62
5
39
2
10
10.306476
20
1.712339
11
10.287042
21
1.726858
0
LINE
8
boundary
62
5
39
2
10
10.287042
20
1.726858
11
10.267964
21
1.740971
0
LINE
8
boundary
62
5
39
2
10
10.267964
20
1.740971
11
10.239418
21
1.762228
0
LINE
8
boundary
62
5
39
2
10
10.239418
20
1.762228
11
10.175038
21
1.810418
0
LINE
8
boundary
62
5
39
2
10
10.175038
20
1.810418
11
10.154184
21
1.825984
0
LINE
8
boundary
62
5
39
2
10
10.154184
20
1.825984
11
10.134623
21
1.840638
0
LINE
8
boundary
62
5
39
2
10
10.134623
20
1.840638
11
10.115197
21
1.853795
0
LINE
8
boundary
62
5
39
2
10
10.115197
20
1.853795
11
10.067486
21
1.888060
0
LINE
8
boundary
62
5
39
2
10
10.067486
20
1.888060
11
10.040404
21
1.906153
0
LINE
8
boundary
62
5
39
2
10
10.040404
20
1.906153
11
10.016395
21
1.916139
0
LINE
8
boundary
62
5
39
2
10
10.016395
20
1.916139
11
9.962223
21
1.944432
0
LINE
8
boundary
62
5
39
2
10
9.962223
20
1.944432
11
9.938214
21
1.954418
0
LINE
8
boundary
62
5
39
2
10
9.938214
20
1.954418
11
9.891316
21
1.924126
0
LINE
8
boundary
62
5
39
2
10
9.891316
20
1.924126
11
9.835534
21
1.875655
0
LINE
8
boundary
62
5
39
2
10
9.835534
20
1.875655
11
9.812844
21
1.851543
0
LINE
8
boundary
62
5
39
2
10
9.812844
20
1.851543
11
9.812844
21
1.827517
0
LINE
8
boundary
62
5
39
2
10
9.812844
20
1.827517
11
9.836654
21
1.800080
0
LINE
8
boundary
62
5
39
2
10
9.836654
20
1.800080
11
9.882011
21
1.750229
0
LINE
8
boundary
62
5
39
2
10
9.882011
20
1.750229
11
9.902795
21
1.726858
0
LINE
8
boundary
62
5
39
2
10
9.902795
20
1.726858
11
9.926624
21
1.704897
0
LINE
8
boundary
62
5
39
2
10
9.926624
20
1.704897
11
9.952646
21
1.683677
0
LINE
8
boundary
62
5
39
2
10
9.952646
20
1.683677
11
10.006737
21
1.639250
0
LINE
8
boundary
62
5
39
2
10
10.006737
20
1.639250
11
10.038971
21
1.613078
0
LINE
8
boundary
62
5
39
2
10
10.038971
20
1.613078
11
10.067861
21
1.590362
0
LINE
8
boundary
62
5
39
2
10
10.067861
20
1.590362
11
10.122747
21
1.547875
0
LINE
8
boundary
62
5
39
2
10
10.122747
20
1.547875
11
10.154184
21
1.523301
0
LINE
8
boundary
62
5
39
2
10
10.154184
20
1.523301
11
10.175057
21
1.507291
0
LINE
8
boundary
62
5
39
2
10
10.175057
20
1.507291
11
10.201704
21
1.486924
0
LINE
8
boundary
62
5
39
2
10
10.201704
20
1.486924
11
10.251576
21
1.449603
0
LINE
8
boundary
62
5
39
2
10
10.251576
20
1.449603
11
10.267964
21
1.437229
0
LINE
8
boundary
62
5
39
2
10
10.267964
20
1.437229
11
10.286839
21
1.422956
0
LINE
8
boundary
62
5
39
2
10
10.286839
20
1.422956
11
10.317750
21
1.399791
0
LINE
8
boundary
62
5
39
2
10
10.317750
20
1.399791
11
10.336625
21
1.385517
0
LINE
8
boundary
62
5
39
2
10
10.336625
20
1.385517
11
10.337614
21
1.358870
0
LINE
8
boundary
62
5
39
2
10
10.337614
20
1.358870
11
10.360729
21
1.298385
0
LINE
8
boundary
62
5
39
2
10
10.360729
20
1.298385
11
10.361717
21
1.271737
0
LINE
8
boundary
62
5
39
2
10
10.361717
20
1.271737
11
10.354864
21
1.245090
0
LINE
8
boundary
62
5
39
2
10
10.354864
20
1.245090
11
10.333050
21
1.184604
0
LINE
8
boundary
62
5
39
2
10
10.333050
20
1.184604
11
10.326197
21
1.157957
0
LINE
8
boundary
62
5
39
2
10
10.326197
20
1.157957
11
10.325703
21
1.131310
0
LINE
8
boundary
62
5
39
2
10
10.325703
20
1.131310
11
10.329921
21
1.070824
0
LINE
8
boundary
62
5
39
2
10
10.329921
20
1.070824
11
10.329427
21
1.044177
0
LINE
8
boundary
62
5
39
2
10
10.329427
20
1.044177
11
10.280480
21
0.985890
0
LINE
8
boundary
62
5
39
2
10
10.280480
20
0.985890
11
10.241317
21
0.966659
0
LINE
8
boundary
62
5
39
2
10
10.241317
20
0.966659
11
10.180831
21
0.954311
0
LINE
8
boundary
62
5
39
2
10
10.180831
20
0.954311
11
10.154184
21
0.948660
0
LINE
8
boundary
62
5
39
2
10
10.154184
20
0.948660
11
10.126527
21
0.943967
0
LINE
8
boundary
62
5
39
2
10
10.126527
20
0.943967
11
10.045662
21
0.930397
0
LINE
8
boundary
62
5
39
2
10
10.045662
20
0.930397
11
10.000733
21
0.922596
0
LINE
8
boundary
62
5
39
2
10
10.000733
20
0.922596
11
9.926624
21
0.909821
0
LINE
8
boundary
62
5
39
2
10
9.926624
20
0.909821
11
9.898254
21
0.904830
0
LINE
8
boundary
62
5
39
2
10
9.898254
20
0.904830
11
9.834665
21
0.894076
0
LINE
8
boundary
62
5
39
2
10
9.834665
20
0.894076
11
9.812844
21
0.890304
0
LINE
8
boundary
62
5
39
2
10
9.812844
20
0.890304
11
9.786196
21
0.884642
0
LINE
8
boundary
62
5
39
2
10
9.786196
20
0.884642
11
9.725711
21
0.874010
0
LINE
8
boundary
62
5
39
2
10
9.725711
20
0.874010
11
9.699064
21
0.868347
0
LINE
8
boundary
62
5
39
2
10
9.699064
20
0.868347
11
9.677100
21
0.852534
0
LINE
8
boundary
62
5
39
2
10
9.677100
20
0.852534
11
9.648891
21
0.827033
0
LINE
8
boundary
62
5
39
2
10
9.648891
20
0.827033
11
9.637393
21
0.797746
0
LINE
8
boundary
62
5
39
2
10
9.637393
20
0.797746
11
9.606868
21
0.729475
0
LINE
8
boundary
62
5
39
2
10
9.606868
20
0.729475
11
9.613366
21
0.702837
0
LINE
8
boundary
62
5
39
2
10
9.613366
20
0.702837
11
9.630197
21
0.688981
0
LINE
8
boundary
62
5
39
2
10
9.630197
20
0.688981
11
9.682232
21
0.647136
0
LINE
8
boundary
62
5
39
2
10
9.682232
20
0.647136
11
9.699064
21
0.633280
0
LINE
8
boundary
62
5
39
2
10
9.699064
20
0.633280
11
9.725711
21
0.633460
0
LINE
8
boundary
62
5
39
2
10
9.725711
20
0.633460
11
9.786196
21
0.630716
0
LINE
8
boundary
62
5
39
2
10
9.786196
20
0.630716
11
9.812844
21
0.630896
0
LINE
8
boundary
62
5
39
2
10
9.812844
20
0.630896
11
9.839491
21
0.635481
0
LINE
8
boundary
62
5
39
2
10
9.839491
20
0.635481
11
9.899977
21
0.645645
0
LINE
8
boundary
62
5
39
2
10
9.899977
20
0.645645
11
9.926624
21
0.650229
0
LINE
8
boundary
62
5
39
2
10
9.926624
20
0.650229
11
9.951182
21
0.654926
0
LINE
8
boundary
62
5
39
2
10
9.951182
20
0.654926
11
10.018023
21
0.668303
0
LINE
8
boundary
62
5
39
2
10
10.018023
20
0.668303
11
10.040404
21
0.672580
0
LINE
8
boundary
62
5
39
2
10
10.040404
20
0.672580
11
10.083984
21
0.681423
0
LINE
8
boundary
62
5
39
2
10
10.083984
20
0.681423
11
10.110604
21
0.686907
0
LINE
8
boundary
62
5
39
2
10
10.110604
20
0.686907
11
10.154184
21
0.695590
0
LINE
8
boundary
62
5
39
2
10
10.154184
20
0.695590
11
10.174116
21
0.699213
0
LINE
8
boundary
62
5
39
2
10
10.174116
20
0.699213
11
10.194048
21
0.702837
0
LINE
8
boundary
62
5
39
2
10
10.194048
20
0.702837
11
10.238456
21
0.710768
0
LINE
8
boundary
62
5
39
2
10
10.238456
20
0.710768
11
10.267964
21
0.716092
0
LINE
8
boundary
62
5
39
2
10
10.267964
20
0.716092
11
10.294611
21
0.720792
0
LINE
8
boundary
62
5
39
2
10
10.294611
20
0.720792
11
10.355097
21
0.731955
0
LINE
8
boundary
62
5
39
2
10
10.355097
20
0.731955
11
10.381744
21
0.736655
0
LINE
8
boundary
62
5
39
2
10
10.381744
20
0.736655
11
10.404259
21
0.724238
0
LINE
8
boundary
62
5
39
2
10
10.404259
20
0.724238
11
10.436448
21
0.710390
0
LINE
8
boundary
62
5
39
2
10
10.436448
20
0.710390
11
10.465843
21
0.694504
0
LINE
8
boundary
62
5
39
2
10
10.465843
20
0.694504
11
10.495524
21
0.678246
0
LINE
8
boundary
62
5
39
2
10
10.495524
20
0.678246
11
10.555638
21
0.613748
0
LINE
8
boundary
62
5
39
2
10
10.555638
20
0.613748
11
10.569065
21
0.589057
0
LINE
8
boundary
62
5
39
2
10
10.569065
20
0.589057
11
10.554415
21
0.572829
0
LINE
8
boundary
62
5
39
2
10
10.554415
20
0.572829
11
10.510175
21
0.530605
0
LINE
8
boundary
62
5
39
2
10
10.510175
20
0.530605
11
10.495524
21
0.514377
0
LINE
8
boundary
62
5
39
2
10
10.495524
20
0.514377
11
10.466655
21
0.485696
0
LINE
8
boundary
62
5
39
2
10
10.466655
20
0.485696
11
10.440854
21
0.446974
0
LINE
8
boundary
62
5
39
2
10
10.440854
20
0.446974
11
10.401366
21
0.410791
0
LINE
8
boundary
62
5
39
2
10
10.401366
20
0.410791
11
10.381744
21
0.383162
0
LINE
8
boundary
62
5
39
2
10
10.381744
20
0.383162
11
10.365326
21
0.361497
0
LINE
8
boundary
62
5
39
2
10
10.365326
20
0.361497
11
10.354549
21
0.310807
0
LINE
8
boundary
62
5
39
2
10
10.354549
20
0.310807
11
10.338193
21
0.247717
0
LINE
8
boundary
62
5
39
2
10
10.338193
20
0.247717
11
10.334779
21
0.197721
0
LINE
8
boundary
62
5
39
2
10
10.334779
20
0.197721
11
10.330347
21
0.133937
0
LINE
8
boundary
62
5
39
2
10
10.330347
20
0.133937
11
10.356046
21
0.113218
0
LINE
8
boundary
62
5
39
2
10
10.356046
20
0.113218
11
10.381744
21
0.092500
0
LINE
8
boundary
62
5
39
2
10
10.381744
20
0.092500
11
10.431164
21
0.108175
0
LINE
8
boundary
62
5
39
2
10
10.431164
20
0.108175
11
10.454762
21
0.112688
0
LINE
8
boundary
62
5
39
2
10
10.454762
20
0.112688
11
10.495524
21
0.123930
0
LINE
8
boundary
62
5
39
2
10
10.495524
20
0.123930
11
10.548291
21
0.156594
0
LINE
8
boundary
62
5
39
2
10
10.548291
20
0.156594
11
10.579946
21
0.176946
0
LINE
8
boundary
62
5
39
2
10
10.579946
20
0.176946
11
10.609304
21
0.190468
0
LINE
8
boundary
62
5
39
2
10
10.609304
20
0.190468
11
10.657674
21
0.238433
0
LINE
8
boundary
62
5
39
2
10
10.657674
20
0.238433
11
10.684321
21
0.262950
0
LINE
8
boundary
62
5
39
2
10
10.684321
20
0.262950
11
10.706137
21
0.298825
0
LINE
8
boundary
62
5
39
2
10
10.706137
20
0.298825
11
10.723084
21
0.314058
0
LINE
8
boundary
62
5
39
2
10
10.723084
20
0.314058
11
10.748269
21
0.350083
0
LINE
8
boundary
62
5
39
2
10
10.748269
20
0.350083
11
10.782739
21
0.390503
0
LINE
8
boundary
62
5
39
2
10
10.782739
20
0.390503
11
10.815416
21
0.439617
0
LINE
8
boundary
62
5
39
2
10
10.815416
20
0.439617
11
10.836864
21
0.459338
0
LINE
8
boundary
62
5
39
2
10
10.836864
20
0.459338
11
10.882138
21
0.475277
0
LINE
8
boundary
62
5
39
2
10
10.882138
20
0.475277
11
10.908826
21
0.482170
0
LINE
8
boundary
62
5
39
2
10
10.908826
20
0.482170
11
10.950644
21
0.492353
0
LINE
8
boundary
62
5
39
2
10
10.950644
20
0.492353
11
10.975710
21
0.510578
0
LINE
8
boundary
62
5
39
2
10
10.975710
20
0.510578
11
11.036136
21
0.530844
0
LINE
8
boundary
62
5
39
2
10
11.036136
20
0.530844
11
11.064424
21
0.550505
0
LINE
8
boundary
62
5
39
2
10
11.064424
20
0.550505
11
11.117970
21
0.581300
0
LINE
8
boundary
62
5
39
2
10
11.117970
20
0.581300
11
11.129586
21
0.589057
0
LINE
8
annotation
62
1
39
211
10
11.210514
20
2.363637
11
11.214295
21
2.358204
0
LINE
8
annotation
62
1
39
211
10
10.539566
20
0.333975
11
10.540377
21
0.333265
0
LINE
8
annotation
62
1
39
211
10
10.507949
20
1.047984
11
10.466946
21
1.047984
0
LINE
8
annotation
62
1
39
211
10
10.466946
20
1.047984
11
10.504834
21
1.108979
0
LINE
8
annotation
62
1
39
211
10
10.504834
20
1.108979
11
10.504834
21
1.108979
0
LINE
8
annotation
62
1
39
211
10
10.504834
20
1.108979
11
10.504879
21
1.109035
0
LINE
8
annotation
62
1
39
211
10
10.504879
20
1.109035
11
10.504923
21
1.109092
0
LINE
8
annotation
62
1
39
211
10
10.504923
20
1.109092
11
10.504965
21
1.109149
0
LINE
8
annotation
62
1
39
211
10
10.504965
20
1.109149
11
10.505005
21
1.109208
0
LINE
8
annotation
62
1
39
211
10
10.505005
20
1.109208
11
10.505045
21
1.109269
0
LINE
8
annotation
62
1
39
211
10
10.505045
20
1.109269
11
10.505084
21
1.109332
0
LINE
8
annotation
62
1
39
211
10
10.505084
20
1.109332
11
10.505122
21
1.109398
0
LINE
8
annotation
62
1
39
211
10
10.505122
20
1.109398
11
10.505160
21
1.109468
0
LINE
8
annotation
62
1
39
211
10
10.505160
20
1.109468
11
10.505199
21
1.109541
0
LINE
8
annotation
62
1
39
211
10
10.505199
20
1.109541
11
10.505199
21
1.109541
0
LINE
8
annotation
62
1
39
211
10
10.505199
20
1.109541
11
10.506763
21
1.112900
0
LINE
8
annotation
62
1
39
211
10
10.506763
20
1.112900
11
10.507677
21
1.116381
0
LINE
8
annotation
62
1
39
211
10
10.507677
20
1.116381
11
10.507963
21
1.119907
0
LINE
8
annotation
62
1
39
211
10
10.507963
20
1.119907
11
10.507643
21
1.123399
0
LINE
8
annotation
62
1
39
211
10
10.507643
20
1.123399
11
10.506740
21
1.126777
0
LINE
8
annotation
62
1
39
211
10
10.506740
20
1.126777
11
10.505276
21
1.129964
0
LINE
8
annotation
62
1
39
211
10
10.505276
20
1.129964
11
10.503273
21
1.132880
0
LINE
8
annotation
62
1
39
211
10
10.503273
20
1.132880
11
10.500754
21
1.135447
0
LINE
8
annotation
62
1
39
211
10
10.500754
20
1.135447
11
10.497742
21
1.137586
0
LINE
8
annotation
62
1
39
211
10
10.497742
20
1.137586
11
10.497742
21
1.137586
0
LINE
8
annotation
62
1
39
211
10
10.497742
20
1.137586
11
10.494373
21
1.139129
0
LINE
8
annotation
62
1
39
211
10
10.494373
20
1.139129
11
10.490886
21
1.140028
0
LINE
8
annotation
62
1
39
211
10
10.490886
20
1.140028
11
10.487358
21
1.140306
0
LINE
8
annotation
62
1
39
211
10
10.487358
20
1.140306
11
10.483867
21
1.139982
0
LINE
8
annotation
62
1
39
211
10
10.483867
20
1.139982
11
10.480491
21
1.139076
0
LINE
8
annotation
62
1
39
211
10
10.480491
20
1.139076
11
10.477308
21
1.137609
0
LINE
8
annotation
62
1
39
211
10
10.477308
20
1.137609
11
10.474396
21
1.135601
0
LINE
8
annotation
62
1
39
211
10
10.474396
20
1.135601
11
10.471832
21
1.133072
0
LINE
8
annotation
62
1
39
211
10
10.471832
20
1.133072
11
10.469696
21
1.130042
0
LINE
8
annotation
62
1
39
211
10
10.469696
20
1.130042
11
10.467004
21
1.124878
0
LINE
8
annotation
62
1
39
211
10
10.542577
20
1.047985
11
10.563079
21
1.047985
0
LINE
8
annotation
62
1
39
211
10
10.563079
20
1.047985
11
10.563079
21
1.047985
0
LINE
8
annotation
62
1
39
211
10
10.563079
20
1.047985
11
10.566758
21
1.048316
0
LINE
8
annotation
62
1
39
211
10
10.566758
20
1.048316
11
10.570224
21
1.049269
0
LINE
8
annotation
62
1
39
211
10
10.570224
20
1.049269
11
10.573417
21
1.050788
0
LINE
8
annotation
62
1
39
211
10
10.573417
20
1.050788
11
10.576279
21
1.052814
0
LINE
8
annotation
62
1
39
211
10
10.576279
20
1.052814
11
10.578752
21
1.055288
0
LINE
8
annotation
62
1
39
211
10
10.578752
20
1.055288
11
10.580777
21
1.058152
0
LINE
8
annotation
62
1
39
211
10
10.580777
20
1.058152
11
10.582295
21
1.061350
0
LINE
8
annotation
62
1
39
211
10
10.582295
20
1.061350
11
10.583249
21
1.064821
0
LINE
8
annotation
62
1
39
211
10
10.583249
20
1.064821
11
10.583580
21
1.068509
0
LINE
8
annotation
62
1
39
211
10
10.583580
20
1.068509
11
10.583580
21
1.078723
0
LINE
8
annotation
62
1
39
211
10
10.583580
20
1.078723
11
10.583580
21
1.078723
0
LINE
8
annotation
62
1
39
211
10
10.583580
20
1.078723
11
10.583249
21
1.082409
0
LINE
8
annotation
62
1
39
211
10
10.583249
20
1.082409
11
10.582296
21
1.085876
0
LINE
8
annotation
62
1
39
211
10
10.582296
20
1.085876
11
10.580778
21
1.089066
0
LINE
8
annotation
62
1
39
211
10
10.580778
20
1.089066
11
10.578754
21
1.091923
0
LINE
8
annotation
62
1
39
211
10
10.578754
20
1.091923
11
10.576281
21
1.094388
0
LINE
8
annotation
62
1
39
211
10
10.576281
20
1.094388
11
10.573419
21
1.096405
0
LINE
8
annotation
62
1
39
211
10
10.573419
20
1.096405
11
10.570226
21
1.097917
0
LINE
8
annotation
62
1
39
211
10
10.570226
20
1.097917
11
10.566760
21
1.098866
0
LINE
8
annotation
62
1
39
211
10
10.566760
20
1.098866
11
10.563079
21
1.099195
0
LINE
8
annotation
62
1
39
211
10
10.563079
20
1.099195
11
10.542577
21
1.099195
0
LINE
8
annotation
62
1
39
211
10
10.542577
20
1.099195
11
10.542577
21
1.140308
0
LINE
8
annotation
62
1
39
211
10
10.542577
20
1.140308
11
10.583580
21
1.140308
0
LINE
8
annotation
62
1
39
211
10
10.668691
20
1.094147
11
10.618210
21
1.094147
0
LINE
8
annotation
62
1
39
211
10
10.744314
20
1.047984
11
10.703311
21
1.047984
0
LINE
8
annotation
62
1
39
211
10
10.703311
20
1.047984
11
10.741199
21
1.108979
0
LINE
8
annotation
62
1
39
211
10
10.741199
20
1.108979
11
10.741199
21
1.108979
0
LINE
8
annotation
62
1
39
211
10
10.741199
20
1.108979
11
10.741244
21
1.109035
0
LINE
8
annotation
62
1
39
211
10
10.741244
20
1.109035
11
10.741288
21
1.109092
0
LINE
8
annotation
62
1
39
211
10
10.741288
20
1.109092
11
10.741330
21
1.109149
0
LINE
8
annotation
62
1
39
211
10
10.741330
20
1.109149
11
10.741370
21
1.109208
0
LINE
8
annotation
62
1
39
211
10
10.741370
20
1.109208
11
10.741410
21
1.109269
0
LINE
8
annotation
62
1
39
211
10
10.741410
20
1.109269
11
10.741449
21
1.109332
0
LINE
8
annotation
62
1
39
211
10
10.741449
20
1.109332
11
10.741487
21
1.109398
0
LINE
8
annotation
62
1
39
211
10
10.741487
20
1.109398
11
10.741525
21
1.109468
0
LINE
8
annotation
62
1
39
211
10
10.741525
20
1.109468
11
10.741564
21
1.109541
0
LINE
8
annotation
62
1
39
211
10
10.741564
20
1.109541
11
10.741564
21
1.109541
0
LINE
8
annotation
62
1
39
211
10
10.741564
20
1.109541
11
10.743128
21
1.112900
0
LINE
8
annotation
62
1
39
211
10
10.743128
20
1.112900
11
10.744042
21
1.116381
0
LINE
8
annotation
62
1
39
211
10
10.744042
20
1.116381
11
10.744328
21
1.119907
0
LINE
8
annotation
62
1
39
211
10
10.744328
20
1.119907
11
10.744008
21
1.123399
0
LINE
8
annotation
62
1
39
211
10
10.744008
20
1.123399
11
10.743105
21
1.126777
0
LINE
8
annotation
62
1
39
211
10
10.743105
20
1.126777
11
10.741641
21
1.129964
0
LINE
8
annotation
62
1
39
211
10
10.741641
20
1.129964
11
10.739638
21
1.132880
0
LINE
8
annotation
62
1
39
211
10
10.739638
20
1.132880
11
10.737119
21
1.135447
0
LINE
8
annotation
62
1
39
211
10
10.737119
20
1.135447
11
10.734107
21
1.137586
0
LINE
8
annotation
62
1
39
211
10
10.734107
20
1.137586
11
10.734107
21
1.137586
0
LINE
8
annotation
62
1
39
211
10
10.734107
20
1.137586
11
10.730738
21
1.139129
0
LINE
8
annotation
62
1
39
211
10
10.730738
20
1.139129
11
10.727251
21
1.140028
0
LINE
8
annotation
62
1
39
211
10
10.727251
20
1.140028
11
10.723723
21
1.140306
0
LINE
8
annotation
62
1
39
211
10
10.723723
20
1.140306
11
10.720232
21
1.139982
0
LINE
8
annotation
62
1
39
211
10
10.720232
20
1.139982
11
10.716856
21
1.139076
0
LINE
8
annotation
62
1
39
211
10
10.716856
20
1.139076
11
10.713673
21
1.137609
0
LINE
8
annotation
62
1
39
211
10
10.713673
20
1.137609
11
10.710761
21
1.135601
0
LINE
8
annotation
62
1
39
211
10
10.710761
20
1.135601
11
10.708198
21
1.133072
0
LINE
8
annotation
62
1
39
211
10
10.708198
20
1.133072
11
10.706061
21
1.130042
0
LINE
8
annotation
62
1
39
211
10
10.706061
20
1.130042
11
10.703369
21
1.124878
0
LINE
8
boundary
62
5
39
2
10
11.799273
20
0.101875
11
11.799273
21
1.583125
0
LINE
8
boundary
62
5
39
2
10
11.799273
20
1.583125
11
11.658648
21
1.592500
0
LINE
8
boundary
62
5
39
2
10
11.658648
20
1.592500
11
11.649273
21
0.101875
0
LINE
8
boundary
62
5
39
2
10
11.649273
20
0.101875
11
11.789898
21
0.092500
0
LINE
8
boundary
62
5
39
2
10
11.789898
20
0.092500
11
11.799273
21
0.101875
0
LINE
8
annotation
62
1
39
211
10
11.694265
20
0.842059
11
11.696517
21
0.842059
0
LINE
8
annotation
62
1
39
211
10
11.696517
20
0.842059
11
11.696517
21
0.842059
0
LINE
8
annotation
62
1
39
211
10
11.696517
20
0.842059
11
11.696785
21
0.842083
0
LINE
8
annotation
62
1
39
211
10
11.696785
20
0.842083
11
11.697038
21
0.842153
0
LINE
8
annotation
62
1
39
211
10
11.697038
20
0.842153
11
11.697271
21
0.842264
0
LINE
8
annotation
62
1
39
211
10
11.697271
20
0.842264
11
11.697480
21
0.842412
0
LINE
8
annotation
62
1
39
211
10
11.697480
20
0.842412
11
11.697661
21
0.842593
0
LINE
8
annotation
62
1
39
211
10
11.697661
20
0.842593
11
11.697809
21
0.842802
0
LINE
8
annotation
62
1
39
211
10
11.697809
20
0.842802
11
11.697920
21
0.843036
0
LINE
8
annotation
62
1
39
211
10
11.697920
20
0.843036
11
11.697989
21
0.843290
0
LINE
8
annotation
62
1
39
211
10
11.697989
20
0.843290
11
11.698013
21
0.843560
0
LINE
8
annotation
62
1
39
211
10
11.698013
20
0.843560
11
11.698013
21
0.847304
0
LINE
8
annotation
62
1
39
211
10
11.698013
20
0.847304
11
11.698013
21
0.847304
0
LINE
8
annotation
62
1
39
211
10
11.698013
20
0.847304
11
11.697989
21
0.847574
0
LINE
8
annotation
62
1
39
211
10
11.697989
20
0.847574
11
11.697920
21
0.847828
0
LINE
8
annotation
62
1
39
211
10
11.697920
20
0.847828
11
11.697809
21
0.848062
0
LINE
8
annotation
62
1
39
211
10
11.697809
20
0.848062
11
11.697661
21
0.848271
0
LINE
8
annotation
62
1
39
211
10
11.697661
20
0.848271
11
11.697480
21
0.848452
0
LINE
8
annotation
62
1
39
211
10
11.697480
20
0.848452
11
11.697271
21
0.848600
0
LINE
8
annotation
62
1
39
211
10
11.697271
20
0.848600
11
11.697038
21
0.848711
0
LINE
8
annotation
62
1
39
211
10
11.697038
20
0.848711
11
11.696785
21
0.848781
0
LINE
8
annotation
62
1
39
211
10
11.696785
20
0.848781
11
11.696517
21
0.848805
0
LINE
8
annotation
62
1
39
211
10
11.696517
20
0.848805
11
11.694265
21
0.848805
0
LINE
8
annotation
62
1
39
211
10
11.694265
20
0.848805
11
11.694265
21
0.842055
0
LINE
8
annotation
62
1
39
211
10
11.694265
20
0.842055
11
11.694265
21
0.842059
0
LINE
8
annotation
62
1
39
211
10
11.700545
20
0.843556
11
11.700545
21
0.843556
0
LINE
8
annotation
62
1
39
211
10
11.700545
20
0.843556
11
11.700569
21
0.843286
0
LINE
8
annotation
62
1
39
211
10
11.700569
20
0.843286
11
11.700639
21
0.843032
0
LINE
8
annotation
62
1
39
211
10
11.700639
20
0.843032
11
11.700750
21
0.842798
0
LINE
8
annotation
62
1
39
211
10
11.700750
20
0.842798
11
11.700898
21
0.842589
0
LINE
8
annotation
62
1
39
211
10
11.700898
20
0.842589
11
11.701079
21
0.842408
0
LINE
8
annotation
62
1
39
211
10
11.701079
20
0.842408
11
11.701288
21
0.842260
0
LINE
8
annotation
62
1
39
211
10
11.701288
20
0.842260
11
11.701522
21
0.842149
0
LINE
8
annotation
62
1
39
211
10
11.701522
20
0.842149
11
11.701776
21
0.842079
0
LINE
8
annotation
62
1
39
211
10
11.701776
20
0.842079
11
11.702046
21
0.842055
0
LINE
8
annotation
62
1
39
211
10
11.702046
20
0.842055
11
11.702046
21
0.842055
0
LINE
8
annotation
62
1
39
211
10
11.702046
20
0.842055
11
11.702316
21
0.842079
0
LINE
8
annotation
62
1
39
211
10
11.702316
20
0.842079
11
11.702569
21
0.842149
0
LINE
8
annotation
62
1
39
211
10
11.702569
20
0.842149
11
11.702803
21
0.842260
0
LINE
8
annotation
62
1
39
211
10
11.702803
20
0.842260
11
11.703013
21
0.842408
0
LINE
8
annotation
62
1
39
211
10
11.703013
20
0.842408
11
11.703194
21
0.842589
0
LINE
8
annotation
62
1
39
211
10
11.703194
20
0.842589
11
11.703342
21
0.842798
0
LINE
8
annotation
62
1
39
211
10
11.703342
20
0.842798
11
11.703453
21
0.843032
0
LINE
8
annotation
62
1
39
211
10
11.703453
20
0.843032
11
11.703523
21
0.843286
0
LINE
8
annotation
62
1
39
211
10
11.703523
20
0.843286
11
11.703547
21
0.843556
0
LINE
8
annotation
62
1
39
211
10
11.703547
20
0.843556
11
11.703547
21
0.845053
0
LINE
8
annotation
62
1
39
211
10
11.703547
20
0.845053
11
11.703547
21
0.845053
0
LINE
8
annotation
62
1
39
211
10
11.703547
20
0.845053
11
11.703522
21
0.845322
0
LINE
8
annotation
62
1
39
211
10
11.703522
20
0.845322
11
11.703453
21
0.845576
0
LINE
8
annotation
62
1
39
211
10
11.703453
20
0.845576
11
11.703342
21
0.845809
0
LINE
8
annotation
62
1
39
211
10
11.703342
20
0.845809
11
11.703193
21
0.846018
0
LINE
8
annotation
62
1
39
211
10
11.703193
20
0.846018
11
11.703013
21
0.846198
0
LINE
8
annotation
62
1
39
211
10
11.703013
20
0.846198
11
11.702803
21
0.846346
0
LINE
8
annotation
62
1
39
211
10
11.702803
20
0.846346
11
11.702569
21
0.846456
0
LINE
8
annotation
62
1
39
211
10
11.702569
20
0.846456
11
11.702315
21
0.846526
0
LINE
8
annotation
62
1
39
211
10
11.702315
20
0.846526
11
11.702046
21
0.846550
0
LINE
8
annotation
62
1
39
211
10
11.702046
20
0.846550
11
11.702046
21
0.846550
0
LINE
8
annotation
62
1
39
211
10
11.702046
20
0.846550
11
11.701776
21
0.846526
0
LINE
8
annotation
62
1
39
211
10
11.701776
20
0.846526
11
11.701522
21
0.846456
0
LINE
8
annotation
62
1
39
211
10
11.701522
20
0.846456
11
11.701288
21
0.846346
0
LINE
8
annotation
62
1
39
211
10
11.701288
20
0.846346
11
11.701079
21
0.846198
0
LINE
8
annotation
62
1
39
211
10
11.701079
20
0.846198
11
11.700898
21
0.846018
0
LINE
8
annotation
62
1
39
211
10
11.700898
20
0.846018
11
11.700750
21
0.845809
0
LINE
8
annotation
62
1
39
211
10
11.700750
20
0.845809
11
11.700639
21
0.845576
0
LINE
8
annotation
62
1
39
211
10
11.700639
20
0.845576
11
11.700569
21
0.845322
0
LINE
8
annotation
62
1
39
211
10
11.700569
20
0.845322
11
11.700545
21
0.845053
0
LINE
8
annotation
62
1
39
211
10
11.700545
20
0.845053
11
11.700545
21
0.843556
0
LINE
8
annotation
62
1
39
211
10
11.710581
20
0.846550
11
11.709454
21
0.842055
0
LINE
8
annotation
62
1
39
211
10
11.709454
20
0.842055
11
11.708330
21
0.845053
0
LINE
8
annotation
62
1
39
211
10
11.708330
20
0.845053
11
11.707206
21
0.842055
0
LINE
8
annotation
62
1
39
211
10
11.707206
20
0.842055
11
11.706078
21
0.846550
0
LINE
8
annotation
62
1
39
211
10
11.713113
20
0.844306
11
11.716111
21
0.844306
0
LINE
8
annotation
62
1
39
211
10
11.716111
20
0.844306
11
11.716111
21
0.845058
0
LINE
8
annotation
62
1
39
211
10
11.716111
20
0.845058
11
11.716111
21
0.845058
0
LINE
8
annotation
62
1
39
211
10
11.716111
20
0.845058
11
11.716087
21
0.845328
0
LINE
8
annotation
62
1
39
211
10
11.716087
20
0.845328
11
11.716017
21
0.845581
0
LINE
8
annotation
62
1
39
211
10
11.716017
20
0.845581
11
11.715907
21
0.845814
0
LINE
8
annotation
62
1
39
211
10
11.715907
20
0.845814
11
11.715759
21
0.846024
0
LINE
8
annotation
62
1
39
211
10
11.715759
20
0.846024
11
11.715578
21
0.846204
0
LINE
8
annotation
62
1
39
211
10
11.715578
20
0.846204
11
11.715369
21
0.846353
0
LINE
8
annotation
62
1
39
211
10
11.715369
20
0.846353
11
11.715135
21
0.846464
0
LINE
8
annotation
62
1
39
211
10
11.715135
20
0.846464
11
11.714882
21
0.846533
0
LINE
8
annotation
62
1
39
211
10
11.714882
20
0.846533
11
11.714612
21
0.846558
0
LINE
8
annotation
62
1
39
211
10
11.714612
20
0.846558
11
11.714612
21
0.846558
0
LINE
8
annotation
62
1
39
211
10
11.714612
20
0.846558
11
11.714343
21
0.846533
0
LINE
8
annotation
62
1
39
211
10
11.714343
20
0.846533
11
11.714090
21
0.846464
0
LINE
8
annotation
62
1
39
211
10
11.714090
20
0.846464
11
11.713856
21
0.846353
0
LINE
8
annotation
62
1
39
211
10
11.713856
20
0.846353
11
11.713647
21
0.846204
0
LINE
8
annotation
62
1
39
211
10
11.713647
20
0.846204
11
11.713466
21
0.846024
0
LINE
8
annotation
62
1
39
211
10
11.713466
20
0.846024
11
11.713318
21
0.845814
0
LINE
8
annotation
62
1
39
211
10
11.713318
20
0.845814
11
11.713207
21
0.845581
0
LINE
8
annotation
62
1
39
211
10
11.713207
20
0.845581
11
11.713137
21
0.845328
0
LINE
8
annotation
62
1
39
211
10
11.713137
20
0.845328
11
11.713113
21
0.845058
0
LINE
8
annotation
62
1
39
211
10
11.713113
20
0.845058
11
11.713113
21
0.843184
0
LINE
8
annotation
62
1
39
211
10
11.713113
20
0.843184
11
11.713113
21
0.843184
0
LINE
8
annotation
62
1
39
211
10
11.713113
20
0.843184
11
11.713131
21
0.842981
0
LINE
8
annotation
62
1
39
211
10
11.713131
20
0.842981
11
11.713183
21
0.842790
0
LINE
8
annotation
62
1
39
211
10
11.713183
20
0.842790
11
11.713267
21
0.842613
0
LINE
8
annotation
62
1
39
211
10
11.713267
20
0.842613
11
11.713378
21
0.842456
0
LINE
8
annotation
62
1
39
211
10
11.713378
20
0.842456
11
11.713514
21
0.842320
0
LINE
8
annotation
62
1
39
211
10
11.713514
20
0.842320
11
11.713671
21
0.842208
0
LINE
8
annotation
62
1
39
211
10
11.713671
20
0.842208
11
11.713846
21
0.842125
0
LINE
8
annotation
62
1
39
211
10
11.713846
20
0.842125
11
11.714036
21
0.842073
0
LINE
8
annotation
62
1
39
211
10
11.714036
20
0.842073
11
11.714239
21
0.842054
0
LINE
8
annotation
62
1
39
211
10
11.714239
20
0.842054
11
11.716111
21
0.842054
0
LINE
8
annotation
62
1
39
211
10
11.719397
20
0.842054
11
11.719397
21
0.842054
0
LINE
8
annotation
62
1
39
211
10
11.719397
20
0.842054
11
11.719261
21
0.842066
0
LINE
8
annotation
62
1
39
211
10
11.719261
20
0.842066
11
11.719133
21
0.842101
0
LINE
8
annotation
62
1
39
211
10
11.719133
20
0.842101
11
11.719016
21
0.842156
0
LINE
8
annotation
62
1
39
211
10
11.719016
20
0.842156
11
11.718910
21
0.842231
0
LINE
8
annotation
62
1
39
211
10
11.718910
20
0.842231
11
11.718820
21
0.842321
0
LINE
8
annotation
62
1
39
211
10
11.718820
20
0.842321
11
11.718745
21
0.842427
0
LINE
8
annotation
62
1
39
211
10
11.718745
20
0.842427
11
11.718690
21
0.842544
0
LINE
8
annotation
62
1
39
211
10
11.718690
20
0.842544
11
11.718655
21
0.842672
0
LINE
8
annotation
62
1
39
211
10
11.718655
20
0.842672
11
11.718642
21
0.842808
0
LINE
8
annotation
62
1
39
211
10
11.718642
20
0.842808
11
11.718642
21
0.848811
0
LINE
8
annotation
62
1
39
211
10
11.725621
20
0.845430
11
11.721930
21
0.845430
0
LINE
8
annotation
62
1
39
211
10
11.730403
20
0.848805
11
11.730403
21
0.848805
0
LINE
8
annotation
62
1
39
211
10
11.730403
20
0.848805
11
11.729974
21
0.848644
0
LINE
8
annotation
62
1
39
211
10
11.729974
20
0.848644
11
11.729580
21
0.848427
0
LINE
8
annotation
62
1
39
211
10
11.729580
20
0.848427
11
11.729225
21
0.848160
0
LINE
8
annotation
62
1
39
211
10
11.729225
20
0.848160
11
11.728914
21
0.847847
0
LINE
8
annotation
62
1
39
211
10
11.728914
20
0.847847
11
11.728650
21
0.847495
0
LINE
8
annotation
62
1
39
211
10
11.728650
20
0.847495
11
11.728438
21
0.847109
0
LINE
8
annotation
62
1
39
211
10
11.728438
20
0.847109
11
11.728282
21
0.846694
0
LINE
8
annotation
62
1
39
211
10
11.728282
20
0.846694
11
11.728185
21
0.846255
0
LINE
8
annotation
62
1
39
211
10
11.728185
20
0.846255
11
11.728152
21
0.845799
0
LINE
8
annotation
62
1
39
211
10
11.728152
20
0.845799
11
11.728152
21
0.843555
0
LINE
8
annotation
62
1
39
211
10
11.728152
20
0.843555
11
11.728152
21
0.843555
0
LINE
8
annotation
62
1
39
211
10
11.728152
20
0.843555
11
11.728176
21
0.843286
0
LINE
8
annotation
62
1
39
211
10
11.728176
20
0.843286
11
11.728246
21
0.843032
0
LINE
8
annotation
62
1
39
211
10
11.728246
20
0.843032
11
11.728357
21
0.842798
0
LINE
8
annotation
62
1
39
211
10
11.728357
20
0.842798
11
11.728505
21
0.842589
0
LINE
8
annotation
62
1
39
211
10
11.728505
20
0.842589
11
11.728686
21
0.842408
0
LINE
8
annotation
62
1
39
211
10
11.728686
20
0.842408
11
11.728895
21
0.842260
0
LINE
8
annotation
62
1
39
211
10
11.728895
20
0.842260
11
11.729128
21
0.842149
0
LINE
8
annotation
62
1
39
211
10
11.729128
20
0.842149
11
11.729382
21
0.842079
0
LINE
8
annotation
62
1
39
211
10
11.729382
20
0.842079
11
11.729651
21
0.842055
0
LINE
8
annotation
62
1
39
211
10
11.729651
20
0.842055
11
11.729651
21
0.842055
0
LINE
8
annotation
62
1
39
211
10
11.729651
20
0.842055
11
11.729920
21
0.842079
0
LINE
8
annotation
62
1
39
211
10
11.729920
20
0.842079
11
11.730174
21
0.842149
0
LINE
8
annotation
62
1
39
211
10
11.730174
20
0.842149
11
11.730408
21
0.842260
0
LINE
8
annotation
62
1
39
211
10
11.730408
20
0.842260
11
11.730617
21
0.842408
0
LINE
8
annotation
62
1
39
211
10
11.730617
20
0.842408
11
11.730797
21
0.842589
0
LINE
8
annotation
62
1
39
211
10
11.730797
20
0.842589
11
11.730945
21
0.842798
0
LINE
8
annotation
62
1
39
211
10
11.730945
20
0.842798
11
11.731056
21
0.843032
0
LINE
8
annotation
62
1
39
211
10
11.731056
20
0.843032
11
11.731126
21
0.843286
0
LINE
8
annotation
62
1
39
211
10
11.731126
20
0.843286
11
11.731150
21
0.843555
0
LINE
8
annotation
62
1
39
211
10
11.731150
20
0.843555
11
11.731150
21
0.844302
0
LINE
8
annotation
62
1
39
211
10
11.731150
20
0.844302
11
11.731150
21
0.844302
0
LINE
8
annotation
62
1
39
211
10
11.731150
20
0.844302
11
11.731126
21
0.844572
0
LINE
8
annotation
62
1
39
211
10
11.731126
20
0.844572
11
11.731056
21
0.844825
0
LINE
8
annotation
62
1
39
211
10
11.731056
20
0.844825
11
11.730945
21
0.845059
0
LINE
8
annotation
62
1
39
211
10
11.730945
20
0.845059
11
11.730797
21
0.845267
0
LINE
8
annotation
62
1
39
211
10
11.730797
20
0.845267
11
11.730617
21
0.845448
0
LINE
8
annotation
62
1
39
211
10
11.730617
20
0.845448
11
11.730408
21
0.845595
0
LINE
8
annotation
62
1
39
211
10
11.730408
20
0.845595
11
11.730174
21
0.845706
0
LINE
8
annotation
62
1
39
211
10
11.730174
20
0.845706
11
11.729920
21
0.845775
0
LINE
8
annotation
62
1
39
211
10
11.729920
20
0.845775
11
11.729651
21
0.845799
0
LINE
8
annotation
62
1
39
211
10
11.729651
20
0.845799
11
11.728152
21
0.845799
0
LINE
8
annotation
62
1
39
211
10
11.727964
20
0.841211
11
11.731339
21
0.841211
0
LINE
8
annotation
62
1
39
211
10
11.734766
20
0.842144
11
11.734766
21
0.842144
0
LINE
8
annotation
62
1
39
211
10
11.734766
20
0.842144
11
11.734923
21
0.842085
0
LINE
8
annotation
62
1
39
211
10
11.734923
20
0.842085
11
11.735083
21
0.842056
0
LINE
8
annotation
62
1
39
211
10
11.735083
20
0.842056
11
11.735245
21
0.842055
0
LINE
8
annotation
62
1
39
211
10
11.735245
20
0.842055
11
11.735403
21
0.842081
0
LINE
8
annotation
62
1
39
211
10
11.735403
20
0.842081
11
11.735554
21
0.842134
0
LINE
8
annotation
62
1
39
211
10
11.735554
20
0.842134
11
11.735694
21
0.842211
0
LINE
8
annotation
62
1
39
211
10
11.735694
20
0.842211
11
11.735821
21
0.842311
0
LINE
8
annotation
62
1
39
211
10
11.735821
20
0.842311
11
11.735929
21
0.842434
0
LINE
8
annotation
62
1
39
211
10
11.735929
20
0.842434
11
11.736017
21
0.842578
0
LINE
8
annotation
62
1
39
211
10
11.736017
20
0.842578
11
11.736017
21
0.842578
0
LINE
8
annotation
62
1
39
211
10
11.736017
20
0.842578
11
11.736277
21
0.843187
0
LINE
8
annotation
62
1
39
211
10
11.736277
20
0.843187
11
11.736472
21
0.843813
0
LINE
8
annotation
62
1
39
211
10
11.736472
20
0.843813
11
11.736602
21
0.844452
0
LINE
8
annotation
62
1
39
211
10
11.736602
20
0.844452
11
11.736667
21
0.845099
0
LINE
8
annotation
62
1
39
211
10
11.736667
20
0.845099
11
11.736667
21
0.845748
0
LINE
8
annotation
62
1
39
211
10
11.736667
20
0.845748
11
11.736602
21
0.846395
0
LINE
8
annotation
62
1
39
211
10
11.736602
20
0.846395
11
11.736472
21
0.847034
0
LINE
8
annotation
62
1
39
211
10
11.736472
20
0.847034
11
11.736277
21
0.847661
0
LINE
8
annotation
62
1
39
211
10
11.736277
20
0.847661
11
11.736017
21
0.848271
0
LINE
8
annotation
62
1
39
211
10
11.736017
20
0.848271
11
11.736017
21
0.848271
0
LINE
8
annotation
62
1
39
211
10
11.736017
20
0.848271
11
11.735984
21
0.848333
0
LINE
8
annotation
62
1
39
211
10
11.735984
20
0.848333
11
11.735946
21
0.848392
0
LINE
8
annotation
62
1
39
211
10
11.735946
20
0.848392
11
11.735904
21
0.848447
0
LINE
8
annotation
62
1
39
211
10
11.735904
20
0.848447
11
11.735859
21
0.848500
0
LINE
8
annotation
62
1
39
211
10
11.735859
20
0.848500
11
11.735810
21
0.848549
0
LINE
8
annotation
62
1
39
211
10
11.735810
20
0.848549
11
11.735758
21
0.848594
0
LINE
8
annotation
62
1
39
211
10
11.735758
20
0.848594
11
11.735702
21
0.848635
0
LINE
8
annotation
62
1
39
211
10
11.735702
20
0.848635
11
11.735644
21
0.848672
0
LINE
8
annotation
62
1
39
211
10
11.735644
20
0.848672
11
11.735584
21
0.848703
0
LINE
8
annotation
62
1
39
211
10
11.735584
20
0.848703
11
11.735584
21
0.848703
0
LINE
8
annotation
62
1
39
211
10
11.735584
20
0.848703
11
11.735425
21
0.848763
0
LINE
8
annotation
62
1
39
211
10
11.735425
20
0.848763
11
11.735264
21
0.848793
0
LINE
8
annotation
62
1
39
211
10
11.735264
20
0.848793
11
11.735102
21
0.848795
0
LINE
8
annotation
62
1
39
211
10
11.735102
20
0.848795
11
11.734943
21
0.848769
0
LINE
8
annotation
62
1
39
211
10
11.734943
20
0.848769
11
11.734792
21
0.848717
0
LINE
8
annotation
62
1
39
211
10
11.734792
20
0.848717
11
11.734651
21
0.848640
0
LINE
8
annotation
62
1
39
211
10
11.734651
20
0.848640
11
11.734524
21
0.848539
0
LINE
8
annotation
62
1
39
211
10
11.734524
20
0.848539
11
11.734416
21
0.848416
0
LINE
8
annotation
62
1
39
211
10
11.734416
20
0.848416
11
11.734329
21
0.848271
0
LINE
8
annotation
62
1
39
211
10
11.734329
20
0.848271
11
11.734329
21
0.848271
0
LINE
8
annotation
62
1
39
211
10
11.734329
20
0.848271
11
11.734070
21
0.847662
0
LINE
8
annotation
62
1
39
211
10
11.734070
20
0.847662
11
11.733876
21
0.847036
0
LINE
8
annotation
62
1
39
211
10
11.733876
20
0.847036
11
11.733747
21
0.846397
0
LINE
8
annotation
62
1
39
211
10
11.733747
20
0.846397
11
11.733682
21
0.845751
0
LINE
8
annotation
62
1
39
211
10
11.733682
20
0.845751
11
11.733682
21
0.845102
0
LINE
8
annotation
62
1
39
211
10
11.733682
20
0.845102
11
11.733747
21
0.844455
0
LINE
8
annotation
62
1
39
211
10
11.733747
20
0.844455
11
11.733876
21
0.843815
0
LINE
8
annotation
62
1
39
211
10
11.733876
20
0.843815
11
11.734070
21
0.843188
0
LINE
8
annotation
62
1
39
211
10
11.734070
20
0.843188
11
11.734329
21
0.842578
0
LINE
8
annotation
62
1
39
211
10
11.734329
20
0.842578
11
11.734329
21
0.842578
0
LINE
8
annotation
62
1
39
211
10
11.734329
20
0.842578
11
11.734362
21
0.842517
0
LINE
8
annotation
62
1
39
211
10
11.734362
20
0.842517
11
11.734399
21
0.842458
0
LINE
8
annotation
62
1
39
211
10
11.734399
20
0.842458
11
11.734440
21
0.842403
0
LINE
8
annotation
62
1
39
211
10
11.734440
20
0.842403
11
11.734486
21
0.842350
0
LINE
8
annotation
62
1
39
211
10
11.734486
20
0.842350
11
11.734535
21
0.842301
0
LINE
8
annotation
62
1
39
211
10
11.734535
20
0.842301
11
11.734587
21
0.842256
0
LINE
8
annotation
62
1
39
211
10
11.734587
20
0.842256
11
11.734643
21
0.842215
0
LINE
8
annotation
62
1
39
211
10
11.734643
20
0.842215
11
11.734703
21
0.842177
0
LINE
8
annotation
62
1
39
211
10
11.734703
20
0.842177
11
11.734766
21
0.842144
0
LINE
8
annotation
62
1
39
211
10
11.742889
20
0.845430
11
11.739198
21
0.845430
0
LINE
8
annotation
62
1
39
211
10
11.747672
20
0.848805
11
11.747672
21
0.848805
0
LINE
8
annotation
62
1
39
211
10
11.747672
20
0.848805
11
11.747243
21
0.848644
0
LINE
8
annotation
62
1
39
211
10
11.747243
20
0.848644
11
11.746849
21
0.848427
0
LINE
8
annotation
62
1
39
211
10
11.746849
20
0.848427
11
11.746494
21
0.848160
0
LINE
8
annotation
62
1
39
211
10
11.746494
20
0.848160
11
11.746183
21
0.847847
0
LINE
8
annotation
62
1
39
211
10
11.746183
20
0.847847
11
11.745919
21
0.847495
0
LINE
8
annotation
62
1
39
211
10
11.745919
20
0.847495
11
11.745707
21
0.847109
0
LINE
8
annotation
62
1
39
211
10
11.745707
20
0.847109
11
11.745550
21
0.846694
0
LINE
8
annotation
62
1
39
211
10
11.745550
20
0.846694
11
11.745454
21
0.846255
0
LINE
8
annotation
62
1
39
211
10
11.745454
20
0.846255
11
11.745420
21
0.845799
0
LINE
8
annotation
62
1
39
211
10
11.745420
20
0.845799
11
11.745420
21
0.843555
0
LINE
8
annotation
62
1
39
211
10
11.745420
20
0.843555
11
11.745420
21
0.843555
0
LINE
8
annotation
62
1
39
211
10
11.745420
20
0.843555
11
11.745445
21
0.843286
0
LINE
8
annotation
62
1
39
211
10
11.745445
20
0.843286
11
11.745514
21
0.843032
0
LINE
8
annotation
62
1
39
211
10
11.745514
20
0.843032
11
11.745625
21
0.842798
0
LINE
8
annotation
62
1
39
211
10
11.745625
20
0.842798
11
11.745773
21
0.842589
0
LINE
8
annotation
62
1
39
211
10
11.745773
20
0.842589
11
11.745954
21
0.842408
0
LINE
8
annotation
62
1
39
211
10
11.745954
20
0.842408
11
11.746163
21
0.842260
0
LINE
8
annotation
62
1
39
211
10
11.746163
20
0.842260
11
11.746397
21
0.842149
0
LINE
8
annotation
62
1
39
211
10
11.746397
20
0.842149
11
11.746650
21
0.842079
0
LINE
8
annotation
62
1
39
211
10
11.746650
20
0.842079
11
11.746919
21
0.842055
0
LINE
8
annotation
62
1
39
211
10
11.746919
20
0.842055
11
11.746919
21
0.842055
0
LINE
8
annotation
62
1
39
211
10
11.746919
20
0.842055
11
11.747189
21
0.842079
0
LINE
8
annotation
62
1
39
211
10
11.747189
20
0.842079
11
11.747443
21
0.842149
0
LINE
8
annotation
62
1
39
211
10
11.747443
20
0.842149
11
11.747676
21
0.842260
0
LINE
8
annotation
62
1
39
211
10
11.747676
20
0.842260
11
11.747885
21
0.842408
0
LINE
8
annotation
62
1
39
211
10
11.747885
20
0.842408
11
11.748066
21
0.842589
0
LINE
8
annotation
62
1
39
211
10
11.748066
20
0.842589
11
11.748214
21
0.842798
0
LINE
8
annotation
62
1
39
211
10
11.748214
20
0.842798
11
11.748325
21
0.843032
0
LINE
8
annotation
62
1
39
211
10
11.748325
20
0.843032
11
11.748394
21
0.843286
0
LINE
8
annotation
62
1
39
211
10
11.748394
20
0.843286
11
11.748418
21
0.843555
0
LINE
8
annotation
62
1
39
211
10
11.748418
20
0.843555
11
11.748418
21
0.844302
0
LINE
8
annotation
62
1
39
211
10
11.748418
20
0.844302
11
11.748418
21
0.844302
0
LINE
8
annotation
62
1
39
211
10
11.748418
20
0.844302
11
11.748394
21
0.844572
0
LINE
8
annotation
62
1
39
211
10
11.748394
20
0.844572
11
11.748325
21
0.844825
0
LINE
8
annotation
62
1
39
211
10
11.748325
20
0.844825
11
11.748214
21
0.845059
0
LINE
8
annotation
62
1
39
211
10
11.748214
20
0.845059
11
11.748066
21
0.845267
0
LINE
8
annotation
62
1
39
211
10
11.748066
20
0.845267
11
11.747885
21
0.845448
0
LINE
8
annotation
62
1
39
211
10
11.747885
20
0.845448
11
11.747676
21
0.845595
0
LINE
8
annotation
62
1
39
211
10
11.747676
20
0.845595
11
11.747443
21
0.845706
0
LINE
8
annotation
62
1
39
211
10
11.747443
20
0.845706
11
11.747189
21
0.845775
0
LINE
8
annotation
62
1
39
211
10
11.747189
20
0.845775
11
11.746919
21
0.845799
0
LINE
8
annotation
62
1
39
211
10
11.746919
20
0.845799
11
11.745420
21
0.845799
0
LINE
8
annotation
62
1
39
211
10
11.745233
20
0.841211
11
11.748608
21
0.841211
0
LINE
8
boundary
62
5
39
2
10
11.799273
20
1.726875
11
11.799273
21
2.458125
0
LINE
8
boundary
62
5
39
2
10
11.799273
20
2.458125
11
11.658648
21
2.467500
0
LINE
8
boundary
62
5
39
2
10
11.658648
20
2.467500
11
11.649273
21
1.726875
0
LINE
8
boundary
62
5
39
2
10
11.649273
20
1.726875
11
11.789898
21
1.717500
0
LINE
8
boundary
62
5
39
2
10
11.789898
20
1.717500
11
11.799273
21
1.726875
0
LINE
8
annotation
62
1
39
211
10
11.700118
20
2.086199
11
11.702370
21
2.086199
0
LINE
8
annotation
62
1
39
211
10
11.702370
20
2.086199
11
11.702370
21
2.086199
0
LINE
8
annotation
62
1
39
211
10
11.702370
20
2.086199
11
11.702638
21
2.086223
0
LINE
8
annotation
62
1
39
211
10
11.702638
20
2.086223
11
11.702891
21
2.086293
0
LINE
8
annotation
62
1
39
211
10
11.702891
20
2.086293
11
11.703124
21
2.086404
0
LINE
8
annotation
62
1
39
211
10
11.703124
20
2.086404
11
11.703333
21
2.086552
0
LINE
8
annotation
62
1
39
211
10
11.703333
20
2.086552
11
11.703514
21
2.086733
0
LINE
8
annotation
62
1
39
211
10
11.703514
20
2.086733
11
11.703662
21
2.086942
0
LINE
8
annotation
62
1
39
211
10
11.703662
20
2.086942
11
11.703773
21
2.087176
0
LINE
8
annotation
62
1
39
211
10
11.703773
20
2.087176
11
11.703843
21
2.087430
0
LINE
8
annotation
62
1
39
211
10
11.703843
20
2.087430
11
11.703867
21
2.087700
0
LINE
8
annotation
62
1
39
211
10
11.703867
20
2.087700
11
11.703867
21
2.091444
0
LINE
8
annotation
62
1
39
211
10
11.703867
20
2.091444
11
11.703867
21
2.091444
0
LINE
8
annotation
62
1
39
211
10
11.703867
20
2.091444
11
11.703843
21
2.091714
0
LINE
8
annotation
62
1
39
211
10
11.703843
20
2.091714
11
11.703773
21
2.091968
0
LINE
8
annotation
62
1
39
211
10
11.703773
20
2.091968
11
11.703662
21
2.092202
0
LINE
8
annotation
62
1
39
211
10
11.703662
20
2.092202
11
11.703514
21
2.092411
0
LINE
8
annotation
62
1
39
211
10
11.703514
20
2.092411
11
11.703333
21
2.092592
0
LINE
8
annotation
62
1
39
211
10
11.703333
20
2.092592
11
11.703124
21
2.092740
0
LINE
8
annotation
62
1
39
211
10
11.703124
20
2.092740
11
11.702891
21
2.092851
0
LINE
8
annotation
62
1
39
211
10
11.702891
20
2.092851
11
11.702638
21
2.092921
0
LINE
8
annotation
62
1
39
211
10
11.702638
20
2.092921
11
11.702370
21
2.092945
0
LINE
8
annotation
62
1
39
211
10
11.702370
20
2.092945
11
11.700118
21
2.092945
0
LINE
8
annotation
62
1
39
211
10
11.700118
20
2.092945
11
11.700118
21
2.086195
0
LINE
8
annotation
62
1
39
211
10
11.700118
20
2.086195
11
11.700118
21
2.086199
0
LINE
8
annotation
62
1
39
211
10
11.706398
20
2.087696
11
11.706398
21
2.087696
0
LINE
8
annotation
62
1
39
211
10
11.706398
20
2.087696
11
11.706422
21
2.087426
0
LINE
8
annotation
62
1
39
211
10
11.706422
20
2.087426
11
11.706492
21
2.087172
0
LINE
8
annotation
62
1
39
211
10
11.706492
20
2.087172
11
11.706603
21
2.086938
0
LINE
8
annotation
62
1
39
211
10
11.706603
20
2.086938
11
11.706751
21
2.086729
0
LINE
8
annotation
62
1
39
211
10
11.706751
20
2.086729
11
11.706932
21
2.086548
0
LINE
8
annotation
62
1
39
211
10
11.706932
20
2.086548
11
11.707142
21
2.086400
0
LINE
8
annotation
62
1
39
211
10
11.707142
20
2.086400
11
11.707376
21
2.086289
0
LINE
8
annotation
62
1
39
211
10
11.707376
20
2.086289
11
11.707629
21
2.086219
0
LINE
8
annotation
62
1
39
211
10
11.707629
20
2.086219
11
11.707899
21
2.086195
0
LINE
8
annotation
62
1
39
211
10
11.707899
20
2.086195
11
11.707899
21
2.086195
0
LINE
8
annotation
62
1
39
211
10
11.707899
20
2.086195
11
11.708169
21
2.086219
0
LINE
8
annotation
62
1
39
211
10
11.708169
20
2.086219
11
11.708423
21
2.086289
0
LINE
8
annotation
62
1
39
211
10
11.708423
20
2.086289
11
11.708657
21
2.086400
0
LINE
8
annotation
62
1
39
211
10
11.708657
20
2.086400
11
11.708866
21
2.086548
0
LINE
8
annotation
62
1
39
211
10
11.708866
20
2.086548
11
11.709047
21
2.086729
0
LINE
8
annotation
62
1
39
211
10
11.709047
20
2.086729
11
11.709195
21
2.086938
0
LINE
8
annotation
62
1
39
211
10
11.709195
20
2.086938
11
11.709306
21
2.087172
0
LINE
8
annotation
62
1
39
211
10
11.709306
20
2.087172
11
11.709376
21
2.087426
0
LINE
8
annotation
62
1
39
211
10
11.709376
20
2.087426
11
11.709400
21
2.087696
0
LINE
8
annotation
62
1
39
211
10
11.709400
20
2.087696
11
11.709400
21
2.089193
0
LINE
8
annotation
62
1
39
211
10
11.709400
20
2.089193
11
11.709400
21
2.089193
0
LINE
8
annotation
62
1
39
211
10
11.709400
20
2.089193
11
11.709376
21
2.089462
0
LINE
8
annotation
62
1
39
211
10
11.709376
20
2.089462
11
11.709306
21
2.089716
0
LINE
8
annotation
62
1
39
211
10
11.709306
20
2.089716
11
11.709195
21
2.089949
0
LINE
8
annotation
62
1
39
211
10
11.709195
20
2.089949
11
11.709047
21
2.090158
0
LINE
8
annotation
62
1
39
211
10
11.709047
20
2.090158
11
11.708866
21
2.090338
0
LINE
8
annotation
62
1
39
211
10
11.708866
20
2.090338
11
11.708656
21
2.090486
0
LINE
8
annotation
62
1
39
211
10
11.708656
20
2.090486
11
11.708423
21
2.090596
0
LINE
8
annotation
62
1
39
211
10
11.708423
20
2.090596
11
11.708169
21
2.090666
0
LINE
8
annotation
62
1
39
211
10
11.708169
20
2.090666
11
11.707899
21
2.090690
0
LINE
8
annotation
62
1
39
211
10
11.707899
20
2.090690
11
11.707899
21
2.090690
0
LINE
8
annotation
62
1
39
211
10
11.707899
20
2.090690
11
11.707629
21
2.090666
0
LINE
8
annotation
62
1
39
211
10
11.707629
20
2.090666
11
11.707376
21
2.090596
0
LINE
8
annotation
62
1
39
211
10
11.707376
20
2.090596
11
11.707142
21
2.090486
0
LINE
8
annotation
62
1
39
211
10
11.707142
20
2.090486
11
11.706932
21
2.090338
0
LINE
8
annotation
62
1
39
211
10
11.706932
20
2.090338
11
11.706751
21
2.090158
0
LINE
8
annotation
62
1
39
211
10
11.706751
20
2.090158
11
11.706603
21
2.089949
0
LINE
8
annotation
62
1
39
211
10
11.706603
20
2.089949
11
11.706492
21
2.089716
0
LINE
8
annotation
62
1
39
211
10
11.706492
20
2.089716
11
11.706422
21
2.089462
0
LINE
8
annotation
62
1
39
211
10
11.706422
20
2.089462
11
11.706398
21
2.089193
0
LINE
8
annotation
62
1
39
211
10
11.706398
20
2.089193
11
11.706398
21
2.087696
0
LINE
8
annotation
62
1
39
211
10
11.716435
20
2.090690
11
11.715307
21
2.086195
0
LINE
8
annotation
62
1
39
211
10
11.715307
20
2.086195
11
11.714183
21
2.089193
0
LINE
8
annotation
62
1
39
211
10
11.714183
20
2.089193
11
11.713060
21
2.086195
0
LINE
8
annotation
62
1
39
211
10
11.713060
20
2.086195
11
11.711932
21
2.090690
0
LINE
8
annotation
62
1
39
211
10
11.718966
20
2.088446
11
11.721965
21
2.088446
0
LINE
8
annotation
62
1
39
211
10
11.721965
20
2.088446
11
11.721965
21
2.089199
0
LINE
8
annotation
62
1
39
211
10
11.721965
20
2.089199
11
11.721965
21
2.089199
0
LINE
8
annotation
62
1
39
211
10
11.721965
20
2.089199
11
11.721940
21
2.089468
0
LINE
8
annotation
62
1
39
211
10
11.721940
20
2.089468
11
11.721871
21
2.089721
0
LINE
8
annotation
62
1
39
211
10
11.721871
20
2.089721
11
11.721760
21
2.089954
0
LINE
8
annotation
62
1
39
211
10
11.721760
20
2.089954
11
11.721612
21
2.090164
0
LINE
8
annotation
62
1
39
211
10
11.721612
20
2.090164
11
11.721432
21
2.090345
0
LINE
8
annotation
62
1
39
211
10
11.721432
20
2.090345
11
11.721222
21
2.090493
0
LINE
8
annotation
62
1
39
211
10
11.721222
20
2.090493
11
11.720989
21
2.090604
0
LINE
8
annotation
62
1
39
211
10
11.720989
20
2.090604
11
11.720735
21
2.090673
0
LINE
8
annotation
62
1
39
211
10
11.720735
20
2.090673
11
11.720465
21
2.090698
0
LINE
8
annotation
62
1
39
211
10
11.720465
20
2.090698
11
11.720465
21
2.090698
0
LINE
8
annotation
62
1
39
211
10
11.720465
20
2.090698
11
11.720196
21
2.090673
0
LINE
8
annotation
62
1
39
211
10
11.720196
20
2.090673
11
11.719943
21
2.090604
0
LINE
8
annotation
62
1
39
211
10
11.719943
20
2.090604
11
11.719710
21
2.090493
0
LINE
8
annotation
62
1
39
211
10
11.719710
20
2.090493
11
11.719500
21
2.090345
0
LINE
8
annotation
62
1
39
211
10
11.719500
20
2.090345
11
11.719319
21
2.090164
0
LINE
8
annotation
62
1
39
211
10
11.719319
20
2.090164
11
11.719171
21
2.089954
0
LINE
8
annotation
62
1
39
211
10
11.719171
20
2.089954
11
11.719060
21
2.089721
0
LINE
8
annotation
62
1
39
211
10
11.719060
20
2.089721
11
11.718991
21
2.089468
0
LINE
8
annotation
62
1
39
211
10
11.718991
20
2.089468
11
11.718966
21
2.089199
0
LINE
8
annotation
62
1
39
211
10
11.718966
20
2.089199
11
11.718966
21
2.087324
0
LINE
8
annotation
62
1
39
211
10
11.718966
20
2.087324
11
11.718966
21
2.087324
0
LINE
8
annotation
62
1
39
211
10
11.718966
20
2.087324
11
11.718985
21
2.087121
0
LINE
8
annotation
62
1
39
211
10
11.718985
20
2.087121
11
11.719037
21
2.086930
0
LINE
8
annotation
62
1
39
211
10
11.719037
20
2.086930
11
11.719120
21
2.086754
0
LINE
8
annotation
62
1
39
211
10
11.719120
20
2.086754
11
11.719231
21
2.086596
0
LINE
8
annotation
62
1
39
211
10
11.719231
20
2.086596
11
11.719367
21
2.086460
0
LINE
8
annotation
62
1
39
211
10
11.719367
20
2.086460
11
11.719524
21
2.086348
0
LINE
8
annotation
62
1
39
211
10
11.719524
20
2.086348
11
11.719699
21
2.086265
0
LINE
8
annotation
62
1
39
211
10
11.719699
20
2.086265
11
11.719890
21
2.086213
0
LINE
8
annotation
62
1
39
211
10
11.719890
20
2.086213
11
11.720092
21
2.086194
0
LINE
8
annotation
62
1
39
211
10
11.720092
20
2.086194
11
11.721964
21
2.086194
0
LINE
8
annotation
62
1
39
211
10
11.725251
20
2.086194
11
11.725251
21
2.086194
0
LINE
8
annotation
62
1
39
211
10
11.725251
20
2.086194
11
11.725115
21
2.086206
0
LINE
8
annotation
62
1
39
211
10
11.725115
20
2.086206
11
11.724987
21
2.086241
0
LINE
8
annotation
62
1
39
211
10
11.724987
20
2.086241
11
11.724869
21
2.086296
0
LINE
8
annotation
62
1
39
211
10
11.724869
20
2.086296
11
11.724764
21
2.086371
0
LINE
8
annotation
62
1
39
211
10
11.724764
20
2.086371
11
11.724673
21
2.086461
0
LINE
8
annotation
62
1
39
211
10
11.724673
20
2.086461
11
11.724599
21
2.086567
0
LINE
8
annotation
62
1
39
211
10
11.724599
20
2.086567
11
11.724543
21
2.086684
0
LINE
8
annotation
62
1
39
211
10
11.724543
20
2.086684
11
11.724508
21
2.086812
0
LINE
8
annotation
62
1
39
211
10
11.724508
20
2.086812
11
11.724496
21
2.086948
0
LINE
8
annotation
62
1
39
211
10
11.724496
20
2.086948
11
11.724496
21
2.092951
0
LINE
8
annotation
62
1
39
211
10
11.731474
20
2.089570
11
11.727783
21
2.089570
0
LINE
8
annotation
62
1
39
211
10
11.734005
20
2.086195
11
11.735504
21
2.086195
0
LINE
8
annotation
62
1
39
211
10
11.735504
20
2.086195
11
11.735504
21
2.086195
0
LINE
8
annotation
62
1
39
211
10
11.735504
20
2.086195
11
11.735773
21
2.086219
0
LINE
8
annotation
62
1
39
211
10
11.735773
20
2.086219
11
11.736027
21
2.086289
0
LINE
8
annotation
62
1
39
211
10
11.736027
20
2.086289
11
11.736260
21
2.086400
0
LINE
8
annotation
62
1
39
211
10
11.736260
20
2.086400
11
11.736469
21
2.086548
0
LINE
8
annotation
62
1
39
211
10
11.736469
20
2.086548
11
11.736650
21
2.086729
0
LINE
8
annotation
62
1
39
211
10
11.736650
20
2.086729
11
11.736798
21
2.086938
0
LINE
8
annotation
62
1
39
211
10
11.736798
20
2.086938
11
11.736909
21
2.087172
0
LINE
8
annotation
62
1
39
211
10
11.736909
20
2.087172
11
11.736979
21
2.087426
0
LINE
8
annotation
62
1
39
211
10
11.736979
20
2.087426
11
11.737003
21
2.087695
0
LINE
8
annotation
62
1
39
211
10
11.737003
20
2.087695
11
11.737003
21
2.088442
0
LINE
8
annotation
62
1
39
211
10
11.737003
20
2.088442
11
11.737003
21
2.088442
0
LINE
8
annotation
62
1
39
211
10
11.737003
20
2.088442
11
11.736979
21
2.088712
0
LINE
8
annotation
62
1
39
211
10
11.736979
20
2.088712
11
11.736909
21
2.088965
0
LINE
8
annotation
62
1
39
211
10
11.736909
20
2.088965
11
11.736798
21
2.089199
0
LINE
8
annotation
62
1
39
211
10
11.736798
20
2.089199
11
11.736650
21
2.089407
0
LINE
8
annotation
62
1
39
211
10
11.736650
20
2.089407
11
11.736469
21
2.089588
0
LINE
8
annotation
62
1
39
211
10
11.736469
20
2.089588
11
11.736260
21
2.089735
0
LINE
8
annotation
62
1
39
211
10
11.736260
20
2.089735
11
11.736027
21
2.089846
0
LINE
8
annotation
62
1
39
211
10
11.736027
20
2.089846
11
11.735773
21
2.089915
0
LINE
8
annotation
62
1
39
211
10
11.735773
20
2.089915
11
11.735504
21
2.089939
0
LINE
8
annotation
62
1
39
211
10
11.735504
20
2.089939
11
11.734005
21
2.089939
0
LINE
8
annotation
62
1
39
211
10
11.734005
20
2.089939
11
11.734005
21
2.092945
0
LINE
8
annotation
62
1
39
211
10
11.734005
20
2.092945
11
11.737003
21
2.092945
0
LINE
8
annotation
62
1
39
211
10
11.740283
20
2.086195
11
11.740283
21
2.086195
0
LINE
8
annotation
62
1
39
211
10
11.740283
20
2.086195
11
11.740712
21
2.086354
0
LINE
8
annotation
62
1
39
211
10
11.740712
20
2.086354
11
11.741105
21
2.086570
0
LINE
8
annotation
62
1
39
211
10
11.741105
20
2.086570
11
11.741460
21
2.086837
0
LINE
8
annotation
62
1
39
211
10
11.741460
20
2.086837
11
11.741770
21
2.087149
0
LINE
8
annotation
62
1
39
211
10
11.741770
20
2.087149
11
11.742034
21
2.087500
0
LINE
8
annotation
62
1
39
211
10
11.742034
20
2.087500
11
11.742246
21
2.087886
0
LINE
8
annotation
62
1
39
211
10
11.742246
20
2.087886
11
11.742402
21
2.088300
0
LINE
8
annotation
62
1
39
211
10
11.742402
20
2.088300
11
11.742499
21
2.088738
0
LINE
8
annotation
62
1
39
211
10
11.742499
20
2.088738
11
11.742532
21
2.089193
0
LINE
8
annotation
62
1
39
211
10
11.742532
20
2.089193
11
11.742532
21
2.091444
0
LINE
8
annotation
62
1
39
211
10
11.742532
20
2.091444
11
11.742532
21
2.091444
0
LINE
8
annotation
62
1
39
211
10
11.742532
20
2.091444
11
11.742508
21
2.091714
0
LINE
8
annotation
62
1
39
211
10
11.742508
20
2.091714
11
11.742439
21
2.091968
0
LINE
8
annotation
62
1
39
211
10
11.742439
20
2.091968
11
11.742328
21
2.092202
0
LINE
8
annotation
62
1
39
211
10
11.742328
20
2.092202
11
11.742180
21
2.092411
0
LINE
8
annotation
62
1
39
211
10
11.742180
20
2.092411
11
11.741999
21
2.092592
0
LINE
8
annotation
62
1
39
211
10
11.741999
20
2.092592
11
11.741790
21
2.092740
0
LINE
8
annotation
62
1
39
211
10
11.741790
20
2.092740
11
11.741557
21
2.092851
0
LINE
8
annotation
62
1
39
211
10
11.741557
20
2.092851
11
11.741303
21
2.092921
0
LINE
8
annotation
62
1
39
211
10
11.741303
20
2.092921
11
11.741033
21
2.092945
0
LINE
8
annotation
62
1
39
211
10
11.741033
20
2.092945
11
11.741033
21
2.092945
0
LINE
8
annotation
62
1
39
211
10
11.741033
20
2.092945
11
11.740764
21
2.092921
0
LINE
8
annotation
62
1
39
211
10
11.740764
20
2.092921
11
11.740511
21
2.092851
0
LINE
8
annotation
62
1
39
211
10
11.740511
20
2.092851
11
11.740277
21
2.092740
0
LINE
8
annotation
62
1
39
211
10
11.740277
20
2.092740
11
11.740068
21
2.092592
0
LINE
8
annotation
62
1
39
211
10
11.740068
20
2.092592
11
11.739887
21
2.092411
0
LINE
8
annotation
62
1
39
211
10
11.739887
20
2.092411
11
11.739739
21
2.092202
0
LINE
8
annotation
62
1
39
211
10
11.739739
20
2.092202
11
11.739628
21
2.091968
0
LINE
8
annotation
62
1
39
211
10
11.739628
20
2.091968
11
11.739558
21
2.091714
0
LINE
8
annotation
62
1
39
211
10
11.739558
20
2.091714
11
11.739534
21
2.091444
0
LINE
8
annotation
62
1
39
211
10
11.739534
20
2.091444
11
11.739534
21
2.090694
0
LINE
8
annotation
62
1
39
211
10
11.739534
20
2.090694
11
11.739534
21
2.090694
0
LINE
8
annotation
62
1
39
211
10
11.739534
20
2.090694
11
11.739558
21
2.090424
0
LINE
8
annotation
62
1
39
211
10
11.739558
20
2.090424
11
11.739628
21
2.090170
0
LINE
8
annotation
62
1
39
211
10
11.739628
20
2.090170
11
11.739739
21
2.089936
0
LINE
8
annotation
62
1
39
211
10
11.739739
20
2.089936
11
11.739887
21
2.089727
0
LINE
8
annotation
62
1
39
211
10
11.739887
20
2.089727
11
11.740068
21
2.089546
0
LINE
8
annotation
62
1
39
211
10
11.740068
20
2.089546
11
11.740277
21
2.089398
0
LINE
8
annotation
62
1
39
211
10
11.740277
20
2.089398
11
11.740511
21
2.089287
0
LINE
8
annotation
62
1
39
211
10
11.740511
20
2.089287
11
11.740764
21
2.089217
0
LINE
8
annotation
62
1
39
211
10
11.740764
20
2.089217
11
11.741033
21
2.089193
0
LINE
8
annotation
62
1
39
211
10
11.741033
20
2.089193
11
11.742532
21
2.089193
0
LINE
8
annotation
62
1
39
211
10
11.739347
20
2.085351
11
11.742722
21
2.085351
0
LINE
8
annotation
62
1
39
211
10
11.748756
20
2.089570
11
11.745065
21
2.089570
0
LINE
8
annotation
62
1
39
211
10
11.751287
20
2.086195
11
11.752786
21
2.086195
0
LINE
8
annotation
62
1
39
211
10
11.752786
20
2.086195
11
11.752786
21
2.086195
0
LINE
8
annotation
62
1
39
211
10
11.752786
20
2.086195
11
11.753055
21
2.086219
0
LINE
8
annotation
62
1
39
211
10
11.753055
20
2.086219
11
11.753308
21
2.086289
0
LINE
8
annotation
62
1
39
211
10
11.753308
20
2.086289
11
11.753542
21
2.086400
0
LINE
8
annotation
62
1
39
211
10
11.753542
20
2.086400
11
11.753751
21
2.086548
0
LINE
8
annotation
62
1
39
211
10
11.753751
20
2.086548
11
11.753932
21
2.086729
0
LINE
8
annotation
62
1
39
211
10
11.753932
20
2.086729
11
11.754080
21
2.086938
0
LINE
8
annotation
62
1
39
211
10
11.754080
20
2.086938
11
11.754191
21
2.087172
0
LINE
8
annotation
62
1
39
211
10
11.754191
20
2.087172
11
11.754261
21
2.087426
0
LINE
8
annotation
62
1
39
211
10
11.754261
20
2.087426
11
11.754285
21
2.087695
0
LINE
8
annotation
62
1
39
211
10
11.754285
20
2.087695
11
11.754285
21
2.088442
0
LINE
8
annotation
62
1
39
211
10
11.754285
20
2.088442
11
11.754285
21
2.088442
0
LINE
8
annotation
62
1
39
211
10
11.754285
20
2.088442
11
11.754261
21
2.088712
0
LINE
8
annotation
62
1
39
211
10
11.754261
20
2.088712
11
11.754191
21
2.088965
0
LINE
8
annotation
62
1
39
211
10
11.754191
20
2.088965
11
11.754080
21
2.089199
0
LINE
8
annotation
62
1
39
211
10
11.754080
20
2.089199
11
11.753932
21
2.089407
0
LINE
8
annotation
62
1
39
211
10
11.753932
20
2.089407
11
11.753751
21
2.089588
0
LINE
8
annotation
62
1
39
211
10
11.753751
20
2.089588
11
11.753542
21
2.089735
0
LINE
8
annotation
62
1
39
211
10
11.753542
20
2.089735
11
11.753309
21
2.089846
0
LINE
8
annotation
62
1
39
211
10
11.753309
20
2.089846
11
11.753055
21
2.089915
0
LINE
8
annotation
62
1
39
211
10
11.753055
20
2.089915
11
11.752786
21
2.089939
0
LINE
8
annotation
62
1
39
211
10
11.752786
20
2.089939
11
11.751287
21
2.089939
0
LINE
8
annotation
62
1
39
211
10
11.751287
20
2.089939
11
11.751287
21
2.092945
0
LINE
8
annotation
62
1
39
211
10
11.751287
20
2.092945
11
11.754285
21
2.092945
0
LINE
8
hole
62
5
39
2
10
10.563702
20
3.437468
11
10.403702
21
3.437468
0
LINE
8
hole
62
5
39
2
10
10.403702
20
3.437468
11
10.403702
21
3.597468
0
LINE
8
hole
62
5
39
2
10
10.403702
20
3.597468
11
10.563702
21
3.597468
0
LINE
8
hole
62
5
39
2
10
10.563702
20
3.597468
11
10.563702
21
3.437468
0
LINE
8
hole
62
5
39
2
10
9.836391
20
3.851764
11
9.676391
21
3.851764
0
LINE
8
hole
62
5
39
2
10
9.676391
20
3.851764
11
9.676391
21
4.011764
0
LINE
8
hole
62
5
39
2
10
9.676391
20
4.011764
11
9.836391
21
4.011764
0
LINE
8
hole
62
5
39
2
10
9.836391
20
4.011764
11
9.836391
21
3.851764
0
LINE
8
boundary
62
5
39
2
10
11.515348
20
3.530012
11
11.540811
21
3.559167
0
LINE
8
boundary
62
5
39
2
10
11.540811
20
3.559167
11
11.515348
21
3.610977
0
LINE
8
boundary
62
5
39
2
10
11.515348
20
3.610977
11
11.489731
21
3.636288
0
LINE
8
boundary
62
5
39
2
10
11.489731
20
3.636288
11
11.433950
21
3.662503
0
LINE
8
boundary
62
5
39
2
10
11.433950
20
3.662503
11
11.413979
21
3.679412
0
LINE
8
boundary
62
5
39
2
10
11.413979
20
3.679412
11
11.395922
21
3.694005
0
LINE
8
boundary
62
5
39
2
10
11.395922
20
3.694005
11
11.370610
21
3.698299
0
LINE
8
boundary
62
5
39
2
10
11.370610
20
3.698299
11
11.307453
21
3.700072
0
LINE
8
boundary
62
5
39
2
10
11.307453
20
3.700072
11
11.282142
21
3.704366
0
LINE
8
boundary
62
5
39
2
10
11.282142
20
3.704366
11
11.260856
21
3.712962
0
LINE
8
boundary
62
5
39
2
10
11.260856
20
3.712962
11
11.195734
21
3.722451
0
LINE
8
boundary
62
5
39
2
10
11.195734
20
3.722451
11
11.168362
21
3.736331
0
LINE
8
boundary
62
5
39
2
10
11.168362
20
3.736331
11
11.117147
21
3.767393
0
LINE
8
boundary
62
5
39
2
10
11.117147
20
3.767393
11
11.078604
21
3.793192
0
LINE
8
boundary
62
5
39
2
10
11.078604
20
3.793192
11
11.054582
21
3.810001
0
LINE
8
boundary
62
5
39
2
10
11.054582
20
3.810001
11
11.011629
21
3.844773
0
LINE
8
boundary
62
5
39
2
10
11.011629
20
3.844773
11
10.940802
21
3.899937
0
LINE
8
boundary
62
5
39
2
10
10.940802
20
3.899937
11
10.884973
21
3.927261
0
LINE
8
boundary
62
5
39
2
10
10.884973
20
3.927261
11
10.855058
21
3.943256
0
LINE
8
boundary
62
5
39
2
10
10.855058
20
3.943256
11
10.827022
21
3.954278
0
LINE
8
boundary
62
5
39
2
10
10.827022
20
3.954278
11
10.804532
21
3.962216
0
LINE
8
boundary
62
5
39
2
10
10.804532
20
3.962216
11
10.738869
21
3.988705
0
LINE
8
boundary
62
5
39
2
10
10.738869
20
3.988705
11
10.713241
21
3.997120
0
LINE
8
boundary
62
5
39
2
10
10.713241
20
3.997120
11
10.678921
21
4.008936
0
LINE
8
boundary
62
5
39
2
10
10.678921
20
4.008936
11
10.644601
21
4.020752
0
LINE
8
boundary
62
5
39
2
10
10.644601
20
4.020752
11
10.631360
21
4.050005
0
LINE
8
boundary
62
5
39
2
10
10.631360
20
4.050005
11
10.599461
21
4.123620
0
LINE
8
boundary
62
5
39
2
10
10.599461
20
4.123620
11
10.596781
21
4.144198
0
LINE
8
boundary
62
5
39
2
10
10.596781
20
4.144198
11
10.612734
21
4.235040
0
LINE
8
boundary
62
5
39
2
10
10.612734
20
4.235040
11
10.618509
21
4.267360
0
LINE
8
boundary
62
5
39
2
10
10.618509
20
4.267360
11
10.630073
21
4.331481
0
LINE
8
boundary
62
5
39
2
10
10.630073
20
4.331481
11
10.635596
21
4.362092
0
LINE
8
boundary
62
5
39
2
10
10.635596
20
4.362092
11
10.643037
21
4.403295
0
LINE
8
boundary
62
5
39
2
10
10.643037
20
4.403295
11
10.656143
21
4.475872
0
LINE
8
boundary
62
5
39
2
10
10.656143
20
4.475872
11
10.643669
21
4.522512
0
LINE
8
boundary
62
5
39
2
10
10.643669
20
4.522512
11
10.626084
21
4.558750
0
LINE
8
boundary
62
5
39
2
10
10.626084
20
4.558750
11
10.613375
21
4.589653
0
LINE
8
boundary
62
5
39
2
10
10.613375
20
4.589653
11
10.588879
21
4.595652
0
LINE
8
boundary
62
5
39
2
10
10.588879
20
4.595652
11
10.558431
21
4.604636
0
LINE
8
boundary
62
5
39
2
10
10.558431
20
4.604636
11
10.517631
21
4.622073
0
LINE
8
boundary
62
5
39
2
10
10.517631
20
4.622073
11
10.485681
21
4.628776
0
LINE
8
boundary
62
5
39
2
10
10.485681
20
4.628776
11
10.460438
21
4.621718
0
LINE
8
boundary
62
5
39
2
10
10.460438
20
4.621718
11
10.394555
21
4.628807
0
LINE
8
boundary
62
5
39
2
10
10.394555
20
4.628807
11
10.371901
21
4.621062
0
LINE
8
boundary
62
5
39
2
10
10.371901
20
4.621062
11
10.346131
21
4.605357
0
LINE
8
boundary
62
5
39
2
10
10.346131
20
4.605357
11
10.320360
21
4.589653
0
LINE
8
boundary
62
5
39
2
10
10.320360
20
4.589653
11
10.304541
21
4.562755
0
LINE
8
boundary
62
5
39
2
10
10.304541
20
4.562755
11
10.285296
21
4.537737
0
LINE
8
boundary
62
5
39
2
10
10.285296
20
4.537737
11
10.258121
21
4.498261
0
LINE
8
boundary
62
5
39
2
10
10.258121
20
4.498261
11
10.246309
21
4.475872
0
LINE
8
boundary
62
5
39
2
10
10.246309
20
4.475872
11
10.237689
21
4.426611
0
LINE
8
boundary
62
5
39
2
10
10.237689
20
4.426611
11
10.226177
21
4.362092
0
LINE
8
boundary
62
5
39
2
10
10.226177
20
4.362092
11
10.216451
21
4.318129
0
LINE
8
boundary
62
5
39
2
10
10.216451
20
4.318129
11
10.209524
21
4.292276
0
LINE
8
boundary
62
5
39
2
10
10.209524
20
4.292276
11
10.199276
21
4.248312
0
LINE
8
boundary
62
5
39
2
10
10.199276
20
4.248312
11
10.182353
21
4.220506
0
LINE
8
boundary
62
5
39
2
10
10.182353
20
4.220506
11
10.170124
21
4.198575
0
LINE
8
boundary
62
5
39
2
10
10.170124
20
4.198575
11
10.144341
21
4.175739
0
LINE
8
boundary
62
5
39
2
10
10.144341
20
4.175739
11
10.108850
21
4.180519
0
LINE
8
boundary
62
5
39
2
10
10.108850
20
4.180519
11
10.066052
21
4.176958
0
LINE
8
boundary
62
5
39
2
10
10.066052
20
4.176958
11
10.030561
21
4.178895
0
LINE
8
boundary
62
5
39
2
10
10.030561
20
4.178895
11
9.999151
21
4.178987
0
LINE
8
boundary
62
5
39
2
10
9.999151
20
4.178987
11
9.948191
21
4.183434
0
LINE
8
boundary
62
5
39
2
10
9.948191
20
4.183434
11
9.916781
21
4.183038
0
LINE
8
boundary
62
5
39
2
10
9.916781
20
4.183038
11
9.875496
21
4.177634
0
LINE
8
boundary
62
5
39
2
10
9.875496
20
4.177634
11
9.844286
21
4.175904
0
LINE
8
boundary
62
5
39
2
10
9.844286
20
4.175904
11
9.803001
21
4.168907
0
LINE
8
boundary
62
5
39
2
10
9.803001
20
4.168907
11
9.758411
21
4.150494
0
LINE
8
boundary
62
5
39
2
10
9.758411
20
4.150494
11
9.723431
21
4.134532
0
LINE
8
boundary
62
5
39
2
10
9.723431
20
4.134532
11
9.702276
21
4.121194
0
LINE
8
boundary
62
5
39
2
10
9.702276
20
4.121194
11
9.659710
21
4.073452
0
LINE
8
boundary
62
5
39
2
10
9.659710
20
4.073452
11
9.622052
21
4.020752
0
LINE
8
boundary
62
5
39
2
10
9.622052
20
4.020752
11
9.617050
21
3.985713
0
LINE
8
boundary
62
5
39
2
10
9.617050
20
3.985713
11
9.613770
21
3.942011
0
LINE
8
boundary
62
5
39
2
10
9.613770
20
3.942011
11
9.609218
21
3.906972
0
LINE
8
boundary
62
5
39
2
10
9.609218
20
3.906972
11
9.608365
21
3.875925
0
LINE
8
boundary
62
5
39
2
10
9.608365
20
3.875925
11
9.607703
21
3.824239
0
LINE
8
boundary
62
5
39
2
10
9.607703
20
3.824239
11
9.606868
21
3.793192
0
LINE
8
boundary
62
5
39
2
10
9.606868
20
3.793192
11
9.620381
21
3.759218
0
LINE
8
boundary
62
5
39
2
10
9.620381
20
3.759218
11
9.647321
21
3.713386
0
LINE
8
boundary
62
5
39
2
10
9.647321
20
3.713386
11
9.659115
21
3.679412
0
LINE
8
boundary
62
5
39
2
10
9.659115
20
3.679412
11
9.674168
21
3.658770
0
LINE
8
boundary
62
5
39
2
10
9.674168
20
3.658770
11
9.689221
21
3.638129
0
LINE
8
boundary
62
5
39
2
10
9.689221
20
3.638129
11
9.700187
21
3.618861
0
LINE
8
boundary
62
5
39
2
10
9.700187
20
3.618861
11
9.720537
21
3.588983
0
LINE
8
boundary
62
5
39
2
10
9.720537
20
3.588983
11
9.732855
21
3.565632
0
LINE
8
boundary
62
5
39
2
10
9.732855
20
3.565632
11
9.744258
21
3.540320
0
LINE
8
boundary
62
5
39
2
10
9.744258
20
3.540320
11
9.785332
21
3.477163
0
LINE
8
boundary
62
5
39
2
10
9.785332
20
3.477163
11
9.796736
21
3.451852
0
LINE
8
boundary
62
5
39
2
10
9.796736
20
3.451852
11
9.819493
21
3.417652
0
LINE
8
boundary
62
5
39
2
10
9.819493
20
3.417652
11
9.851987
21
3.360381
0
LINE
8
boundary
62
5
39
2
10
9.851987
20
3.360381
11
9.868479
21
3.338072
0
LINE
8
boundary
62
5
39
2
10
9.868479
20
3.338072
11
9.907962
21
3.308291
0
LINE
8
boundary
62
5
39
2
10
9.907962
20
3.308291
11
9.942092
21
3.289600
0
LINE
8
boundary
62
5
39
2
10
9.942092
20
3.289600
11
10.005250
21
3.260013
0
LINE
8
boundary
62
5
39
2
10
10.005250
20
3.260013
11
10.030561
21
3.247988
0
LINE
8
boundary
62
5
39
2
10
10.030561
20
3.247988
11
10.053433
21
3.230912
0
LINE
8
boundary
62
5
39
2
10
10.053433
20
3.230912
11
10.074613
21
3.198980
0
LINE
8
boundary
62
5
39
2
10
10.074613
20
3.198980
11
10.117863
21
3.135823
0
LINE
8
boundary
62
5
39
2
10
10.117863
20
3.135823
11
10.128499
21
3.110512
0
LINE
8
boundary
62
5
39
2
10
10.128499
20
3.110512
11
10.132543
21
3.090795
0
LINE
8
boundary
62
5
39
2
10
10.132543
20
3.090795
11
10.144341
21
3.062011
0
LINE
8
boundary
62
5
39
2
10
10.144341
20
3.062011
11
10.158327
21
3.039097
0
LINE
8
boundary
62
5
39
2
10
10.158327
20
3.039097
11
10.170199
21
3.019646
0
LINE
8
boundary
62
5
39
2
10
10.170199
20
3.019646
11
10.184184
21
2.996732
0
LINE
8
boundary
62
5
39
2
10
10.184184
20
2.996732
11
10.189827
21
2.976193
0
LINE
8
boundary
62
5
39
2
10
10.189827
20
2.976193
11
10.213094
21
2.906722
0
LINE
8
boundary
62
5
39
2
10
10.213094
20
2.906722
11
10.219443
21
2.882951
0
LINE
8
boundary
62
5
39
2
10
10.219443
20
2.882951
11
10.228721
21
2.856495
0
LINE
8
boundary
62
5
39
2
10
10.228721
20
2.856495
11
10.239863
21
2.834850
0
LINE
8
boundary
62
5
39
2
10
10.239863
20
2.834850
11
10.258121
21
2.781787
0
LINE
8
boundary
62
5
39
2
10
10.258121
20
2.781787
11
10.293490
21
2.809038
0
LINE
8
boundary
62
5
39
2
10
10.293490
20
2.809038
11
10.317304
21
2.822903
0
LINE
8
boundary
62
5
39
2
10
10.317304
20
2.822903
11
10.327334
21
2.843333
0
LINE
8
boundary
62
5
39
2
10
10.327334
20
2.843333
11
10.354524
21
2.882951
0
LINE
8
boundary
62
5
39
2
10
10.354524
20
2.882951
11
10.362687
21
2.903484
0
LINE
8
boundary
62
5
39
2
10
10.362687
20
2.903484
11
10.371901
21
2.932054
0
LINE
8
boundary
62
5
39
2
10
10.371901
20
2.932054
11
10.384226
21
2.984407
0
LINE
8
boundary
62
5
39
2
10
10.384226
20
2.984407
11
10.396920
21
3.034081
0
LINE
8
boundary
62
5
39
2
10
10.396920
20
3.034081
11
10.406435
21
3.075624
0
LINE
8
boundary
62
5
39
2
10
10.406435
20
3.075624
11
10.419483
21
3.110512
0
LINE
8
boundary
62
5
39
2
10
10.419483
20
3.110512
11
10.452582
21
3.121452
0
LINE
8
boundary
62
5
39
2
10
10.452582
20
3.121452
11
10.485681
21
3.132393
0
LINE
8
boundary
62
5
39
2
10
10.485681
20
3.132393
11
10.512166
21
3.140515
0
LINE
8
boundary
62
5
39
2
10
10.512166
20
3.140515
11
10.576012
21
3.145193
0
LINE
8
boundary
62
5
39
2
10
10.576012
20
3.145193
11
10.599461
21
3.150345
0
LINE
8
boundary
62
5
39
2
10
10.599461
20
3.150345
11
10.624773
21
3.157853
0
LINE
8
boundary
62
5
39
2
10
10.624773
20
3.157853
11
10.687930
21
3.179248
0
LINE
8
boundary
62
5
39
2
10
10.687930
20
3.179248
11
10.713241
21
3.186756
0
LINE
8
boundary
62
5
39
2
10
10.713241
20
3.186756
11
10.740795
21
3.196225
0
LINE
8
boundary
62
5
39
2
10
10.740795
20
3.196225
11
10.775052
21
3.211780
0
LINE
8
boundary
62
5
39
2
10
10.775052
20
3.211780
11
10.808273
21
3.224292
0
LINE
8
boundary
62
5
39
2
10
10.808273
20
3.224292
11
10.827022
21
3.237051
0
LINE
8
boundary
62
5
39
2
10
10.827022
20
3.237051
11
10.863094
21
3.264995
0
LINE
8
boundary
62
5
39
2
10
10.863094
20
3.264995
11
10.907483
21
3.302397
0
LINE
8
boundary
62
5
39
2
10
10.907483
20
3.302397
11
10.926300
21
3.317213
0
LINE
8
boundary
62
5
39
2
10
10.926300
20
3.317213
11
10.948654
21
3.334723
0
LINE
8
boundary
62
5
39
2
10
10.948654
20
3.334723
11
10.977182
21
3.353479
0
LINE
8
boundary
62
5
39
2
10
10.977182
20
3.353479
11
11.008067
21
3.372802
0
LINE
8
boundary
62
5
39
2
10
11.008067
20
3.372802
11
11.054582
21
3.401269
0
LINE
8
boundary
62
5
39
2
10
11.054582
20
3.401269
11
11.143113
21
3.421871
0
LINE
8
boundary
62
5
39
2
10
11.143113
20
3.421871
11
11.168362
21
3.436452
0
LINE
8
boundary
62
5
39
2
10
11.168362
20
3.436452
11
11.194937
21
3.440926
0
LINE
8
boundary
62
5
39
2
10
11.194937
20
3.440926
11
11.262250
21
3.443870
0
LINE
8
boundary
62
5
39
2
10
11.262250
20
3.443870
11
11.282142
21
3.446922
0
LINE
8
boundary
62
5
39
2
10
11.282142
20
3.446922
11
11.309930
21
3.449111
0
LINE
8
boundary
62
5
39
2
10
11.309930
20
3.449111
11
11.344739
21
3.451852
0
LINE
8
boundary
62
5
39
2
10
11.344739
20
3.451852
11
11.375424
21
3.455967
0
LINE
8
boundary
62
5
39
2
10
11.375424
20
3.455967
11
11.395922
21
3.460179
0
LINE
8
boundary
62
5
39
2
10
11.395922
20
3.460179
11
11.421233
21
3.475454
0
LINE
8
boundary
62
5
39
2
10
11.421233
20
3.475454
11
11.484391
21
3.508272
0
LINE
8
boundary
62
5
39
2
10
11.484391
20
3.508272
11
11.509702
21
3.523548
0
LINE
8
boundary
62
5
39
2
10
11.509702
20
3.523548
11
11.515348
21
3.530012
0
LINE
8
annotation
62
1
39
211
10
10.947180
20
3.703955
11
10.940802
21
3.705918
0
LINE
8
annotation
62
1
39
211
10
10.940802
20
3.705918
11
10.924987
21
3.714480
0
LINE
8
annotation
62
1
39
211
10
10.924987
20
3.714480
11
10.849509
21
3.777711
0
LINE
8
annotation
62
1
39
211
10
10.849509
20
3.777711
11
10.843997
21
3.781388
0
LINE
8
annotation
62
1
39
211
10
10.463062
20
4.060963
11
10.407519
21
4.120279
0
LINE
8
annotation
62
1
39
211
10
10.407519
20
4.120279
11
10.391716
21
4.134534
0
LINE
8
annotation
62
1
39
211
10
10.391716
20
4.134534
11
10.391423
21
4.181231
0
LINE
8
annotation
62
1
39
211
10
10.391423
20
4.181231
11
10.392715
21
4.201616
0
LINE
8
annotation
62
1
39
211
10
10.392715
20
4.201616
11
10.391156
21
4.248311
0
LINE
8
annotation
62
1
39
211
10
10.391156
20
4.248311
11
10.399150
21
4.292606
0
LINE
8
annotation
62
1
39
211
10
10.399150
20
4.292606
11
10.403885
21
4.317800
0
LINE
8
annotation
62
1
39
211
10
10.403885
20
4.317800
11
10.411988
21
4.362091
0
LINE
8
annotation
62
1
39
211
10
10.411988
20
4.362091
11
10.417668
21
4.393192
0
LINE
8
annotation
62
1
39
211
10
10.417668
20
4.393192
11
10.426842
21
4.444770
0
LINE
8
annotation
62
1
39
211
10
10.426842
20
4.444770
11
10.432121
21
4.473899
0
LINE
8
annotation
62
1
39
211
10
10.264659
20
3.173683
11
10.273013
21
3.174624
0
LINE
8
annotation
62
1
39
211
10
10.273013
20
3.174624
11
10.284136
21
3.176823
0
LINE
8
annotation
62
1
39
211
10
10.044840
20
3.782403
11
10.044840
21
3.991900
0
LINE
8
annotation
62
1
39
211
10
10.044840
20
3.991900
11
9.998266
21
3.945313
0
LINE
8
annotation
62
1
39
211
10
10.169974
20
3.782403
11
10.169974
21
3.991900
0
LINE
8
annotation
62
1
39
211
10
10.169974
20
3.991900
11
10.123401
21
3.945313
0
LINE
8
annotation
62
1
39
211
10
10.363098
20
3.887152
11
10.248549
21
3.887152
0
LINE
8
annotation
62
1
39
211
10
10.488220
20
3.782403
11
10.488220
21
3.991900
0
LINE
8
annotation
62
1
39
211
10
10.488220
20
3.991900
11
10.441646
21
3.945313
0
LINE
8
boundary
62
5
39
2
10
11.821457
20
2.791162
11
11.821457
21
4.272412
0
LINE
8
boundary
62
5
39
2
10
11.821457
20
4.272412
11
11.680832
21
4.281787
0
LINE
8
boundary
62
5
39
2
10
11.680832
20
4.281787
11
11.671457
21
2.791162
0
LINE
8
boundary
62
5
39
2
10
11.671457
20
2.791162
11
11.812082
21
2.781787
0
LINE
8
boundary
62
5
39
2
10
11.812082
20
2.781787
11
11.821457
21
2.791162
0
LINE
8
annotation
62
1
39
211
10
11.716443
20
3.531346
11
11.718694
21
3.531346
0
LINE
8
annotation
62
1
39
211
10
11.718694
20
3.531346
11
11.718694
21
3.531346
0
LINE
8
annotation
62
1
39
211
10
11.718694
20
3.531346
11
11.718963
21
3.531370
0
LINE
8
annotation
62
1
39
211
10
11.718963
20
3.531370
11
11.719215
21
3.531440
0
LINE
8
annotation
62
1
39
211
10
11.719215
20
3.531440
11
11.719449
21
3.531551
0
LINE
8
annotation
62
1
39
211
10
11.719449
20
3.531551
11
11.719658
21
3.531699
0
LINE
8
annotation
62
1
39
211
10
11.719658
20
3.531699
11
11.719838
21
3.531880
0
LINE
8
annotation
62
1
39
211
10
11.719838
20
3.531880
11
11.719986
21
3.532089
0
LINE
8
annotation
62
1
39
211
10
11.719986
20
3.532089
11
11.720097
21
3.532323
0
LINE
8
annotation
62
1
39
211
10
11.720097
20
3.532323
11
11.720167
21
3.532577
0
LINE
8
annotation
62
1
39
211
10
11.720167
20
3.532577
11
11.720191
21
3.532847
0
LINE
8
annotation
62
1
39
211
10
11.720191
20
3.532847
11
11.720191
21
3.536591
0
LINE
8
annotation
62
1
39
211
10
11.720191
20
3.536591
11
11.720191
21
3.536591
0
LINE
8
annotation
62
1
39
211
10
11.720191
20
3.536591
11
11.720167
21
3.536861
0
LINE
8
annotation
62
1
39
211
10
11.720167
20
3.536861
11
11.720097
21
3.537115
0
LINE
8
annotation
62
1
39
211
10
11.720097
20
3.537115
11
11.719986
21
3.537348
0
LINE
8
annotation
62
1
39
211
10
11.719986
20
3.537348
11
11.719838
21
3.537558
0
LINE
8
annotation
62
1
39
211
10
11.719838
20
3.537558
11
11.719658
21
3.537739
0
LINE
8
annotation
62
1
39
211
10
11.719658
20
3.537739
11
11.719449
21
3.537887
0
LINE
8
annotation
62
1
39
211
10
11.719449
20
3.537887
11
11.719215
21
3.537998
0
LINE
8
annotation
62
1
39
211
10
11.719215
20
3.537998
11
11.718963
21
3.538068
0
LINE
8
annotation
62
1
39
211
10
11.718963
20
3.538068
11
11.718694
21
3.538092
0
LINE
8
annotation
62
1
39
211
10
11.718694
20
3.538092
11
11.716443
21
3.538092
0
LINE
8
annotation
62
1
39
211
10
11.716443
20
3.538092
11
11.716443
21
3.531342
0
LINE
8
annotation
62
1
39
211
10
11.716443
20
3.531342
11
11.716443
21
3.531346
0
LINE
8
annotation
62
1
39
211
10
11.722722
20
3.532843
11
11.722722
21
3.532843
0
LINE
8
annotation
62
1
39
211
10
11.722722
20
3.532843
11
11.722747
21
3.532573
0
LINE
8
annotation
62
1
39
211
10
11.722747
20
3.532573
11
11.722816
21
3.532319
0
LINE
8
annotation
62
1
39
211
10
11.722816
20
3.532319
11
11.722927
21
3.532085
0
LINE
8
annotation
62
1
39
211
10
11.722927
20
3.532085
11
11.723075
21
3.531876
0
LINE
8
annotation
62
1
39
211
10
11.723075
20
3.531876
11
11.723256
21
3.531695
0
LINE
8
annotation
62
1
39
211
10
11.723256
20
3.531695
11
11.723466
21
3.531547
0
LINE
8
annotation
62
1
39
211
10
11.723466
20
3.531547
11
11.723700
21
3.531436
0
LINE
8
annotation
62
1
39
211
10
11.723700
20
3.531436
11
11.723954
21
3.531366
0
LINE
8
annotation
62
1
39
211
10
11.723954
20
3.531366
11
11.724224
21
3.531342
0
LINE
8
annotation
62
1
39
211
10
11.724224
20
3.531342
11
11.724224
21
3.531342
0
LINE
8
annotation
62
1
39
211
10
11.724224
20
3.531342
11
11.724493
21
3.531366
0
LINE
8
annotation
62
1
39
211
10
11.724493
20
3.531366
11
11.724747
21
3.531436
0
LINE
8
annotation
62
1
39
211
10
11.724747
20
3.531436
11
11.724981
21
3.531547
0
LINE
8
annotation
62
1
39
211
10
11.724981
20
3.531547
11
11.725190
21
3.531695
0
LINE
8
annotation
62
1
39
211
10
11.725190
20
3.531695
11
11.725371
21
3.531876
0
LINE
8
annotation
62
1
39
211
10
11.725371
20
3.531876
11
11.725519
21
3.532085
0
LINE
8
annotation
62
1
39
211
10
11.725519
20
3.532085
11
11.725630
21
3.532319
0
LINE
8
annotation
62
1
39
211
10
11.725630
20
3.532319
11
11.725700
21
3.532573
0
LINE
8
annotation
62
1
39
211
10
11.725700
20
3.532573
11
11.725724
21
3.532843
0
LINE
8
annotation
62
1
39
211
10
11.725724
20
3.532843
11
11.725724
21
3.534340
0
LINE
8
annotation
62
1
39
211
10
11.725724
20
3.534340
11
11.725724
21
3.534340
0
LINE
8
annotation
62
1
39
211
10
11.725724
20
3.534340
11
11.725700
21
3.534609
0
LINE
8
annotation
62
1
39
211
10
11.725700
20
3.534609
11
11.725630
21
3.534863
0
LINE
8
annotation
62
1
39
211
10
11.725630
20
3.534863
11
11.725519
21
3.535096
0
LINE
8
annotation
62
1
39
211
10
11.725519
20
3.535096
11
11.725371
21
3.535305
0
LINE
8
annotation
62
1
39
211
10
11.725371
20
3.535305
11
11.725190
21
3.535485
0
LINE
8
annotation
62
1
39
211
10
11.725190
20
3.535485
11
11.724981
21
3.535633
0
LINE
8
annotation
62
1
39
211
10
11.724981
20
3.535633
11
11.724747
21
3.535743
0
LINE
8
annotation
62
1
39
211
10
11.724747
20
3.535743
11
11.724493
21
3.535813
0
LINE
8
annotation
62
1
39
211
10
11.724493
20
3.535813
11
11.724224
21
3.535837
0
LINE
8
annotation
62
1
39
211
10
11.724224
20
3.535837
11
11.724224
21
3.535837
0
LINE
8
annotation
62
1
39
211
10
11.724224
20
3.535837
11
11.723954
21
3.535813
0
LINE
8
annotation
62
1
39
211
10
11.723954
20
3.535813
11
11.723700
21
3.535743
0
LINE
8
annotation
62
1
39
211
10
11.723700
20
3.535743
11
11.723466
21
3.535633
0
LINE
8
annotation
62
1
39
211
10
11.723466
20
3.535633
11
11.723256
21
3.535485
0
LINE
8
annotation
62
1
39
211
10
11.723256
20
3.535485
11
11.723075
21
3.535305
0
LINE
8
annotation
62
1
39
211
10
11.723075
20
3.535305
11
11.722927
21
3.535096
0
LINE
8
annotation
62
1
39
211
10
11.722927
20
3.535096
11
11.722816
21
3.534863
0
LINE
8
annotation
62
1
39
211
10
11.722816
20
3.534863
11
11.722747
21
3.534609
0
LINE
8
annotation
62
1
39
211
10
11.722747
20
3.534609
11
11.722722
21
3.534340
0
LINE
8
annotation
62
1
39
211
10
11.722722
20
3.534340
11
11.722722
21
3.532843
0
LINE
8
annotation
62
1
39
211
10
11.732759
20
3.535837
11
11.731631
21
3.531342
0
LINE
8
annotation
62
1
39
211
10
11.731631
20
3.531342
11
11.730508
21
3.534340
0
LINE
8
annotation
62
1
39
211
10
11.730508
20
3.534340
11
11.729384
21
3.531342
0
LINE
8
annotation
62
1
39
211
10
11.729384
20
3.531342
11
11.728256
21
3.535837
0
LINE
8
annotation
62
1
39
211
10
11.735291
20
3.533593
11
11.738289
21
3.533593
0
LINE
8
annotation
62
1
39
211
10
11.738289
20
3.533593
11
11.738289
21
3.534345
0
LINE
8
annotation
62
1
39
211
10
11.738289
20
3.534345
11
11.738289
21
3.534345
0
LINE
8
annotation
62
1
39
211
10
11.738289
20
3.534345
11
11.738265
21
3.534614
0
LINE
8
annotation
62
1
39
211
10
11.738265
20
3.534614
11
11.738195
21
3.534868
0
LINE
8
annotation
62
1
39
211
10
11.738195
20
3.534868
11
11.738084
21
3.535101
0
LINE
8
annotation
62
1
39
211
10
11.738084
20
3.535101
11
11.737936
21
3.535311
0
LINE
8
annotation
62
1
39
211
10
11.737936
20
3.535311
11
11.737756
21
3.535491
0
LINE
8
annotation
62
1
39
211
10
11.737756
20
3.535491
11
11.737547
21
3.535639
0
LINE
8
annotation
62
1
39
211
10
11.737547
20
3.535639
11
11.737313
21
3.535750
0
LINE
8
annotation
62
1
39
211
10
11.737313
20
3.535750
11
11.737059
21
3.535820
0
LINE
8
annotation
62
1
39
211
10
11.737059
20
3.535820
11
11.736790
21
3.535844
0
LINE
8
annotation
62
1
39
211
10
11.736790
20
3.535844
11
11.736790
21
3.535844
0
LINE
8
annotation
62
1
39
211
10
11.736790
20
3.535844
11
11.736521
21
3.535820
0
LINE
8
annotation
62
1
39
211
10
11.736521
20
3.535820
11
11.736267
21
3.535750
0
LINE
8
annotation
62
1
39
211
10
11.736267
20
3.535750
11
11.736034
21
3.535639
0
LINE
8
annotation
62
1
39
211
10
11.736034
20
3.535639
11
11.735825
21
3.535491
0
LINE
8
annotation
62
1
39
211
10
11.735825
20
3.535491
11
11.735644
21
3.535311
0
LINE
8
annotation
62
1
39
211
10
11.735644
20
3.535311
11
11.735496
21
3.535101
0
LINE
8
annotation
62
1
39
211
10
11.735496
20
3.535101
11
11.735385
21
3.534868
0
LINE
8
annotation
62
1
39
211
10
11.735385
20
3.534868
11
11.735315
21
3.534614
0
LINE
8
annotation
62
1
39
211
10
11.735315
20
3.534614
11
11.735291
21
3.534345
0
LINE
8
annotation
62
1
39
211
10
11.735291
20
3.534345
11
11.735291
21
3.532471
0
LINE
8
annotation
62
1
39
211
10
11.735291
20
3.532471
11
11.735291
21
3.532471
0
LINE
8
annotation
62
1
39
211
10
11.735291
20
3.532471
11
11.735309
21
3.532268
0
LINE
8
annotation
62
1
39
211
10
11.735309
20
3.532268
11
11.735361
21
3.532076
0
LINE
8
annotation
62
1
39
211
10
11.735361
20
3.532076
11
11.735444
21
3.531900
0
LINE
8
annotation
62
1
39
211
10
11.735444
20
3.531900
11
11.735555
21
3.531743
0
LINE
8
annotation
62
1
39
211
10
11.735555
20
3.531743
11
11.735691
21
3.531607
0
LINE
8
annotation
62
1
39
211
10
11.735691
20
3.531607
11
11.735848
21
3.531495
0
LINE
8
annotation
62
1
39
211
10
11.735848
20
3.531495
11
11.736024
21
3.531412
0
LINE
8
annotation
62
1
39
211
10
11.736024
20
3.531412
11
11.736214
21
3.531359
0
LINE
8
annotation
62
1
39
211
10
11.736214
20
3.531359
11
11.736416
21
3.531341
0
LINE
8
annotation
62
1
39
211
10
11.736416
20
3.531341
11
11.738288
21
3.531341
0
LINE
8
annotation
62
1
39
211
10
11.741575
20
3.531340
11
11.741575
21
3.531340
0
LINE
8
annotation
62
1
39
211
10
11.741575
20
3.531340
11
11.741439
21
3.531353
0
LINE
8
annotation
62
1
39
211
10
11.741439
20
3.531353
11
11.741311
21
3.531387
0
LINE
8
annotation
62
1
39
211
10
11.741311
20
3.531387
11
11.741193
21
3.531443
0
LINE
8
annotation
62
1
39
211
10
11.741193
20
3.531443
11
11.741088
21
3.531517
0
LINE
8
annotation
62
1
39
211
10
11.741088
20
3.531517
11
11.740997
21
3.531608
0
LINE
8
annotation
62
1
39
211
10
11.740997
20
3.531608
11
11.740923
21
3.531714
0
LINE
8
annotation
62
1
39
211
10
11.740923
20
3.531714
11
11.740867
21
3.531831
0
LINE
8
annotation
62
1
39
211
10
11.740867
20
3.531831
11
11.740832
21
3.531959
0
LINE
8
annotation
62
1
39
211
10
11.740832
20
3.531959
11
11.740820
21
3.532095
0
LINE
8
annotation
62
1
39
211
10
11.740820
20
3.532095
11
11.740820
21
3.538097
0
LINE
8
annotation
62
1
39
211
10
11.747798
20
3.534717
11
11.744107
21
3.534717
0
LINE
8
annotation
62
1
39
211
10
11.750329
20
3.531342
11
11.751828
21
3.531342
0
LINE
8
annotation
62
1
39
211
10
11.751828
20
3.531342
11
11.751828
21
3.531342
0
LINE
8
annotation
62
1
39
211
10
11.751828
20
3.531342
11
11.752097
21
3.531366
0
LINE
8
annotation
62
1
39
211
10
11.752097
20
3.531366
11
11.752351
21
3.531435
0
LINE
8
annotation
62
1
39
211
10
11.752351
20
3.531435
11
11.752584
21
3.531546
0
LINE
8
annotation
62
1
39
211
10
11.752584
20
3.531546
11
11.752794
21
3.531695
0
LINE
8
annotation
62
1
39
211
10
11.752794
20
3.531695
11
11.752974
21
3.531876
0
LINE
8
annotation
62
1
39
211
10
11.752974
20
3.531876
11
11.753122
21
3.532085
0
LINE
8
annotation
62
1
39
211
10
11.753122
20
3.532085
11
11.753233
21
3.532319
0
LINE
8
annotation
62
1
39
211
10
11.753233
20
3.532319
11
11.753303
21
3.532573
0
LINE
8
annotation
62
1
39
211
10
11.753303
20
3.532573
11
11.753327
21
3.532842
0
LINE
8
annotation
62
1
39
211
10
11.753327
20
3.532842
11
11.753327
21
3.533589
0
LINE
8
annotation
62
1
39
211
10
11.753327
20
3.533589
11
11.753327
21
3.533589
0
LINE
8
annotation
62
1
39
211
10
11.753327
20
3.533589
11
11.753303
21
3.533859
0
LINE
8
annotation
62
1
39
211
10
11.753303
20
3.533859
11
11.753234
21
3.534112
0
LINE
8
annotation
62
1
39
211
10
11.753234
20
3.534112
11
11.753123
21
3.534345
0
LINE
8
annotation
62
1
39
211
10
11.753123
20
3.534345
11
11.752975
21
3.534554
0
LINE
8
annotation
62
1
39
211
10
11.752975
20
3.534554
11
11.752794
21
3.534735
0
LINE
8
annotation
62
1
39
211
10
11.752794
20
3.534735
11
11.752584
21
3.534882
0
LINE
8
annotation
62
1
39
211
10
11.752584
20
3.534882
11
11.752351
21
3.534993
0
LINE
8
annotation
62
1
39
211
10
11.752351
20
3.534993
11
11.752098
21
3.535062
0
LINE
8
annotation
62
1
39
211
10
11.752098
20
3.535062
11
11.751828
21
3.535086
0
LINE
8
annotation
62
1
39
211
10
11.751828
20
3.535086
11
11.750329
21
3.535086
0
LINE
8
annotation
62
1
39
211
10
11.750329
20
3.535086
11
11.750329
21
3.538092
0
LINE
8
annotation
62
1
39
211
10
11.750329
20
3.538092
11
11.753327
21
3.538092
0
LINE
8
annotation
62
1
39
211
10
11.756607
20
3.531342
11
11.756607
21
3.531342
0
LINE
8
annotation
62
1
39
211
10
11.756607
20
3.531342
11
11.757036
21
3.531501
0
LINE
8
annotation
62
1
39
211
10
11.757036
20
3.531501
11
11.757430
21
3.531717
0
LINE
8
annotation
62
1
39
211
10
11.757430
20
3.531717
11
11.757784
21
3.531984
0
LINE
8
annotation
62
1
39
211
10
11.757784
20
3.531984
11
11.758095
21
3.532296
0
LINE
8
annotation
62
1
39
211
10
11.758095
20
3.532296
11
11.758358
21
3.532647
0
LINE
8
annotation
62
1
39
211
10
11.758358
20
3.532647
11
11.758570
21
3.533033
0
LINE
8
annotation
62
1
39
211
10
11.758570
20
3.533033
11
11.758727
21
3.533447
0
LINE
8
annotation
62
1
39
211
10
11.758727
20
3.533447
11
11.758823
21
3.533884
0
LINE
8
annotation
62
1
39
211
10
11.758823
20
3.533884
11
11.758857
21
3.534340
0
LINE
8
annotation
62
1
39
211
10
11.758857
20
3.534340
11
11.758857
21
3.536591
0
LINE
8
annotation
62
1
39
211
10
11.758857
20
3.536591
11
11.758857
21
3.536591
0
LINE
8
annotation
62
1
39
211
10
11.758857
20
3.536591
11
11.758833
21
3.536861
0
LINE
8
annotation
62
1
39
211
10
11.758833
20
3.536861
11
11.758763
21
3.537115
0
LINE
8
annotation
62
1
39
211
10
11.758763
20
3.537115
11
11.758652
21
3.537348
0
LINE
8
annotation
62
1
39
211
10
11.758652
20
3.537348
11
11.758504
21
3.537558
0
LINE
8
annotation
62
1
39
211
10
11.758504
20
3.537558
11
11.758324
21
3.537739
0
LINE
8
annotation
62
1
39
211
10
11.758324
20
3.537739
11
11.758114
21
3.537887
0
LINE
8
annotation
62
1
39
211
10
11.758114
20
3.537887
11
11.757881
21
3.537998
0
LINE
8
annotation
62
1
39
211
10
11.757881
20
3.537998
11
11.757627
21
3.538068
0
LINE
8
annotation
62
1
39
211
10
11.757627
20
3.538068
11
11.757358
21
3.538092
0
LINE
8
annotation
62
1
39
211
10
11.757358
20
3.538092
11
11.757358
21
3.538092
0
LINE
8
annotation
62
1
39
211
10
11.757358
20
3.538092
11
11.757089
21
3.538068
0
LINE
8
annotation
62
1
39
211
10
11.757089
20
3.538068
11
11.756835
21
3.537998
0
LINE
8
annotation
62
1
39
211
10
11.756835
20
3.537998
11
11.756602
21
3.537887
0
LINE
8
annotation
62
1
39
211
10
11.756602
20
3.537887
11
11.756392
21
3.537739
0
LINE
8
annotation
62
1
39
211
10
11.756392
20
3.537739
11
11.756212
21
3.537558
0
LINE
8
annotation
62
1
39
211
10
11.756212
20
3.537558
11
11.756064
21
3.537348
0
LINE
8
annotation
62
1
39
211
10
11.756064
20
3.537348
11
11.755952
21
3.537115
0
LINE
8
annotation
62
1
39
211
10
11.755952
20
3.537115
11
11.755883
21
3.536861
0
LINE
8
annotation
62
1
39
211
10
11.755883
20
3.536861
11
11.755859
21
3.536591
0
LINE
8
annotation
62
1
39
211
10
11.755859
20
3.536591
11
11.755859
21
3.535840
0
LINE
8
annotation
62
1
39
211
10
11.755859
20
3.535840
11
11.755859
21
3.535840
0
LINE
8
annotation
62
1
39
211
10
11.755859
20
3.535840
11
11.755883
21
3.535571
0
LINE
8
annotation
62
1
39
211
10
11.755883
20
3.535571
11
11.755952
21
3.535317
0
LINE
8
annotation
62
1
39
211
10
11.755952
20
3.535317
11
11.756064
21
3.535083
0
LINE
8
annotation
62
1
39
211
10
11.756064
20
3.535083
11
11.756212
21
3.534874
0
LINE
8
annotation
62
1
39
211
10
11.756212
20
3.534874
11
11.756392
21
3.534693
0
LINE
8
annotation
62
1
39
211
10
11.756392
20
3.534693
11
11.756602
21
3.534545
0
LINE
8
annotation
62
1
39
211
10
11.756602
20
3.534545
11
11.756835
21
3.534434
0
LINE
8
annotation
62
1
39
211
10
11.756835
20
3.534434
11
11.757089
21
3.534364
0
LINE
8
annotation
62
1
39
211
10
11.757089
20
3.534364
11
11.757358
21
3.534340
0
LINE
8
annotation
62
1
39
211
10
11.757358
20
3.534340
11
11.758857
21
3.534340
0
LINE
8
annotation
62
1
39
211
10
11.755671
20
3.530498
11
11.759047
21
3.530498
0
LINE
8
annotation
62
1
39
211
10
11.765080
20
3.534717
11
11.761389
21
3.534717
0
LINE
8
annotation
62
1
39
211
10
11.769863
20
3.538092
11
11.769863
21
3.538092
0
LINE
8
annotation
62
1
39
211
10
11.769863
20
3.538092
11
11.769434
21
3.537931
0
LINE
8
annotation
62
1
39
211
10
11.769434
20
3.537931
11
11.769039
21
3.537714
0
LINE
8
annotation
62
1
39
211
10
11.769039
20
3.537714
11
11.768685
21
3.537447
0
LINE
8
annotation
62
1
39
211
10
11.768685
20
3.537447
11
11.768374
21
3.537134
0
LINE
8
annotation
62
1
39
211
10
11.768374
20
3.537134
11
11.768110
21
3.536782
0
LINE
8
annotation
62
1
39
211
10
11.768110
20
3.536782
11
11.767898
21
3.536396
0
LINE
8
annotation
62
1
39
211
10
11.767898
20
3.536396
11
11.767741
21
3.535981
0
LINE
8
annotation
62
1
39
211
10
11.767741
20
3.535981
11
11.767644
21
3.535542
0
LINE
8
annotation
62
1
39
211
10
11.767644
20
3.535542
11
11.767611
21
3.535086
0
LINE
8
annotation
62
1
39
211
10
11.767611
20
3.535086
11
11.767611
21
3.532842
0
LINE
8
annotation
62
1
39
211
10
11.767611
20
3.532842
11
11.767611
21
3.532842
0
LINE
8
annotation
62
1
39
211
10
11.767611
20
3.532842
11
11.767635
21
3.532573
0
LINE
8
annotation
62
1
39
211
10
11.767635
20
3.532573
11
11.767705
21
3.532319
0
LINE
8
annotation
62
1
39
211
10
11.767705
20
3.532319
11
11.767816
21
3.532085
0
LINE
8
annotation
62
1
39
211
10
11.767816
20
3.532085
11
11.767964
21
3.531876
0
LINE
8
annotation
62
1
39
211
10
11.767964
20
3.531876
11
11.768145
21
3.531695
0
LINE
8
annotation
62
1
39
211
10
11.768145
20
3.531695
11
11.768354
21
3.531546
0
LINE
8
annotation
62
1
39
211
10
11.768354
20
3.531546
11
11.768588
21
3.531435
0
LINE
8
annotation
62
1
39
211
10
11.768588
20
3.531435
11
11.768841
21
3.531366
0
LINE
8
annotation
62
1
39
211
10
11.768841
20
3.531366
11
11.769110
21
3.531342
0
LINE
8
annotation
62
1
39
211
10
11.769110
20
3.531342
11
11.769110
21
3.531342
0
LINE
8
annotation
62
1
39
211
10
11.769110
20
3.531342
11
11.769380
21
3.531366
0
LINE
8
annotation
62
1
39
211
10
11.769380
20
3.531366
11
11.769634
21
3.531435
0
LINE
8
annotation
62
1
39
211
10
11.769634
20
3.531435
11
11.769867
21
3.531546
0
LINE
8
annotation
62
1
39
211
10
11.769867
20
3.531546
11
11.770076
21
3.531695
0
LINE
8
annotation
62
1
39
211
10
11.770076
20
3.531695
11
11.770257
21
3.531876
0
LINE
8
annotation
62
1
39
211
10
11.770257
20
3.531876
11
11.770405
21
3.532085
0
LINE
8
annotation
62
1
39
211
10
11.770405
20
3.532085
11
11.770516
21
3.532319
0
LINE
8
annotation
62
1
39
211
10
11.770516
20
3.532319
11
11.770585
21
3.532573
0
LINE
8
annotation
62
1
39
211
10
11.770585
20
3.532573
11
11.770609
21
3.532842
0
LINE
8
annotation
62
1
39
211
10
11.770609
20
3.532842
11
11.770609
21
3.533589
0
LINE
8
annotation
62
1
39
211
10
11.770609
20
3.533589
11
11.770609
21
3.533589
0
LINE
8
annotation
62
1
39
211
10
11.770609
20
3.533589
11
11.770585
21
3.533859
0
LINE
8
annotation
62
1
39
211
10
11.770585
20
3.533859
11
11.770516
21
3.534112
0
LINE
8
annotation
62
1
39
211
10
11.770516
20
3.534112
11
11.770405
21
3.534345
0
LINE
8
annotation
62
1
39
211
10
11.770405
20
3.534345
11
11.770257
21
3.534554
0
LINE
8
annotation
62
1
39
211
10
11.770257
20
3.534554
11
11.770076
21
3.534735
0
LINE
8
annotation
62
1
39
211
10
11.770076
20
3.534735
11
11.769867
21
3.534882
0
LINE
8
annotation
62
1
39
211
10
11.769867
20
3.534882
11
11.769634
21
3.534993
0
LINE
8
annotation
62
1
39
211
10
11.769634
20
3.534993
11
11.769380
21
3.535062
0
LINE
8
annotation
62
1
39
211
10
11.769380
20
3.535062
11
11.769110
21
3.535086
0
LINE
8
annotation
62
1
39
211
10
11.769110
20
3.535086
11
11.767611
21
3.535086
0
LINE
8
annotation
62
1
39
211
10
11.767423
20
3.530498
11
11.770799
21
3.530498
0
LINE
8
boundary
62
5
39
2
10
11.821457
20
4.416162
11
11.821457
21
4.547412
0
LINE
8
boundary
62
5
39
2
10
11.821457
20
4.547412
11
11.680832
21
4.556787
0
LINE
8
boundary
62
5
39
2
10
11.680832
20
4.556787
11
11.671457
21
4.416162
0
LINE
8
boundary
62
5
39
2
10
11.671457
20
4.416162
11
11.812082
21
4.406787
0
LINE
8
boundary
62
5
39
2
10
11.812082
20
4.406787
11
11.821457
21
4.416162
0
LINE
8
annotation
62
1
39
211
10
11.705465
20
4.478737
11
11.709068
21
4.478737
0
LINE
8
annotation
62
1
39
211
10
11.709068
20
4.478737
11
11.709068
21
4.478737
0
LINE
8
annotation
62
1
39
211
10
11.709068
20
4.478737
11
11.709497
21
4.478776
0
LINE
8
annotation
62
1
39
211
10
11.709497
20
4.478776
11
11.709902
21
4.478887
0
LINE
8
annotation
62
1
39
211
10
11.709902
20
4.478887
11
11.710275
21
4.479065
0
LINE
8
annotation
62
1
39
211
10
11.710275
20
4.479065
11
11.710609
21
4.479302
0
LINE
8
annotation
62
1
39
211
10
11.710609
20
4.479302
11
11.710898
21
4.479591
0
LINE
8
annotation
62
1
39
211
10
11.710898
20
4.479591
11
11.711135
21
4.479927
0
LINE
8
annotation
62
1
39
211
10
11.711135
20
4.479927
11
11.711312
21
4.480301
0
LINE
8
annotation
62
1
39
211
10
11.711312
20
4.480301
11
11.711424
21
4.480707
0
LINE
8
annotation
62
1
39
211
10
11.711424
20
4.480707
11
11.711463
21
4.481138
0
LINE
8
annotation
62
1
39
211
10
11.711463
20
4.481138
11
11.711463
21
4.487130
0
LINE
8
annotation
62
1
39
211
10
11.711463
20
4.487130
11
11.711463
21
4.487130
0
LINE
8
annotation
62
1
39
211
10
11.711463
20
4.487130
11
11.711424
21
4.487561
0
LINE
8
annotation
62
1
39
211
10
11.711424
20
4.487561
11
11.711312
21
4.487967
0
LINE
8
annotation
62
1
39
211
10
11.711312
20
4.487967
11
11.711135
21
4.488341
0
LINE
8
annotation
62
1
39
211
10
11.711135
20
4.488341
11
11.710898
21
4.488677
0
LINE
8
annotation
62
1
39
211
10
11.710898
20
4.488677
11
11.710609
21
4.488966
0
LINE
8
annotation
62
1
39
211
10
11.710609
20
4.488966
11
11.710275
21
4.489203
0
LINE
8
annotation
62
1
39
211
10
11.710275
20
4.489203
11
11.709902
21
4.489381
0
LINE
8
annotation
62
1
39
211
10
11.709902
20
4.489381
11
11.709497
21
4.489493
0
LINE
8
annotation
62
1
39
211
10
11.709497
20
4.489493
11
11.709068
21
4.489531
0
LINE
8
annotation
62
1
39
211
10
11.709068
20
4.489531
11
11.705465
21
4.489531
0
LINE
8
annotation
62
1
39
211
10
11.705465
20
4.489531
11
11.705465
21
4.478730
0
LINE
8
annotation
62
1
39
211
10
11.705465
20
4.478730
11
11.705465
21
4.478737
0
LINE
8
annotation
62
1
39
211
10
11.715513
20
4.481132
11
11.715513
21
4.481132
0
LINE
8
annotation
62
1
39
211
10
11.715513
20
4.481132
11
11.715552
21
4.480701
0
LINE
8
annotation
62
1
39
211
10
11.715552
20
4.480701
11
11.715663
21
4.480294
0
LINE
8
annotation
62
1
39
211
10
11.715663
20
4.480294
11
11.715841
21
4.479920
0
LINE
8
annotation
62
1
39
211
10
11.715841
20
4.479920
11
11.716078
21
4.479585
0
LINE
8
annotation
62
1
39
211
10
11.716078
20
4.479585
11
11.716367
21
4.479296
0
LINE
8
annotation
62
1
39
211
10
11.716367
20
4.479296
11
11.716703
21
4.479058
0
LINE
8
annotation
62
1
39
211
10
11.716703
20
4.479058
11
11.717077
21
4.478881
0
LINE
8
annotation
62
1
39
211
10
11.717077
20
4.478881
11
11.717483
21
4.478769
0
LINE
8
annotation
62
1
39
211
10
11.717483
20
4.478769
11
11.717915
21
4.478730
0
LINE
8
annotation
62
1
39
211
10
11.717915
20
4.478730
11
11.717915
21
4.478730
0
LINE
8
annotation
62
1
39
211
10
11.717915
20
4.478730
11
11.718346
21
4.478769
0
LINE
8
annotation
62
1
39
211
10
11.718346
20
4.478769
11
11.718752
21
4.478881
0
LINE
8
annotation
62
1
39
211
10
11.718752
20
4.478881
11
11.719126
21
4.479058
0
LINE
8
annotation
62
1
39
211
10
11.719126
20
4.479058
11
11.719462
21
4.479296
0
LINE
8
annotation
62
1
39
211
10
11.719462
20
4.479296
11
11.719751
21
4.479585
0
LINE
8
annotation
62
1
39
211
10
11.719751
20
4.479585
11
11.719988
21
4.479920
0
LINE
8
annotation
62
1
39
211
10
11.719988
20
4.479920
11
11.720166
21
4.480294
0
LINE
8
annotation
62
1
39
211
10
11.720166
20
4.480294
11
11.720277
21
4.480701
0
LINE
8
annotation
62
1
39
211
10
11.720277
20
4.480701
11
11.720316
21
4.481132
0
LINE
8
annotation
62
1
39
211
10
11.720316
20
4.481132
11
11.720316
21
4.483527
0
LINE
8
annotation
62
1
39
211
10
11.720316
20
4.483527
11
11.720316
21
4.483527
0
LINE
8
annotation
62
1
39
211
10
11.720316
20
4.483527
11
11.720277
21
4.483959
0
LINE
8
annotation
62
1
39
211
10
11.720277
20
4.483959
11
11.720166
21
4.484364
0
LINE
8
annotation
62
1
39
211
10
11.720166
20
4.484364
11
11.719988
21
4.484737
0
LINE
8
annotation
62
1
39
211
10
11.719988
20
4.484737
11
11.719751
21
4.485072
0
LINE
8
annotation
62
1
39
211
10
11.719751
20
4.485072
11
11.719461
21
4.485360
0
LINE
8
annotation
62
1
39
211
10
11.719461
20
4.485360
11
11.719126
21
4.485596
0
LINE
8
annotation
62
1
39
211
10
11.719126
20
4.485596
11
11.718752
21
4.485773
0
LINE
8
annotation
62
1
39
211
10
11.718752
20
4.485773
11
11.718346
21
4.485884
0
LINE
8
annotation
62
1
39
211
10
11.718346
20
4.485884
11
11.717915
21
4.485922
0
LINE
8
annotation
62
1
39
211
10
11.717915
20
4.485922
11
11.717915
21
4.485922
0
LINE
8
annotation
62
1
39
211
10
11.717915
20
4.485922
11
11.717483
21
4.485884
0
LINE
8
annotation
62
1
39
211
10
11.717483
20
4.485884
11
11.717077
21
4.485773
0
LINE
8
annotation
62
1
39
211
10
11.717077
20
4.485773
11
11.716703
21
4.485596
0
LINE
8
annotation
62
1
39
211
10
11.716703
20
4.485596
11
11.716367
21
4.485360
0
LINE
8
annotation
62
1
39
211
10
11.716367
20
4.485360
11
11.716078
21
4.485072
0
LINE
8
annotation
62
1
39
211
10
11.716078
20
4.485072
11
11.715841
21
4.484737
0
LINE
8
annotation
62
1
39
211
10
11.715841
20
4.484737
11
11.715663
21
4.484364
0
LINE
8
annotation
62
1
39
211
10
11.715663
20
4.484364
11
11.715552
21
4.483959
0
LINE
8
annotation
62
1
39
211
10
11.715552
20
4.483959
11
11.715513
21
4.483527
0
LINE
8
annotation
62
1
39
211
10
11.715513
20
4.483527
11
11.715513
21
4.481132
0
LINE
8
annotation
62
1
39
211
10
11.731571
20
4.485922
11
11.729767
21
4.478730
0
LINE
8
annotation
62
1
39
211
10
11.729767
20
4.478730
11
11.727969
21
4.483527
0
LINE
8
annotation
62
1
39
211
10
11.727969
20
4.483527
11
11.726171
21
4.478730
0
LINE
8
annotation
62
1
39
211
10
11.726171
20
4.478730
11
11.724366
21
4.485922
0
LINE
8
annotation
62
1
39
211
10
11.735622
20
4.482333
11
11.740419
21
4.482333
0
LINE
8
annotation
62
1
39
211
10
11.740419
20
4.482333
11
11.740419
21
4.483536
0
LINE
8
annotation
62
1
39
211
10
11.740419
20
4.483536
11
11.740419
21
4.483536
0
LINE
8
annotation
62
1
39
211
10
11.740419
20
4.483536
11
11.740380
21
4.483967
0
LINE
8
annotation
62
1
39
211
10
11.740380
20
4.483967
11
11.740269
21
4.484372
0
LINE
8
annotation
62
1
39
211
10
11.740269
20
4.484372
11
11.740092
21
4.484746
0
LINE
8
annotation
62
1
39
211
10
11.740092
20
4.484746
11
11.739855
21
4.485081
0
LINE
8
annotation
62
1
39
211
10
11.739855
20
4.485081
11
11.739566
21
4.485370
0
LINE
8
annotation
62
1
39
211
10
11.739566
20
4.485370
11
11.739232
21
4.485607
0
LINE
8
annotation
62
1
39
211
10
11.739232
20
4.485607
11
11.738858
21
4.485785
0
LINE
8
annotation
62
1
39
211
10
11.738858
20
4.485785
11
11.738452
21
4.485896
0
LINE
8
annotation
62
1
39
211
10
11.738452
20
4.485896
11
11.738021
21
4.485935
0
LINE
8
annotation
62
1
39
211
10
11.738021
20
4.485935
11
11.738021
21
4.485935
0
LINE
8
annotation
62
1
39
211
10
11.738021
20
4.485935
11
11.737590
21
4.485896
0
LINE
8
annotation
62
1
39
211
10
11.737590
20
4.485896
11
11.737185
21
4.485785
0
LINE
8
annotation
62
1
39
211
10
11.737185
20
4.485785
11
11.736811
21
4.485607
0
LINE
8
annotation
62
1
39
211
10
11.736811
20
4.485607
11
11.736476
21
4.485370
0
LINE
8
annotation
62
1
39
211
10
11.736476
20
4.485370
11
11.736187
21
4.485081
0
LINE
8
annotation
62
1
39
211
10
11.736187
20
4.485081
11
11.735950
21
4.484746
0
LINE
8
annotation
62
1
39
211
10
11.735950
20
4.484746
11
11.735772
21
4.484372
0
LINE
8
annotation
62
1
39
211
10
11.735772
20
4.484372
11
11.735661
21
4.483967
0
LINE
8
annotation
62
1
39
211
10
11.735661
20
4.483967
11
11.735622
21
4.483536
0
LINE
8
annotation
62
1
39
211
10
11.735622
20
4.483536
11
11.735622
21
4.480538
0
LINE
8
annotation
62
1
39
211
10
11.735622
20
4.480538
11
11.735622
21
4.480538
0
LINE
8
annotation
62
1
39
211
10
11.735622
20
4.480538
11
11.735651
21
4.480212
0
LINE
8
annotation
62
1
39
211
10
11.735651
20
4.480212
11
11.735735
21
4.479906
0
LINE
8
annotation
62
1
39
211
10
11.735735
20
4.479906
11
11.735868
21
4.479624
0
LINE
8
annotation
62
1
39
211
10
11.735868
20
4.479624
11
11.736046
21
4.479372
0
LINE
8
annotation
62
1
39
211
10
11.736046
20
4.479372
11
11.736263
21
4.479155
0
LINE
8
annotation
62
1
39
211
10
11.736263
20
4.479155
11
11.736514
21
4.478976
0
LINE
8
annotation
62
1
39
211
10
11.736514
20
4.478976
11
11.736795
21
4.478843
0
LINE
8
annotation
62
1
39
211
10
11.736795
20
4.478843
11
11.737100
21
4.478759
0
LINE
8
annotation
62
1
39
211
10
11.737100
20
4.478759
11
11.737423
21
4.478730
0
LINE
8
annotation
62
1
39
211
10
11.737423
20
4.478730
11
11.740418
21
4.478730
0
LINE
8
annotation
62
1
39
211
10
11.745677
20
4.478729
11
11.745677
21
4.478729
0
LINE
8
annotation
62
1
39
211
10
11.745677
20
4.478729
11
11.745459
21
4.478748
0
LINE
8
annotation
62
1
39
211
10
11.745459
20
4.478748
11
11.745255
21
4.478804
0
LINE
8
annotation
62
1
39
211
10
11.745255
20
4.478804
11
11.745066
21
4.478893
0
LINE
8
annotation
62
1
39
211
10
11.745066
20
4.478893
11
11.744898
21
4.479012
0
LINE
8
annotation
62
1
39
211
10
11.744898
20
4.479012
11
11.744752
21
4.479157
0
LINE
8
annotation
62
1
39
211
10
11.744752
20
4.479157
11
11.744634
21
4.479325
0
LINE
8
annotation
62
1
39
211
10
11.744634
20
4.479325
11
11.744544
21
4.479514
0
LINE
8
annotation
62
1
39
211
10
11.744544
20
4.479514
11
11.744489
21
4.479718
0
LINE
8
annotation
62
1
39
211
10
11.744489
20
4.479718
11
11.744469
21
4.479936
0
LINE
8
annotation
62
1
39
211
10
11.744469
20
4.479936
11
11.744469
21
4.489540
0
LINE
8
annotation
62
1
39
211
10
11.755634
20
4.484131
11
11.749729
21
4.484131
0
LINE
8
annotation
62
1
39
211
10
11.759684
20
4.478730
11
11.762082
21
4.478730
0
LINE
8
annotation
62
1
39
211
10
11.762082
20
4.478730
11
11.762082
21
4.478730
0
LINE
8
annotation
62
1
39
211
10
11.762082
20
4.478730
11
11.762513
21
4.478769
0
LINE
8
annotation
62
1
39
211
10
11.762513
20
4.478769
11
11.762918
21
4.478881
0
LINE
8
annotation
62
1
39
211
10
11.762918
20
4.478881
11
11.763292
21
4.479058
0
LINE
8
annotation
62
1
39
211
10
11.763292
20
4.479058
11
11.763627
21
4.479295
0
LINE
8
annotation
62
1
39
211
10
11.763627
20
4.479295
11
11.763916
21
4.479585
0
LINE
8
annotation
62
1
39
211
10
11.763916
20
4.479585
11
11.764153
21
4.479920
0
LINE
8
annotation
62
1
39
211
10
11.764153
20
4.479920
11
11.764331
21
4.480294
0
LINE
8
annotation
62
1
39
211
10
11.764331
20
4.480294
11
11.764442
21
4.480700
0
LINE
8
annotation
62
1
39
211
10
11.764442
20
4.480700
11
11.764481
21
4.481132
0
LINE
8
annotation
62
1
39
211
10
11.764481
20
4.481132
11
11.764481
21
4.482326
0
LINE
8
annotation
62
1
39
211
10
11.764481
20
4.482326
11
11.764481
21
4.482326
0
LINE
8
annotation
62
1
39
211
10
11.764481
20
4.482326
11
11.764442
21
4.482758
0
LINE
8
annotation
62
1
39
211
10
11.764442
20
4.482758
11
11.764331
21
4.483163
0
LINE
8
annotation
62
1
39
211
10
11.764331
20
4.483163
11
11.764153
21
4.483536
0
LINE
8
annotation
62
1
39
211
10
11.764153
20
4.483536
11
11.763916
21
4.483871
0
LINE
8
annotation
62
1
39
211
10
11.763916
20
4.483871
11
11.763627
21
4.484159
0
LINE
8
annotation
62
1
39
211
10
11.763627
20
4.484159
11
11.763292
21
4.484395
0
LINE
8
annotation
62
1
39
211
10
11.763292
20
4.484395
11
11.762919
21
4.484572
0
LINE
8
annotation
62
1
39
211
10
11.762919
20
4.484572
11
11.762513
21
4.484683
0
LINE
8
annotation
62
1
39
211
10
11.762513
20
4.484683
11
11.762082
21
4.484722
0
LINE
8
annotation
62
1
39
211
10
11.762082
20
4.484722
11
11.759684
21
4.484722
0
LINE
8
annotation
62
1
39
211
10
11.759684
20
4.484722
11
11.759684
21
4.489531
0
LINE
8
annotation
62
1
39
211
10
11.759684
20
4.489531
11
11.764481
21
4.489531
0
LINE
8
annotation
62
1
39
211
10
11.768531
20
4.481125
11
11.768531
21
4.481125
0
LINE
8
annotation
62
1
39
211
10
11.768531
20
4.481125
11
11.768570
21
4.480694
0
LINE
8
annotation
62
1
39
211
10
11.768570
20
4.480694
11
11.768682
21
4.480288
0
LINE
8
annotation
62
1
39
211
10
11.768682
20
4.480288
11
11.768859
21
4.479915
0
LINE
8
annotation
62
1
39
211
10
11.768859
20
4.479915
11
11.769096
21
4.479581
0
LINE
8
annotation
62
1
39
211
10
11.769096
20
4.479581
11
11.769385
21
4.479292
0
LINE
8
annotation
62
1
39
211
10
11.769385
20
4.479292
11
11.769720
21
4.479056
0
LINE
8
annotation
62
1
39
211
10
11.769720
20
4.479056
11
11.770094
21
4.478880
0
LINE
8
annotation
62
1
39
211
10
11.770094
20
4.478880
11
11.770499
21
4.478768
0
LINE
8
annotation
62
1
39
211
10
11.770499
20
4.478768
11
11.770930
21
4.478730
0
LINE
8
annotation
62
1
39
211
10
11.770930
20
4.478730
11
11.770930
21
4.478730
0
LINE
8
annotation
62
1
39
211
10
11.770930
20
4.478730
11
11.771360
21
4.478768
0
LINE
8
annotation
62
1
39
211
10
11.771360
20
4.478768
11
11.771766
21
4.478880
0
LINE
8
annotation
62
1
39
211
10
11.771766
20
4.478880
11
11.772139
21
4.479056
0
LINE
8
annotation
62
1
39
211
10
11.772139
20
4.479056
11
11.772474
21
4.479292
0
LINE
8
annotation
62
1
39
211
10
11.772474
20
4.479292
11
11.772763
21
4.479581
0
LINE
8
annotation
62
1
39
211
10
11.772763
20
4.479581
11
11.773000
21
4.479915
0
LINE
8
annotation
62
1
39
211
10
11.773000
20
4.479915
11
11.773178
21
4.480288
0
LINE
8
annotation
62
1
39
211
10
11.773178
20
4.480288
11
11.773290
21
4.480694
0
LINE
8
annotation
62
1
39
211
10
11.773290
20
4.480694
11
11.773328
21
4.481125
0
LINE
8
annotation
62
1
39
211
10
11.773328
20
4.481125
11
11.773328
21
4.482320
0
LINE
8
annotation
62
1
39
211
10
11.773328
20
4.482320
11
11.773328
21
4.482320
0
LINE
8
annotation
62
1
39
211
10
11.773328
20
4.482320
11
11.773290
21
4.482751
0
LINE
8
annotation
62
1
39
211
10
11.773290
20
4.482751
11
11.773178
21
4.483158
0
LINE
8
annotation
62
1
39
211
10
11.773178
20
4.483158
11
11.773000
21
4.483532
0
LINE
8
annotation
62
1
39
211
10
11.773000
20
4.483532
11
11.772764
21
4.483867
0
LINE
8
annotation
62
1
39
211
10
11.772764
20
4.483867
11
11.772474
21
4.484156
0
LINE
8
annotation
62
1
39
211
10
11.772474
20
4.484156
11
11.772140
21
4.484393
0
LINE
8
annotation
62
1
39
211
10
11.772140
20
4.484393
11
11.771766
21
4.484571
0
LINE
8
annotation
62
1
39
211
10
11.771766
20
4.484571
11
11.771360
21
4.484682
0
LINE
8
annotation
62
1
39
211
10
11.771360
20
4.484682
11
11.770930
21
4.484721
0
LINE
8
annotation
62
1
39
211
10
11.770930
20
4.484721
11
11.770930
21
4.484721
0
LINE
8
annotation
62
1
39
211
10
11.770930
20
4.484721
11
11.770499
21
4.484682
0
LINE
8
annotation
62
1
39
211
10
11.770499
20
4.484682
11
11.770094
21
4.484571
0
LINE
8
annotation
62
1
39
211
10
11.770094
20
4.484571
11
11.769720
21
4.484393
0
LINE
8
annotation
62
1
39
211
10
11.769720
20
4.484393
11
11.769385
21
4.484156
0
LINE
8
annotation
62
1
39
211
10
11.769385
20
4.484156
11
11.769096
21
4.483867
0
LINE
8
annotation
62
1
39
211
10
11.769096
20
4.483867
11
11.768859
21
4.483531
0
LINE
8
annotation
62
1
39
211
10
11.768859
20
4.483531
11
11.768682
21
4.483157
0
LINE
8
annotation
62
1
39
211
10
11.768682
20
4.483157
11
11.768570
21
4.482751
0
LINE
8
annotation
62
1
39
211
10
11.768570
20
4.482751
11
11.768531
21
4.482320
0
LINE
8
annotation
62
1
39
211
10
11.768531
20
4.482320
11
11.768531
21
4.481125
0
LINE
8
annotation
62
1
39
211
10
11.773328
20
4.487123
11
11.773328
21
4.487123
0
LINE
8
annotation
62
1
39
211
10
11.773328
20
4.487123
11
11.773290
21
4.487553
0
LINE
8
annotation
62
1
39
211
10
11.773290
20
4.487553
11
11.773178
21
4.487957
0
LINE
8
annotation
62
1
39
211
10
11.773178
20
4.487957
11
11.773000
21
4.488330
0
LINE
8
annotation
62
1
39
211
10
11.773000
20
4.488330
11
11.772764
21
4.488665
0
LINE
8
annotation
62
1
39
211
10
11.772764
20
4.488665
11
11.772474
21
4.488954
0
LINE
8
annotation
62
1
39
211
10
11.772474
20
4.488954
11
11.772140
21
4.489190
0
LINE
8
annotation
62
1
39
211
10
11.772140
20
4.489190
11
11.771766
21
4.489368
0
LINE
8
annotation
62
1
39
211
10
11.771766
20
4.489368
11
11.771360
21
4.489479
0
LINE
8
annotation
62
1
39
211
10
11.771360
20
4.489479
11
11.770930
21
4.489518
0
LINE
8
annotation
62
1
39
211
10
11.770930
20
4.489518
11
11.770930
21
4.489518
0
LINE
8
annotation
62
1
39
211
10
11.770930
20
4.489518
11
11.770499
21
4.489479
0
LINE
8
annotation
62
1
39
211
10
11.770499
20
4.489479
11
11.770094
21
4.489368
0
LINE
8
annotation
62
1
39
211
10
11.770094
20
4.489368
11
11.769720
21
4.489190
0
LINE
8
annotation
62
1
39
211
10
11.769720
20
4.489190
11
11.769385
21
4.488954
0
LINE
8
annotation
62
1
39
211
10
11.769385
20
4.488954
11
11.769096
21
4.488665
0
LINE
8
annotation
62
1
39
211
10
11.769096
20
4.488665
11
11.768859
21
4.488330
0
LINE
8
annotation
62
1
39
211
10
11.768859
20
4.488330
11
11.768682
21
4.487957
0
LINE
8
annotation
62
1
39
211
10
11.768682
20
4.487957
11
11.768570
21
4.487553
0
LINE
8
annotation
62
1
39
211
10
11.768570
20
4.487553
11
11.768531
21
4.487123
0
LINE
8
annotation
62
1
39
211
10
11.768531
20
4.487123
11
11.768531
21
4.487123
0
LINE
8
annotation
62
1
39
211
10
11.768531
20
4.487123
11
11.768570
21
4.486692
0
LINE
8
annotation
62
1
39
211
10
11.768570
20
4.486692
11
11.768682
21
4.486285
0
LINE
8
annotation
62
1
39
211
10
11.768682
20
4.486285
11
11.768859
21
4.485911
0
LINE
8
annotation
62
1
39
211
10
11.768859
20
4.485911
11
11.769096
21
4.485576
0
LINE
8
annotation
62
1
39
211
10
11.769096
20
4.485576
11
11.769385
21
4.485286
0
LINE
8
annotation
62
1
39
211
10
11.769385
20
4.485286
11
11.769720
21
4.485049
0
LINE
8
annotation
62
1
39
211
10
11.769720
20
4.485049
11
11.770094
21
4.484872
0
LINE
8
annotation
62
1
39
211
10
11.770094
20
4.484872
11
11.770499
21
4.484760
0
LINE
8
annotation
62
1
39
211
10
11.770499
20
4.484760
11
11.770930
21
4.484721
0
LINE
8
annotation
62
1
39
211
10
11.770930
20
4.484721
11
11.770930
21
4.484721
0
LINE
8
annotation
62
1
39
211
10
11.770930
20
4.484721
11
11.771360
21
4.484760
0
LINE
8
annotation
62
1
39
211
10
11.771360
20
4.484760
11
11.771766
21
4.484872
0
LINE
8
annotation
62
1
39
211
10
11.771766
20
4.484872
11
11.772139
21
4.485049
0
LINE
8
annotation
62
1
39
211
10
11.772139
20
4.485049
11
11.772474
21
4.485286
0
LINE
8
annotation
62
1
39
211
10
11.772474
20
4.485286
11
11.772763
21
4.485576
0
LINE
8
annotation
62
1
39
211
10
11.772763
20
4.485576
11
11.773000
21
4.485911
0
LINE
8
annotation
62
1
39
211
10
11.773000
20
4.485911
11
11.773178
21
4.486285
0
LINE
8
annotation
62
1
39
211
10
11.773178
20
4.486285
11
11.773290
21
4.486692
0
LINE
8
annotation
62
1
39
211
10
11.773290
20
4.486692
11
11.773328
21
4.487123
0
LINE
8
annotation
62
1
39
211
10
11.783286
20
4.484131
11
11.777380
21
4.484131
0
LINE
8
annotation
62
1
39
211
10
11.792133
20
4.478730
11
11.787336
21
4.478730
0
LINE
8
annotation
62
1
39
211
10
11.787336
20
4.478730
11
11.791768
21
4.485866
0
LINE
8
annotation
62
1
39
211
10
11.791768
20
4.485866
11
11.791768
21
4.485866
0
LINE
8
annotation
62
1
39
211
10
11.791768
20
4.485866
11
11.791774
21
4.485873
0
LINE
8
annotation
62
1
39
211
10
11.791774
20
4.485873
11
11.791779
21
4.485879
0
LINE
8
annotation
62
1
39
211
10
11.791779
20
4.485879
11
11.791784
21
4.485886
0
LINE
8
annotation
62
1
39
211
10
11.791784
20
4.485886
11
11.791788
21
4.485893
0
LINE
8
annotation
62
1
39
211
10
11.791788
20
4.485893
11
11.791793
21
4.485900
0
LINE
8
annotation
62
1
39
211
10
11.791793
20
4.485900
11
11.791798
21
4.485907
0
LINE
8
annotation
62
1
39
211
10
11.791798
20
4.485907
11
11.791802
21
4.485915
0
LINE
8
annotation
62
1
39
211
10
11.791802
20
4.485915
11
11.791807
21
4.485923
0
LINE
8
annotation
62
1
39
211
10
11.791807
20
4.485923
11
11.791811
21
4.485932
0
LINE
8
annotation
62
1
39
211
10
11.791811
20
4.485932
11
11.791811
21
4.485932
0
LINE
8
annotation
62
1
39
211
10
11.791811
20
4.485932
11
11.791994
21
4.486325
0
LINE
8
annotation
62
1
39
211
10
11.791994
20
4.486325
11
11.792101
21
4.486732
0
LINE
8
annotation
62
1
39
211
10
11.792101
20
4.486732
11
11.792134
21
4.487145
0
LINE
8
annotation
62
1
39
211
10
11.792134
20
4.487145
11
11.792097
21
4.487553
0
LINE
8
annotation
62
1
39
211
10
11.792097
20
4.487553
11
11.791991
21
4.487948
0
LINE
8
annotation
62
1
39
211
10
11.791991
20
4.487948
11
11.791820
21
4.488321
0
LINE
8
annotation
62
1
39
211
10
11.791820
20
4.488321
11
11.791586
21
4.488662
0
LINE
8
annotation
62
1
39
211
10
11.791586
20
4.488662
11
11.791291
21
4.488963
0
LINE
8
annotation
62
1
39
211
10
11.791291
20
4.488963
11
11.790939
21
4.489213
0
LINE
8
annotation
62
1
39
211
10
11.790939
20
4.489213
11
11.790939
21
4.489213
0
LINE
8
annotation
62
1
39
211
10
11.790939
20
4.489213
11
11.790545
21
4.489393
0
LINE
8
annotation
62
1
39
211
10
11.790545
20
4.489393
11
11.790137
21
4.489499
0
LINE
8
annotation
62
1
39
211
10
11.790137
20
4.489499
11
11.789724
21
4.489531
0
LINE
8
annotation
62
1
39
211
10
11.789724
20
4.489531
11
11.789315
21
4.489493
0
LINE
8
annotation
62
1
39
211
10
11.789315
20
4.489493
11
11.788920
21
4.489387
0
LINE
8
annotation
62
1
39
211
10
11.788920
20
4.489387
11
11.788548
21
4.489216
0
LINE
8
annotation
62
1
39
211
10
11.788548
20
4.489216
11
11.788207
21
4.488981
0
LINE
8
annotation
62
1
39
211
10
11.788207
20
4.488981
11
11.787907
21
4.488685
0
LINE
8
annotation
62
1
39
211
10
11.787907
20
4.488685
11
11.787658
21
4.488330
0
LINE
8
annotation
62
1
39
211
10
11.787658
20
4.488330
11
11.787343
21
4.487726
0
LINE
8
hole
62
5
39
2
10
4.362266
20
8.024607
11
4.202266
21
8.024607
0
LINE
8
hole
62
5
39
2
10
4.202266
20
8.024607
11
4.202266
21
8.184607
0
LINE
8
hole
62
5
39
2
10
4.202266
20
8.184607
11
4.362266
21
8.184607
0
LINE
8
hole
62
5
39
2
10
4.362266
20
8.184607
11
4.362266
21
8.024607
0
LINE
8
hole
62
5
39
2
10
1.923163
20
9.552647
11
1.763163
21
9.552647
0
LINE
8
hole
62
5
39
2
10
1.763163
20
9.552647
11
1.763163
21
9.712647
0
LINE
8
hole
62
5
39
2
10
1.763163
20
9.712647
11
1.923163
21
9.712647
0
LINE
8
hole
62
5
39
2
10
1.923163
20
9.712647
11
1.923163
21
9.552647
0
LINE
8
hole
62
5
39
2
10
2.554837
20
5.650409
11
2.394837
21
5.650409
0
LINE
8
hole
62
5
39
2
10
2.394837
20
5.650409
11
2.394837
21
5.810409
0
LINE
8
hole
62
5
39
2
10
2.394837
20
5.810409
11
2.554837
21
5.810409
0
LINE
8
hole
62
5
39
2
10
2.554837
20
5.810409
11
2.554837
21
5.650409
0
LINE
8
boundary
62
5
39
2
10
3.054470
20
4.859617
11
3.076958
21
4.924743
0
LINE
8
boundary
62
5
39
2
10
3.076958
20
4.924743
11
3.090818
21
4.982112
0
LINE
8
boundary
62
5
39
2
10
3.090818
20
4.982112
11
3.100729
21
5.038523
0
LINE
8
boundary
62
5
39
2
10
3.100729
20
5.038523
11
3.110800
21
5.095892
0
LINE
8
boundary
62
5
39
2
10
3.110800
20
5.095892
11
3.121226
21
5.152303
0
LINE
8
boundary
62
5
39
2
10
3.121226
20
5.152303
11
3.131822
21
5.209673
0
LINE
8
boundary
62
5
39
2
10
3.131822
20
5.209673
11
3.145666
21
5.266758
0
LINE
8
boundary
62
5
39
2
10
3.145666
20
5.266758
11
3.159094
21
5.323453
0
LINE
8
boundary
62
5
39
2
10
3.159094
20
5.323453
11
3.172839
21
5.380070
0
LINE
8
boundary
62
5
39
2
10
3.172839
20
5.380070
11
3.187471
21
5.437233
0
LINE
8
boundary
62
5
39
2
10
3.187471
20
5.437233
11
3.229962
21
5.481718
0
LINE
8
boundary
62
5
39
2
10
3.229962
20
5.481718
11
3.273277
21
5.526934
0
LINE
8
boundary
62
5
39
2
10
3.273277
20
5.526934
11
3.289803
21
5.538859
0
LINE
8
boundary
62
5
39
2
10
3.289803
20
5.538859
11
3.306662
21
5.551013
0
LINE
8
boundary
62
5
39
2
10
3.306662
20
5.551013
11
3.346548
21
5.575193
0
LINE
8
boundary
62
5
39
2
10
3.346548
20
5.575193
11
3.387057
21
5.599750
0
LINE
8
boundary
62
5
39
2
10
3.387057
20
5.599750
11
3.432799
21
5.631981
0
LINE
8
boundary
62
5
39
2
10
3.432799
20
5.631981
11
3.479409
21
5.664793
0
LINE
8
boundary
62
5
39
2
10
3.479409
20
5.664793
11
3.500837
21
5.684890
0
LINE
8
boundary
62
5
39
2
10
3.500837
20
5.684890
11
3.542303
21
5.731297
0
LINE
8
boundary
62
5
39
2
10
3.542303
20
5.731297
11
3.584471
21
5.778573
0
LINE
8
boundary
62
5
39
2
10
3.584471
20
5.778573
11
3.614617
21
5.803809
0
LINE
8
boundary
62
5
39
2
10
3.614617
20
5.803809
11
3.673797
21
5.847855
0
LINE
8
boundary
62
5
39
2
10
3.673797
20
5.847855
11
3.728397
21
5.887445
0
LINE
8
boundary
62
5
39
2
10
3.728397
20
5.887445
11
3.772656
21
5.923182
0
LINE
8
boundary
62
5
39
2
10
3.772656
20
5.923182
11
3.842177
21
5.980159
0
LINE
8
boundary
62
5
39
2
10
3.842177
20
5.980159
11
3.868144
21
6.006133
0
LINE
8
boundary
62
5
39
2
10
3.868144
20
6.006133
11
3.917034
21
6.066898
0
LINE
8
boundary
62
5
39
2
10
3.917034
20
6.066898
11
3.955957
21
6.115029
0
LINE
8
boundary
62
5
39
2
10
3.955957
20
6.115029
11
3.994185
21
6.165135
0
LINE
8
boundary
62
5
39
2
10
3.994185
20
6.165135
11
4.046430
21
6.233693
0
LINE
8
boundary
62
5
39
2
10
4.046430
20
6.233693
11
4.058246
21
6.249932
0
LINE
8
boundary
62
5
39
2
10
4.058246
20
6.249932
11
4.099940
21
6.306343
0
LINE
8
boundary
62
5
39
2
10
4.099940
20
6.306343
11
4.130501
21
6.347473
0
LINE
8
boundary
62
5
39
2
10
4.130501
20
6.347473
11
4.156710
21
6.387849
0
LINE
8
boundary
62
5
39
2
10
4.156710
20
6.387849
11
4.183517
21
6.429143
0
LINE
8
boundary
62
5
39
2
10
4.183517
20
6.429143
11
4.202180
21
6.461253
0
LINE
8
boundary
62
5
39
2
10
4.202180
20
6.461253
11
4.225474
21
6.517664
0
LINE
8
boundary
62
5
39
2
10
4.225474
20
6.517664
11
4.249132
21
6.575033
0
LINE
8
boundary
62
5
39
2
10
4.249132
20
6.575033
11
4.270581
21
6.631601
0
LINE
8
boundary
62
5
39
2
10
4.270581
20
6.631601
11
4.293040
21
6.688813
0
LINE
8
boundary
62
5
39
2
10
4.293040
20
6.688813
11
4.316018
21
6.751716
0
LINE
8
boundary
62
5
39
2
10
4.316018
20
6.751716
11
4.336010
21
6.802593
0
LINE
8
boundary
62
5
39
2
10
4.336010
20
6.802593
11
4.354039
21
6.859005
0
LINE
8
boundary
62
5
39
2
10
4.354039
20
6.859005
11
4.372312
21
6.916374
0
LINE
8
boundary
62
5
39
2
10
4.372312
20
6.916374
11
4.382655
21
6.961893
0
LINE
8
boundary
62
5
39
2
10
4.382655
20
6.961893
11
4.399821
21
7.030154
0
LINE
8
boundary
62
5
39
2
10
4.399821
20
7.030154
11
4.403169
21
7.051048
0
LINE
8
boundary
62
5
39
2
10
4.403169
20
7.051048
11
4.411078
21
7.091234
0
LINE
8
boundary
62
5
39
2
10
4.411078
20
7.091234
11
4.416449
21
7.125646
0
LINE
8
boundary
62
5
39
2
10
4.416449
20
7.125646
11
4.423981
21
7.171201
0
LINE
8
boundary
62
5
39
2
10
4.423981
20
7.171201
11
4.430732
21
7.216180
0
LINE
8
boundary
62
5
39
2
10
4.430732
20
7.216180
11
4.437470
21
7.257714
0
LINE
8
boundary
62
5
39
2
10
4.437470
20
7.257714
11
4.445976
21
7.313472
0
LINE
8
boundary
62
5
39
2
10
4.445976
20
7.313472
11
4.456470
21
7.371494
0
LINE
8
boundary
62
5
39
2
10
4.456470
20
7.371494
11
4.481086
21
7.424593
0
LINE
8
boundary
62
5
39
2
10
4.481086
20
7.424593
11
4.510051
21
7.485274
0
LINE
8
boundary
62
5
39
2
10
4.510051
20
7.485274
11
4.511869
21
7.512338
0
LINE
8
boundary
62
5
39
2
10
4.511869
20
7.512338
11
4.517880
21
7.584514
0
LINE
8
boundary
62
5
39
2
10
4.517880
20
7.584514
11
4.524858
21
7.605254
0
LINE
8
boundary
62
5
39
2
10
4.524858
20
7.605254
11
4.545298
21
7.655205
0
LINE
8
boundary
62
5
39
2
10
4.545298
20
7.655205
11
4.562197
21
7.712834
0
LINE
8
boundary
62
5
39
2
10
4.562197
20
7.712834
11
4.560770
21
7.769245
0
LINE
8
boundary
62
5
39
2
10
4.560770
20
7.769245
11
4.559264
21
7.826614
0
LINE
8
boundary
62
5
39
2
10
4.559264
20
7.826614
11
4.552874
21
7.883025
0
LINE
8
boundary
62
5
39
2
10
4.552874
20
7.883025
11
4.546321
21
7.940394
0
LINE
8
boundary
62
5
39
2
10
4.546321
20
7.940394
11
4.535387
21
7.994426
0
LINE
8
boundary
62
5
39
2
10
4.535387
20
7.994426
11
4.524858
21
8.044564
0
LINE
8
boundary
62
5
39
2
10
4.524858
20
8.044564
11
4.513011
21
8.106045
0
LINE
8
boundary
62
5
39
2
10
4.513011
20
8.106045
11
4.500698
21
8.167954
0
LINE
8
boundary
62
5
39
2
10
4.500698
20
8.167954
11
4.489177
21
8.224365
0
LINE
8
boundary
62
5
39
2
10
4.489177
20
8.224365
11
4.477475
21
8.281734
0
LINE
8
boundary
62
5
39
2
10
4.477475
20
8.281734
11
4.465978
21
8.338146
0
LINE
8
boundary
62
5
39
2
10
4.465978
20
8.338146
11
4.454303
21
8.395515
0
LINE
8
boundary
62
5
39
2
10
4.454303
20
8.395515
11
4.441356
21
8.451926
0
LINE
8
boundary
62
5
39
2
10
4.441356
20
8.451926
11
4.428202
21
8.509295
0
LINE
8
boundary
62
5
39
2
10
4.428202
20
8.509295
11
4.419696
21
8.528567
0
LINE
8
boundary
62
5
39
2
10
4.419696
20
8.528567
11
4.411078
21
8.548114
0
LINE
8
boundary
62
5
39
2
10
4.411078
20
8.548114
11
4.394488
21
8.585253
0
LINE
8
boundary
62
5
39
2
10
4.394488
20
8.585253
11
4.377607
21
8.623075
0
LINE
8
boundary
62
5
39
2
10
4.377607
20
8.623075
11
4.348251
21
8.679486
0
LINE
8
boundary
62
5
39
2
10
4.348251
20
8.679486
11
4.318401
21
8.736855
0
LINE
8
boundary
62
5
39
2
10
4.318401
20
8.736855
11
4.297297
21
8.767459
0
LINE
8
boundary
62
5
39
2
10
4.297297
20
8.767459
11
4.247631
21
8.807287
0
LINE
8
boundary
62
5
39
2
10
4.247631
20
8.807287
11
4.206359
21
8.850635
0
LINE
8
boundary
62
5
39
2
10
4.206359
20
8.850635
11
4.183517
21
8.879569
0
LINE
8
boundary
62
5
39
2
10
4.183517
20
8.879569
11
4.142838
21
8.920151
0
LINE
8
boundary
62
5
39
2
10
4.142838
20
8.920151
11
4.106769
21
8.964415
0
LINE
8
boundary
62
5
39
2
10
4.106769
20
8.964415
11
4.084830
21
8.995928
0
LINE
8
boundary
62
5
39
2
10
4.084830
20
8.995928
11
4.069737
21
9.019215
0
LINE
8
boundary
62
5
39
2
10
4.069737
20
9.019215
11
4.051424
21
9.044742
0
LINE
8
boundary
62
5
39
2
10
4.051424
20
9.044742
11
4.031713
21
9.078195
0
LINE
8
boundary
62
5
39
2
10
4.031713
20
9.078195
11
4.003107
21
9.120848
0
LINE
8
boundary
62
5
39
2
10
4.003107
20
9.120848
11
3.982518
21
9.156372
0
LINE
8
boundary
62
5
39
2
10
3.982518
20
9.156372
11
3.961125
21
9.191975
0
LINE
8
boundary
62
5
39
2
10
3.961125
20
9.191975
11
3.910316
21
9.258591
0
LINE
8
boundary
62
5
39
2
10
3.910316
20
9.258591
11
3.878094
21
9.305755
0
LINE
8
boundary
62
5
39
2
10
3.878094
20
9.305755
11
3.860136
21
9.324750
0
LINE
8
boundary
62
5
39
2
10
3.860136
20
9.324750
11
3.842177
21
9.343745
0
LINE
8
boundary
62
5
39
2
10
3.842177
20
9.343745
11
3.806676
21
9.379131
0
LINE
8
boundary
62
5
39
2
10
3.806676
20
9.379131
11
3.768348
21
9.419535
0
LINE
8
boundary
62
5
39
2
10
3.768348
20
9.419535
11
3.748372
21
9.438872
0
LINE
8
boundary
62
5
39
2
10
3.748372
20
9.438872
11
3.728397
21
9.458208
0
LINE
8
boundary
62
5
39
2
10
3.728397
20
9.458208
11
3.693395
21
9.492527
0
LINE
8
boundary
62
5
39
2
10
3.693395
20
9.492527
11
3.653303
21
9.533315
0
LINE
8
boundary
62
5
39
2
10
3.653303
20
9.533315
11
3.633960
21
9.550629
0
LINE
8
boundary
62
5
39
2
10
3.633960
20
9.550629
11
3.614617
21
9.567944
0
LINE
8
boundary
62
5
39
2
10
3.614617
20
9.567944
11
3.575599
21
9.600105
0
LINE
8
boundary
62
5
39
2
10
3.575599
20
9.600105
11
3.521681
21
9.647095
0
LINE
8
boundary
62
5
39
2
10
3.521681
20
9.647095
11
3.500837
21
9.662465
0
LINE
8
boundary
62
5
39
2
10
3.500837
20
9.662465
11
3.446055
21
9.698254
0
LINE
8
boundary
62
5
39
2
10
3.446055
20
9.698254
11
3.387057
21
9.738035
0
LINE
8
boundary
62
5
39
2
10
3.387057
20
9.738035
11
3.359500
21
9.760875
0
LINE
8
boundary
62
5
39
2
10
3.359500
20
9.760875
11
3.326897
21
9.782206
0
LINE
8
boundary
62
5
39
2
10
3.326897
20
9.782206
11
3.273277
21
9.817252
0
LINE
8
boundary
62
5
39
2
10
3.273277
20
9.817252
11
3.223788
21
9.849291
0
LINE
8
boundary
62
5
39
2
10
3.223788
20
9.849291
11
3.184575
21
9.874655
0
LINE
8
boundary
62
5
39
2
10
3.184575
20
9.874655
11
3.159497
21
9.889705
0
LINE
8
boundary
62
5
39
2
10
3.159497
20
9.889705
11
3.117638
21
9.910761
0
LINE
8
boundary
62
5
39
2
10
3.117638
20
9.910761
11
3.045717
21
9.946969
0
LINE
8
boundary
62
5
39
2
10
3.045717
20
9.946969
11
2.989777
21
9.963524
0
LINE
8
boundary
62
5
39
2
10
2.989777
20
9.963524
11
2.931937
21
9.980759
0
LINE
8
boundary
62
5
39
2
10
2.931937
20
9.980759
11
2.905666
21
9.988436
0
LINE
8
boundary
62
5
39
2
10
2.905666
20
9.988436
11
2.866581
21
9.998769
0
LINE
8
boundary
62
5
39
2
10
2.866581
20
9.998769
11
2.818157
21
10.011531
0
LINE
8
boundary
62
5
39
2
10
2.818157
20
10.011531
11
2.761745
21
10.025809
0
LINE
8
boundary
62
5
39
2
10
2.761745
20
10.025809
11
2.704376
21
10.040332
0
LINE
8
boundary
62
5
39
2
10
2.704376
20
10.040332
11
2.647722
21
10.063448
0
LINE
8
boundary
62
5
39
2
10
2.647722
20
10.063448
11
2.629076
21
10.070882
0
LINE
8
boundary
62
5
39
2
10
2.629076
20
10.070882
11
2.590596
21
10.086533
0
LINE
8
boundary
62
5
39
2
10
2.590596
20
10.086533
11
2.569532
21
10.094375
0
LINE
8
boundary
62
5
39
2
10
2.569532
20
10.094375
11
2.548467
21
10.102216
0
LINE
8
boundary
62
5
39
2
10
2.548467
20
10.102216
11
2.523849
21
10.109038
0
LINE
8
boundary
62
5
39
2
10
2.523849
20
10.109038
11
2.476816
21
10.121992
0
LINE
8
boundary
62
5
39
2
10
2.476816
20
10.121992
11
2.420405
21
10.125703
0
LINE
8
boundary
62
5
39
2
10
2.420405
20
10.125703
11
2.363036
21
10.129488
0
LINE
8
boundary
62
5
39
2
10
2.363036
20
10.129488
11
2.306625
21
10.138907
0
LINE
8
boundary
62
5
39
2
10
2.306625
20
10.138907
11
2.249256
21
10.148597
0
LINE
8
boundary
62
5
39
2
10
2.249256
20
10.148597
11
2.192845
21
10.148225
0
LINE
8
boundary
62
5
39
2
10
2.192845
20
10.148225
11
2.135476
21
10.147886
0
LINE
8
boundary
62
5
39
2
10
2.135476
20
10.147886
11
2.079065
21
10.138481
0
LINE
8
boundary
62
5
39
2
10
2.079065
20
10.138481
11
2.021696
21
10.128906
0
LINE
8
boundary
62
5
39
2
10
2.021696
20
10.128906
11
1.962788
21
10.116073
0
LINE
8
boundary
62
5
39
2
10
1.962788
20
10.116073
11
1.907916
21
10.104133
0
LINE
8
boundary
62
5
39
2
10
1.907916
20
10.104133
11
1.852102
21
10.091958
0
LINE
8
boundary
62
5
39
2
10
1.852102
20
10.091958
11
1.794136
21
10.079095
0
LINE
8
boundary
62
5
39
2
10
1.794136
20
10.079095
11
1.737725
21
10.064528
0
LINE
8
boundary
62
5
39
2
10
1.737725
20
10.064528
11
1.680356
21
10.049685
0
LINE
8
boundary
62
5
39
2
10
1.680356
20
10.049685
11
1.623945
21
10.029354
0
LINE
8
boundary
62
5
39
2
10
1.623945
20
10.029354
11
1.566576
21
10.008627
0
LINE
8
boundary
62
5
39
2
10
1.566576
20
10.008627
11
1.529918
21
9.998618
0
LINE
8
boundary
62
5
39
2
10
1.529918
20
9.998618
11
1.492847
21
9.988436
0
LINE
8
boundary
62
5
39
2
10
1.492847
20
9.988436
11
1.473094
21
9.981199
0
LINE
8
boundary
62
5
39
2
10
1.473094
20
9.981199
11
1.452796
21
9.973743
0
LINE
8
boundary
62
5
39
2
10
1.452796
20
9.973743
11
1.396385
21
9.942005
0
LINE
8
boundary
62
5
39
2
10
1.396385
20
9.942005
11
1.339016
21
9.909863
0
LINE
8
boundary
62
5
39
2
10
1.339016
20
9.909863
11
1.306753
21
9.892427
0
LINE
8
boundary
62
5
39
2
10
1.306753
20
9.892427
11
1.273806
21
9.874655
0
LINE
8
boundary
62
5
39
2
10
1.273806
20
9.874655
11
1.249657
21
9.859965
0
LINE
8
boundary
62
5
39
2
10
1.249657
20
9.859965
11
1.225236
21
9.845127
0
LINE
8
boundary
62
5
39
2
10
1.225236
20
9.845127
11
1.167690
21
9.806601
0
LINE
8
boundary
62
5
39
2
10
1.167690
20
9.806601
11
1.150378
21
9.794258
0
LINE
8
boundary
62
5
39
2
10
1.150378
20
9.794258
11
1.111456
21
9.767852
0
LINE
8
boundary
62
5
39
2
10
1.111456
20
9.767852
11
1.066364
21
9.736103
0
LINE
8
boundary
62
5
39
2
10
1.066364
20
9.736103
11
0.997675
21
9.688495
0
LINE
8
boundary
62
5
39
2
10
0.997675
20
9.688495
11
0.969465
21
9.667982
0
LINE
8
boundary
62
5
39
2
10
0.969465
20
9.667982
11
0.940755
21
9.647095
0
LINE
8
boundary
62
5
39
2
10
0.940755
20
9.647095
11
0.912554
21
9.626339
0
LINE
8
boundary
62
5
39
2
10
0.912554
20
9.626339
11
0.883895
21
9.605237
0
LINE
8
boundary
62
5
39
2
10
0.883895
20
9.605237
11
0.835999
21
9.569582
0
LINE
8
boundary
62
5
39
2
10
0.835999
20
9.569582
11
0.787309
21
9.533315
0
LINE
8
boundary
62
5
39
2
10
0.787309
20
9.533315
11
0.770115
21
9.520429
0
LINE
8
boundary
62
5
39
2
10
0.770115
20
9.520429
11
0.713704
21
9.477664
0
LINE
8
boundary
62
5
39
2
10
0.713704
20
9.477664
11
0.656335
21
9.434137
0
LINE
8
boundary
62
5
39
2
10
0.656335
20
9.434137
11
0.640248
21
9.419535
0
LINE
8
boundary
62
5
39
2
10
0.640248
20
9.419535
11
0.587425
21
9.361562
0
LINE
8
boundary
62
5
39
2
10
0.587425
20
9.361562
11
0.542555
21
9.313193
0
LINE
8
boundary
62
5
39
2
10
0.542555
20
9.313193
11
0.493652
21
9.253961
0
LINE
8
boundary
62
5
39
2
10
0.493652
20
9.253961
11
0.444726
21
9.191975
0
LINE
8
boundary
62
5
39
2
10
0.444726
20
9.191975
11
0.428775
21
9.167469
0
LINE
8
boundary
62
5
39
2
10
0.428775
20
9.167469
11
0.407109
21
9.137123
0
LINE
8
boundary
62
5
39
2
10
0.407109
20
9.137123
11
0.364984
21
9.078195
0
LINE
8
boundary
62
5
39
2
10
0.364984
20
9.078195
11
0.337265
21
9.030920
0
LINE
8
boundary
62
5
39
2
10
0.337265
20
9.030920
11
0.314995
21
8.994751
0
LINE
8
boundary
62
5
39
2
10
0.314995
20
8.994751
11
0.295984
21
8.964415
0
LINE
8
boundary
62
5
39
2
10
0.295984
20
8.964415
11
0.274877
21
8.921156
0
LINE
8
boundary
62
5
39
2
10
0.274877
20
8.921156
11
0.239591
21
8.850635
0
LINE
8
boundary
62
5
39
2
10
0.239591
20
8.850635
11
0.219879
21
8.807340
0
LINE
8
boundary
62
5
39
2
10
0.219879
20
8.807340
11
0.201215
21
8.772098
0
LINE
8
boundary
62
5
39
2
10
0.201215
20
8.772098
11
0.182609
21
8.736855
0
LINE
8
boundary
62
5
39
2
10
0.182609
20
8.736855
11
0.164782
21
8.682666
0
LINE
8
boundary
62
5
39
2
10
0.164782
20
8.682666
11
0.142451
21
8.623075
0
LINE
8
boundary
62
5
39
2
10
0.142451
20
8.623075
11
0.132955
21
8.575808
0
LINE
8
boundary
62
5
39
2
10
0.132955
20
8.575808
11
0.112681
21
8.509295
0
LINE
8
boundary
62
5
39
2
10
0.112681
20
8.509295
11
0.110620
21
8.482740
0
LINE
8
boundary
62
5
39
2
10
0.110620
20
8.482740
11
0.093222
21
8.402142
0
LINE
8
boundary
62
5
39
2
10
0.093222
20
8.402142
11
0.092914
21
8.286890
0
LINE
8
boundary
62
5
39
2
10
0.092914
20
8.286890
11
0.103792
21
8.265377
0
LINE
8
boundary
62
5
39
2
10
0.103792
20
8.265377
11
0.127276
21
8.207796
0
LINE
8
boundary
62
5
39
2
10
0.127276
20
8.207796
11
0.176860
21
8.167954
0
LINE
8
boundary
62
5
39
2
10
0.176860
20
8.167954
11
0.201215
21
8.155471
0
LINE
8
boundary
62
5
39
2
10
0.201215
20
8.155471
11
0.226665
21
8.167954
0
LINE
8
boundary
62
5
39
2
10
0.226665
20
8.167954
11
0.288930
21
8.194019
0
LINE
8
boundary
62
5
39
2
10
0.288930
20
8.194019
11
0.314995
21
8.198880
0
LINE
8
boundary
62
5
39
2
10
0.314995
20
8.198880
11
0.351543
21
8.246426
0
LINE
8
boundary
62
5
39
2
10
0.351543
20
8.246426
11
0.390293
21
8.281734
0
LINE
8
boundary
62
5
39
2
10
0.390293
20
8.281734
11
0.412647
21
8.301352
0
LINE
8
boundary
62
5
39
2
10
0.412647
20
8.301352
11
0.466018
21
8.360622
0
LINE
8
boundary
62
5
39
2
10
0.466018
20
8.360622
11
0.497489
21
8.395515
0
LINE
8
boundary
62
5
39
2
10
0.497489
20
8.395515
11
0.542555
21
8.430678
0
LINE
8
boundary
62
5
39
2
10
0.542555
20
8.430678
11
0.569163
21
8.462045
0
LINE
8
boundary
62
5
39
2
10
0.569163
20
8.462045
11
0.610040
21
8.509295
0
LINE
8
boundary
62
5
39
2
10
0.610040
20
8.509295
11
0.632813
21
8.530588
0
LINE
8
boundary
62
5
39
2
10
0.632813
20
8.530588
11
0.656335
21
8.552576
0
LINE
8
boundary
62
5
39
2
10
0.656335
20
8.552576
11
0.686101
21
8.587694
0
LINE
8
boundary
62
5
39
2
10
0.686101
20
8.587694
11
0.716116
21
8.623075
0
LINE
8
boundary
62
5
39
2
10
0.716116
20
8.623075
11
0.742761
21
8.649950
0
LINE
8
boundary
62
5
39
2
10
0.742761
20
8.649950
11
0.770115
21
8.677504
0
LINE
8
boundary
62
5
39
2
10
0.770115
20
8.677504
11
0.799097
21
8.707040
0
LINE
8
boundary
62
5
39
2
10
0.799097
20
8.707040
11
0.828370
21
8.736855
0
LINE
8
boundary
62
5
39
2
10
0.828370
20
8.736855
11
0.855799
21
8.761630
0
LINE
8
boundary
62
5
39
2
10
0.855799
20
8.761630
11
0.883895
21
8.787006
0
LINE
8
boundary
62
5
39
2
10
0.883895
20
8.787006
11
0.920522
21
8.818642
0
LINE
8
boundary
62
5
39
2
10
0.920522
20
8.818642
11
0.957598
21
8.850635
0
LINE
8
boundary
62
5
39
2
10
0.957598
20
8.850635
11
0.977383
21
8.866104
0
LINE
8
boundary
62
5
39
2
10
0.977383
20
8.866104
11
0.997675
21
8.881942
0
LINE
8
boundary
62
5
39
2
10
0.997675
20
8.881942
11
1.047108
21
8.922884
0
LINE
8
boundary
62
5
39
2
10
1.047108
20
8.922884
11
1.097321
21
8.964415
0
LINE
8
boundary
62
5
39
2
10
1.097321
20
8.964415
11
1.167867
21
9.012982
0
LINE
8
boundary
62
5
39
2
10
1.167867
20
9.012982
11
1.225236
21
9.051684
0
LINE
8
boundary
62
5
39
2
10
1.225236
20
9.051684
11
1.248129
21
9.064814
0
LINE
8
boundary
62
5
39
2
10
1.248129
20
9.064814
11
1.271490
21
9.078195
0
LINE
8
boundary
62
5
39
2
10
1.271490
20
9.078195
11
1.305007
21
9.097476
0
LINE
8
boundary
62
5
39
2
10
1.305007
20
9.097476
11
1.339016
21
9.117020
0
LINE
8
boundary
62
5
39
2
10
1.339016
20
9.117020
11
1.395427
21
9.147576
0
LINE
8
boundary
62
5
39
2
10
1.395427
20
9.147576
11
1.452796
21
9.178654
0
LINE
8
boundary
62
5
39
2
10
1.452796
20
9.178654
11
1.479551
21
9.191975
0
LINE
8
boundary
62
5
39
2
10
1.479551
20
9.191975
11
1.522750
21
9.212088
0
LINE
8
boundary
62
5
39
2
10
1.522750
20
9.212088
11
1.566576
21
9.232512
0
LINE
8
boundary
62
5
39
2
10
1.566576
20
9.232512
11
1.622987
21
9.251593
0
LINE
8
boundary
62
5
39
2
10
1.622987
20
9.251593
11
1.680356
21
9.270996
0
LINE
8
boundary
62
5
39
2
10
1.680356
20
9.270996
11
1.744453
21
9.290636
0
LINE
8
boundary
62
5
39
2
10
1.744453
20
9.290636
11
1.766136
21
9.297246
0
LINE
8
boundary
62
5
39
2
10
1.766136
20
9.297246
11
1.794004
21
9.305755
0
LINE
8
boundary
62
5
39
2
10
1.794004
20
9.305755
11
1.822266
21
9.313153
0
LINE
8
boundary
62
5
39
2
10
1.822266
20
9.313153
11
1.843545
21
9.318721
0
LINE
8
boundary
62
5
39
2
10
1.843545
20
9.318721
11
1.907916
21
9.335398
0
LINE
8
boundary
62
5
39
2
10
1.907916
20
9.335398
11
1.964327
21
9.345314
0
LINE
8
boundary
62
5
39
2
10
1.964327
20
9.345314
11
2.021696
21
9.355416
0
LINE
8
boundary
62
5
39
2
10
2.021696
20
9.355416
11
2.078107
21
9.362846
0
LINE
8
boundary
62
5
39
2
10
2.078107
20
9.362846
11
2.135476
21
9.370384
0
LINE
8
boundary
62
5
39
2
10
2.135476
20
9.370384
11
2.191887
21
9.369773
0
LINE
8
boundary
62
5
39
2
10
2.191887
20
9.369773
11
2.249256
21
9.369134
0
LINE
8
boundary
62
5
39
2
10
2.249256
20
9.369134
11
2.305667
21
9.366777
0
LINE
8
boundary
62
5
39
2
10
2.305667
20
9.366777
11
2.363036
21
9.364471
0
LINE
8
boundary
62
5
39
2
10
2.363036
20
9.364471
11
2.419447
21
9.367815
0
LINE
8
boundary
62
5
39
2
10
2.419447
20
9.367815
11
2.476816
21
9.371276
0
LINE
8
boundary
62
5
39
2
10
2.476816
20
9.371276
11
2.533227
21
9.359358
0
LINE
8
boundary
62
5
39
2
10
2.533227
20
9.359358
11
2.590596
21
9.347237
0
LINE
8
boundary
62
5
39
2
10
2.590596
20
9.347237
11
2.647008
21
9.336980
0
LINE
8
boundary
62
5
39
2
10
2.647008
20
9.336980
11
2.704376
21
9.326577
0
LINE
8
boundary
62
5
39
2
10
2.704376
20
9.326577
11
2.749823
21
9.315736
0
LINE
8
boundary
62
5
39
2
10
2.749823
20
9.315736
11
2.786939
21
9.305755
0
LINE
8
boundary
62
5
39
2
10
2.786939
20
9.305755
11
2.818157
21
9.294931
0
LINE
8
boundary
62
5
39
2
10
2.818157
20
9.294931
11
2.863426
21
9.268733
0
LINE
8
boundary
62
5
39
2
10
2.863426
20
9.268733
11
2.931937
21
9.228270
0
LINE
8
boundary
62
5
39
2
10
2.931937
20
9.228270
11
2.963024
21
9.210386
0
LINE
8
boundary
62
5
39
2
10
2.963024
20
9.210386
11
2.995033
21
9.191975
0
LINE
8
boundary
62
5
39
2
10
2.995033
20
9.191975
11
3.020357
21
9.176453
0
LINE
8
boundary
62
5
39
2
10
3.020357
20
9.176453
11
3.045717
21
9.160911
0
LINE
8
boundary
62
5
39
2
10
3.045717
20
9.160911
11
3.103929
21
9.123515
0
LINE
8
boundary
62
5
39
2
10
3.103929
20
9.123515
11
3.159497
21
9.087224
0
LINE
8
boundary
62
5
39
2
10
3.159497
20
9.087224
11
3.222697
21
9.036107
0
LINE
8
boundary
62
5
39
2
10
3.222697
20
9.036107
11
3.273277
21
8.993112
0
LINE
8
boundary
62
5
39
2
10
3.273277
20
8.993112
11
3.290687
21
8.978763
0
LINE
8
boundary
62
5
39
2
10
3.290687
20
8.978763
11
3.308097
21
8.964415
0
LINE
8
boundary
62
5
39
2
10
3.308097
20
8.964415
11
3.346849
21
8.930101
0
LINE
8
boundary
62
5
39
2
10
3.346849
20
8.930101
11
3.387057
21
8.893936
0
LINE
8
boundary
62
5
39
2
10
3.387057
20
8.893936
11
3.410170
21
8.872285
0
LINE
8
boundary
62
5
39
2
10
3.410170
20
8.872285
11
3.433283
21
8.850635
0
LINE
8
boundary
62
5
39
2
10
3.433283
20
8.850635
11
3.459142
21
8.816206
0
LINE
8
boundary
62
5
39
2
10
3.459142
20
8.816206
11
3.500837
21
8.758752
0
LINE
8
boundary
62
5
39
2
10
3.500837
20
8.758752
11
3.518542
21
8.736855
0
LINE
8
boundary
62
5
39
2
10
3.518542
20
8.736855
11
3.549408
21
8.685767
0
LINE
8
boundary
62
5
39
2
10
3.549408
20
8.685767
11
3.583905
21
8.623075
0
LINE
8
boundary
62
5
39
2
10
3.583905
20
8.623075
11
3.551531
21
8.595752
0
LINE
8
boundary
62
5
39
2
10
3.551531
20
8.595752
11
3.500837
21
8.567021
0
LINE
8
boundary
62
5
39
2
10
3.500837
20
8.567021
11
3.452152
21
8.539006
0
LINE
8
boundary
62
5
39
2
10
3.452152
20
8.539006
11
3.413710
21
8.509295
0
LINE
8
boundary
62
5
39
2
10
3.413710
20
8.509295
11
3.400565
21
8.472204
0
LINE
8
boundary
62
5
39
2
10
3.400565
20
8.472204
11
3.387057
21
8.446614
0
LINE
8
boundary
62
5
39
2
10
3.387057
20
8.446614
11
3.361010
21
8.423799
0
LINE
8
boundary
62
5
39
2
10
3.361010
20
8.423799
11
3.327378
21
8.395515
0
LINE
8
boundary
62
5
39
2
10
3.327378
20
8.395515
11
3.336947
21
8.345405
0
LINE
8
boundary
62
5
39
2
10
3.336947
20
8.345405
11
3.348763
21
8.281734
0
LINE
8
boundary
62
5
39
2
10
3.348763
20
8.281734
11
3.355723
21
8.257092
0
LINE
8
boundary
62
5
39
2
10
3.355723
20
8.257092
11
3.371948
21
8.183678
0
LINE
8
boundary
62
5
39
2
10
3.371948
20
8.183678
11
3.379209
21
8.155076
0
LINE
8
boundary
62
5
39
2
10
3.379209
20
8.155076
11
3.387057
21
8.114580
0
LINE
8
boundary
62
5
39
2
10
3.387057
20
8.114580
11
3.400818
21
8.064915
0
LINE
8
boundary
62
5
39
2
10
3.400818
20
8.064915
11
3.411911
21
8.029321
0
LINE
8
boundary
62
5
39
2
10
3.411911
20
8.029321
11
3.428201
21
7.981538
0
LINE
8
boundary
62
5
39
2
10
3.428201
20
7.981538
11
3.440969
21
7.940394
0
LINE
8
boundary
62
5
39
2
10
3.440969
20
7.940394
11
3.457122
21
7.897007
0
LINE
8
boundary
62
5
39
2
10
3.457122
20
7.897007
11
3.475726
21
7.843729
0
LINE
8
boundary
62
5
39
2
10
3.475726
20
7.843729
11
3.488487
21
7.810317
0
LINE
8
boundary
62
5
39
2
10
3.488487
20
7.810317
11
3.500837
21
7.773057
0
LINE
8
boundary
62
5
39
2
10
3.500837
20
7.773057
11
3.517874
21
7.726495
0
LINE
8
boundary
62
5
39
2
10
3.517874
20
7.726495
11
3.540746
21
7.672925
0
LINE
8
boundary
62
5
39
2
10
3.540746
20
7.672925
11
3.550863
21
7.649080
0
LINE
8
boundary
62
5
39
2
10
3.550863
20
7.649080
11
3.575111
21
7.599054
0
LINE
8
boundary
62
5
39
2
10
3.575111
20
7.599054
11
3.592275
21
7.588720
0
LINE
8
boundary
62
5
39
2
10
3.592275
20
7.588720
11
3.614617
21
7.575857
0
LINE
8
boundary
62
5
39
2
10
3.614617
20
7.575857
11
3.665454
21
7.548493
0
LINE
8
boundary
62
5
39
2
10
3.665454
20
7.548493
11
3.728397
21
7.521957
0
LINE
8
boundary
62
5
39
2
10
3.728397
20
7.521957
11
3.772785
21
7.506704
0
LINE
8
boundary
62
5
39
2
10
3.772785
20
7.506704
11
3.803961
21
7.485274
0
LINE
8
boundary
62
5
39
2
10
3.803961
20
7.485274
11
3.799366
21
7.440073
0
LINE
8
boundary
62
5
39
2
10
3.799366
20
7.440073
11
3.793429
21
7.371494
0
LINE
8
boundary
62
5
39
2
10
3.793429
20
7.371494
11
3.780225
21
7.315083
0
LINE
8
boundary
62
5
39
2
10
3.780225
20
7.315083
11
3.766789
21
7.257714
0
LINE
8
boundary
62
5
39
2
10
3.766789
20
7.257714
11
3.747415
21
7.212685
0
LINE
8
boundary
62
5
39
2
10
3.747415
20
7.212685
11
3.728397
21
7.169852
0
LINE
8
boundary
62
5
39
2
10
3.728397
20
7.169852
11
3.717105
21
7.143934
0
LINE
8
boundary
62
5
39
2
10
3.717105
20
7.143934
11
3.686456
21
7.094451
0
LINE
8
boundary
62
5
39
2
10
3.686456
20
7.094451
11
3.646520
21
7.030154
0
LINE
8
boundary
62
5
39
2
10
3.646520
20
7.030154
11
3.630826
21
7.005658
0
LINE
8
boundary
62
5
39
2
10
3.630826
20
7.005658
11
3.614617
21
6.980362
0
LINE
8
boundary
62
5
39
2
10
3.614617
20
6.980362
11
3.596236
21
6.948446
0
LINE
8
boundary
62
5
39
2
10
3.596236
20
6.948446
11
3.577756
21
6.916374
0
LINE
8
boundary
62
5
39
2
10
3.577756
20
6.916374
11
3.535324
21
6.857490
0
LINE
8
boundary
62
5
39
2
10
3.535324
20
6.857490
11
3.500837
21
6.809544
0
LINE
8
boundary
62
5
39
2
10
3.500837
20
6.809544
11
3.444253
21
6.750021
0
LINE
8
boundary
62
5
39
2
10
3.444253
20
6.750021
11
3.387057
21
6.691549
0
LINE
8
boundary
62
5
39
2
10
3.387057
20
6.691549
11
3.332150
21
6.638740
0
LINE
8
boundary
62
5
39
2
10
3.332150
20
6.638740
11
3.273277
21
6.581423
0
LINE
8
boundary
62
5
39
2
10
3.273277
20
6.581423
11
3.227966
21
6.552368
0
LINE
8
boundary
62
5
39
2
10
3.227966
20
6.552368
11
3.159497
21
6.511710
0
LINE
8
boundary
62
5
39
2
10
3.159497
20
6.511710
11
3.098364
21
6.515171
0
LINE
8
boundary
62
5
39
2
10
3.098364
20
6.515171
11
3.045717
21
6.497023
0
LINE
8
boundary
62
5
39
2
10
3.045717
20
6.497023
11
3.021094
21
6.461253
0
LINE
8
boundary
62
5
39
2
10
3.021094
20
6.461253
11
2.980342
21
6.438258
0
LINE
8
boundary
62
5
39
2
10
2.980342
20
6.438258
11
2.931937
21
6.411857
0
LINE
8
boundary
62
5
39
2
10
2.931937
20
6.411857
11
2.891512
21
6.380025
0
LINE
8
boundary
62
5
39
2
10
2.891512
20
6.380025
11
2.850365
21
6.347473
0
LINE
8
boundary
62
5
39
2
10
2.850365
20
6.347473
11
2.818157
21
6.327767
0
LINE
8
boundary
62
5
39
2
10
2.818157
20
6.327767
11
2.761745
21
6.292314
0
LINE
8
boundary
62
5
39
2
10
2.761745
20
6.292314
11
2.704376
21
6.256349
0
LINE
8
boundary
62
5
39
2
10
2.704376
20
6.256349
11
2.680310
21
6.245181
0
LINE
8
boundary
62
5
39
2
10
2.680310
20
6.245181
11
2.655500
21
6.233693
0
LINE
8
boundary
62
5
39
2
10
2.655500
20
6.233693
11
2.623155
21
6.208579
0
LINE
8
boundary
62
5
39
2
10
2.623155
20
6.208579
11
2.590596
21
6.183361
0
LINE
8
boundary
62
5
39
2
10
2.590596
20
6.183361
11
2.539915
21
6.151924
0
LINE
8
boundary
62
5
39
2
10
2.539915
20
6.151924
11
2.490010
21
6.119913
0
LINE
8
boundary
62
5
39
2
10
2.490010
20
6.119913
11
2.433330
21
6.082669
0
LINE
8
boundary
62
5
39
2
10
2.433330
20
6.082669
11
2.414359
21
6.070516
0
LINE
8
boundary
62
5
39
2
10
2.414359
20
6.070516
11
2.363036
21
6.037712
0
LINE
8
boundary
62
5
39
2
10
2.363036
20
6.037712
11
2.340357
21
6.021922
0
LINE
8
boundary
62
5
39
2
10
2.340357
20
6.021922
11
2.317678
21
6.006133
0
LINE
8
boundary
62
5
39
2
10
2.317678
20
6.006133
11
2.290233
21
6.000070
0
LINE
8
boundary
62
5
39
2
10
2.290233
20
6.000070
11
2.249256
21
5.993534
0
LINE
8
boundary
62
5
39
2
10
2.249256
20
5.993534
11
2.192845
21
5.984232
0
LINE
8
boundary
62
5
39
2
10
2.192845
20
5.984232
11
2.135476
21
5.974639
0
LINE
8
boundary
62
5
39
2
10
2.135476
20
5.974639
11
2.079065
21
5.973598
0
LINE
8
boundary
62
5
39
2
10
2.079065
20
5.973598
11
2.021696
21
5.972539
0
LINE
8
boundary
62
5
39
2
10
2.021696
20
5.972539
11
1.965285
21
5.971623
0
LINE
8
boundary
62
5
39
2
10
1.965285
20
5.971623
11
1.907916
21
5.970691
0
LINE
8
boundary
62
5
39
2
10
1.907916
20
5.970691
11
1.851505
21
5.955760
0
LINE
8
boundary
62
5
39
2
10
1.851505
20
5.955760
11
1.794136
21
5.940438
0
LINE
8
boundary
62
5
39
2
10
1.794136
20
5.940438
11
1.770825
21
5.916506
0
LINE
8
boundary
62
5
39
2
10
1.770825
20
5.916506
11
1.747329
21
5.892353
0
LINE
8
boundary
62
5
39
2
10
1.747329
20
5.892353
11
1.761696
21
5.835942
0
LINE
8
boundary
62
5
39
2
10
1.761696
20
5.835942
11
1.776182
21
5.778573
0
LINE
8
boundary
62
5
39
2
10
1.776182
20
5.778573
11
1.794136
21
5.762755
0
LINE
8
boundary
62
5
39
2
10
1.794136
20
5.762755
11
1.850547
21
5.748327
0
LINE
8
boundary
62
5
39
2
10
1.850547
20
5.748327
11
1.907916
21
5.733534
0
LINE
8
boundary
62
5
39
2
10
1.907916
20
5.733534
11
1.964327
21
5.732916
0
LINE
8
boundary
62
5
39
2
10
1.964327
20
5.732916
11
2.021696
21
5.732283
0
LINE
8
boundary
62
5
39
2
10
2.021696
20
5.732283
11
2.078107
21
5.727550
0
LINE
8
boundary
62
5
39
2
10
2.078107
20
5.727550
11
2.135476
21
5.722668
0
LINE
8
boundary
62
5
39
2
10
2.135476
20
5.722668
11
2.191093
21
5.704553
0
LINE
8
boundary
62
5
39
2
10
2.191093
20
5.704553
11
2.249256
21
5.688058
0
LINE
8
boundary
62
5
39
2
10
2.249256
20
5.688058
11
2.278838
21
5.676563
0
LINE
8
boundary
62
5
39
2
10
2.278838
20
5.676563
11
2.305085
21
5.664793
0
LINE
8
boundary
62
5
39
2
10
2.305085
20
5.664793
11
2.340492
21
5.639495
0
LINE
8
boundary
62
5
39
2
10
2.340492
20
5.639495
11
2.363036
21
5.622853
0
LINE
8
boundary
62
5
39
2
10
2.363036
20
5.622853
11
2.402412
21
5.592863
0
LINE
8
boundary
62
5
39
2
10
2.402412
20
5.592863
11
2.458327
21
5.551013
0
LINE
8
boundary
62
5
39
2
10
2.458327
20
5.551013
11
2.476816
21
5.539298
0
LINE
8
boundary
62
5
39
2
10
2.476816
20
5.539298
11
2.519554
21
5.517713
0
LINE
8
boundary
62
5
39
2
10
2.519554
20
5.517713
11
2.546482
21
5.503099
0
LINE
8
boundary
62
5
39
2
10
2.546482
20
5.503099
11
2.590596
21
5.481823
0
LINE
8
boundary
62
5
39
2
10
2.590596
20
5.481823
11
2.634306
21
5.462036
0
LINE
8
boundary
62
5
39
2
10
2.634306
20
5.462036
11
2.703581
21
5.437684
0
LINE
8
boundary
62
5
39
2
10
2.703581
20
5.437684
11
2.779308
21
5.399774
0
LINE
8
boundary
62
5
39
2
10
2.779308
20
5.399774
11
2.818157
21
5.352763
0
LINE
8
boundary
62
5
39
2
10
2.818157
20
5.352763
11
2.834475
21
5.337394
0
LINE
8
boundary
62
5
39
2
10
2.834475
20
5.337394
11
2.833583
21
5.305135
0
LINE
8
boundary
62
5
39
2
10
2.833583
20
5.305135
11
2.818157
21
5.222709
0
LINE
8
boundary
62
5
39
2
10
2.818157
20
5.222709
11
2.799358
21
5.118297
0
LINE
8
boundary
62
5
39
2
10
2.799358
20
5.118297
11
2.795324
21
5.095892
0
LINE
8
boundary
62
5
39
2
10
2.795324
20
5.095892
11
2.791387
21
5.074009
0
LINE
8
boundary
62
5
39
2
10
2.791387
20
5.074009
11
2.780824
21
5.015322
0
LINE
8
boundary
62
5
39
2
10
2.780824
20
5.015322
11
2.774850
21
4.982112
0
LINE
8
boundary
62
5
39
2
10
2.774850
20
4.982112
11
2.775376
21
4.939332
0
LINE
8
boundary
62
5
39
2
10
2.775376
20
4.939332
11
2.775996
21
4.910493
0
LINE
8
boundary
62
5
39
2
10
2.775996
20
4.910493
11
2.776524
21
4.868332
0
LINE
8
boundary
62
5
39
2
10
2.776524
20
4.868332
11
2.818157
21
4.844030
0
LINE
8
boundary
62
5
39
2
10
2.818157
20
4.844030
11
2.867710
21
4.828704
0
LINE
8
boundary
62
5
39
2
10
2.867710
20
4.828704
11
2.931937
21
4.814835
0
LINE
8
boundary
62
5
39
2
10
2.931937
20
4.814835
11
2.988348
21
4.832669
0
LINE
8
boundary
62
5
39
2
10
2.988348
20
4.832669
11
3.045717
21
4.851003
0
LINE
8
boundary
62
5
39
2
10
3.045717
20
4.851003
11
3.054470
21
4.859617
0
LINE
8
annotation
62
1
39
211
10
4.247227
20
7.039054
11
4.249457
21
7.076160
0
LINE
8
annotation
62
1
39
211
10
4.249457
20
7.076160
11
4.250283
21
7.097926
0
LINE
8
annotation
62
1
39
211
10
4.250283
20
7.097926
11
4.253181
21
7.143937
0
LINE
8
annotation
62
1
39
211
10
4.253181
20
7.143937
11
4.255610
21
7.195374
0
LINE
8
annotation
62
1
39
211
10
4.255610
20
7.195374
11
4.255934
21
7.206265
0
LINE
8
annotation
62
1
39
211
10
4.255934
20
7.206265
11
4.258446
21
7.257718
0
LINE
8
annotation
62
1
39
211
10
4.258446
20
7.257718
11
4.260379
21
7.313648
0
LINE
8
annotation
62
1
39
211
10
4.260379
20
7.313648
11
4.260428
21
7.315560
0
LINE
8
annotation
62
1
39
211
10
4.260428
20
7.315560
11
4.262391
21
7.371489
0
LINE
8
annotation
62
1
39
211
10
4.262391
20
7.371489
11
4.274009
21
7.414107
0
LINE
8
annotation
62
1
39
211
10
4.274009
20
7.414107
11
4.297293
21
7.460893
0
LINE
8
annotation
62
1
39
211
10
4.297293
20
7.460893
11
4.304622
21
7.477955
0
LINE
8
annotation
62
1
39
211
10
4.304622
20
7.477955
11
4.310702
21
7.485273
0
LINE
8
annotation
62
1
39
211
10
4.310702
20
7.485273
11
4.311394
21
7.499365
0
LINE
8
annotation
62
1
39
211
10
4.311394
20
7.499365
11
4.306160
21
7.590186
0
LINE
8
annotation
62
1
39
211
10
4.306160
20
7.590186
11
4.306707
21
7.599055
0
LINE
8
annotation
62
1
39
211
10
4.306707
20
7.599055
11
4.355709
21
7.651750
0
LINE
8
annotation
62
1
39
211
10
4.355709
20
7.651750
11
4.371949
21
7.648076
0
LINE
8
annotation
62
1
39
211
10
4.165663
20
8.680745
11
4.131205
21
8.690956
0
LINE
8
annotation
62
1
39
211
10
4.131205
20
8.690956
11
4.083398
21
8.736855
0
LINE
8
annotation
62
1
39
211
10
4.083398
20
8.736855
11
4.074365
21
8.741543
0
LINE
8
annotation
62
1
39
211
10
4.074365
20
8.741543
11
4.069734
21
8.745454
0
LINE
8
annotation
62
1
39
211
10
4.069734
20
8.745454
11
4.044984
21
8.760411
0
LINE
8
annotation
62
1
39
211
10
4.044984
20
8.760411
11
4.015350
21
8.778160
0
LINE
8
annotation
62
1
39
211
10
4.015350
20
8.778160
11
4.001448
21
8.786208
0
LINE
8
annotation
62
1
39
211
10
4.001448
20
8.786208
11
3.955959
21
8.814783
0
LINE
8
annotation
62
1
39
211
10
3.955959
20
8.814783
11
3.911356
21
8.801331
0
LINE
8
annotation
62
1
39
211
10
3.911356
20
8.801331
11
3.857576
21
8.850637
0
LINE
8
annotation
62
1
39
211
10
3.857576
20
8.850637
11
3.850688
21
8.859153
0
LINE
8
annotation
62
1
39
211
10
3.850688
20
8.859153
11
3.849337
21
8.957258
0
LINE
8
annotation
62
1
39
211
10
3.849337
20
8.957258
11
3.847081
21
8.964419
0
LINE
8
annotation
62
1
39
211
10
3.847081
20
8.964419
11
3.845424
21
8.967664
0
LINE
8
annotation
62
1
39
211
10
3.845424
20
8.967664
11
3.842181
21
8.974798
0
LINE
8
annotation
62
1
39
211
10
3.842181
20
8.974798
11
3.791839
21
9.036293
0
LINE
8
annotation
62
1
39
211
10
3.791839
20
9.036293
11
3.787083
21
9.078195
0
LINE
8
annotation
62
1
39
211
10
3.787083
20
9.078195
11
3.766214
21
9.115314
0
LINE
8
annotation
62
1
39
211
10
3.766214
20
9.115314
11
3.763935
21
9.120203
0
LINE
8
annotation
62
1
39
211
10
3.763935
20
9.120203
11
3.739269
21
9.177204
0
LINE
8
annotation
62
1
39
211
10
3.739269
20
9.177204
11
3.732495
21
9.191971
0
LINE
8
annotation
62
1
39
211
10
3.732495
20
9.191971
11
3.730672
21
9.194219
0
LINE
8
annotation
62
1
39
211
10
3.730672
20
9.194219
11
3.728397
21
9.197751
0
LINE
8
annotation
62
1
39
211
10
3.728397
20
9.197751
11
3.678472
21
9.265399
0
LINE
8
annotation
62
1
39
211
10
3.678472
20
9.265399
11
3.654256
21
9.305757
0
LINE
8
annotation
62
1
39
211
10
3.654256
20
9.305757
11
3.634054
21
9.325172
0
LINE
8
annotation
62
1
39
211
10
3.634054
20
9.325172
11
3.614612
21
9.346700
0
LINE
8
annotation
62
1
39
211
10
3.614612
20
9.346700
11
3.578002
21
9.382430
0
LINE
8
annotation
62
1
39
211
10
3.578002
20
9.382430
11
3.540468
21
9.419533
0
LINE
8
annotation
62
1
39
211
10
3.540468
20
9.419533
11
3.519711
21
9.438422
0
LINE
8
annotation
62
1
39
211
10
3.519711
20
9.438422
11
3.500839
21
9.458734
0
LINE
8
annotation
62
1
39
211
10
3.500839
20
9.458734
11
3.463237
21
9.495166
0
LINE
8
annotation
62
1
39
211
10
3.463237
20
9.495166
11
3.426923
21
9.530598
0
LINE
8
annotation
62
1
39
211
10
0.387074
20
8.810886
11
0.385514
21
8.775211
0
LINE
8
annotation
62
1
39
211
10
0.385514
20
8.775211
11
0.376013
21
8.736857
0
LINE
8
annotation
62
1
39
211
10
0.376013
20
8.736857
11
0.387556
21
8.696146
0
LINE
8
annotation
62
1
39
211
10
0.387556
20
8.696146
11
0.388897
21
8.694024
0
LINE
8
annotation
62
1
39
211
10
0.388897
20
8.694024
11
0.428780
21
8.645445
0
LINE
8
annotation
62
1
39
211
10
0.428780
20
8.645445
11
0.455154
21
8.645273
0
LINE
8
annotation
62
1
39
211
10
0.455154
20
8.645273
11
0.512128
21
8.648680
0
LINE
8
annotation
62
1
39
211
10
0.512128
20
8.648680
11
0.539152
21
8.648362
0
LINE
8
annotation
62
1
39
211
10
3.418629
20
9.066895
11
3.458014
21
9.043904
0
LINE
8
annotation
62
1
39
211
10
3.458014
20
9.043904
11
3.465730
21
9.038000
0
LINE
8
annotation
62
1
39
211
10
3.465730
20
9.038000
11
3.500842
21
8.998326
0
LINE
8
annotation
62
1
39
211
10
3.500842
20
8.998326
11
3.530687
21
8.984409
0
LINE
8
annotation
62
1
39
211
10
3.530687
20
8.984409
11
3.556291
21
8.964416
0
LINE
8
annotation
62
1
39
211
10
3.556291
20
8.964416
11
3.594957
21
8.944749
0
LINE
8
annotation
62
1
39
211
10
3.594957
20
8.944749
11
3.614615
21
8.913562
0
LINE
8
annotation
62
1
39
211
10
3.614615
20
8.913562
11
3.663568
21
8.899585
0
LINE
8
annotation
62
1
39
211
10
3.663568
20
8.899585
11
3.695186
21
8.883838
0
LINE
8
annotation
62
1
39
211
10
3.695186
20
8.883838
11
3.728401
21
8.870609
0
LINE
8
annotation
62
1
39
211
10
3.728401
20
8.870609
11
3.753151
21
8.875389
0
LINE
8
annotation
62
1
39
211
10
3.753151
20
8.875389
11
3.790815
21
8.850639
0
LINE
8
annotation
62
1
39
211
10
3.790815
20
8.850639
11
3.828603
21
8.837060
0
LINE
8
annotation
62
1
39
211
10
3.828603
20
8.837060
11
3.842174
21
8.809366
0
LINE
8
annotation
62
1
39
211
10
3.842174
20
8.809366
11
3.873815
21
8.765358
0
LINE
8
annotation
62
1
39
211
10
3.873815
20
8.765358
11
3.854908
21
8.736850
0
LINE
8
annotation
62
1
39
211
10
3.854908
20
8.736850
11
3.848547
21
8.727077
0
LINE
8
annotation
62
1
39
211
10
3.848547
20
8.727077
11
3.842181
21
8.717294
0
LINE
8
annotation
62
1
39
211
10
3.842181
20
8.717294
11
3.799582
21
8.667599
0
LINE
8
annotation
62
1
39
211
10
3.799582
20
8.667599
11
3.798695
21
8.666344
0
LINE
8
annotation
62
1
39
211
10
3.798695
20
8.666344
11
3.776269
21
8.623077
0
LINE
8
annotation
62
1
39
211
10
3.776269
20
8.623077
11
3.799737
21
8.578577
0
LINE
8
annotation
62
1
39
211
10
3.799737
20
8.578577
11
3.800881
21
8.575108
0
LINE
8
annotation
62
1
39
211
10
3.800881
20
8.575108
11
3.805121
21
8.558494
0
LINE
8
annotation
62
1
39
211
10
3.805121
20
8.558494
11
3.821827
21
8.509296
0
LINE
8
annotation
62
1
39
211
10
3.821827
20
8.509296
11
3.829284
21
8.496400
0
LINE
8
annotation
62
1
39
211
10
3.829284
20
8.496400
11
3.842173
21
8.471054
0
LINE
8
annotation
62
1
39
211
10
3.842173
20
8.471054
11
3.881393
21
8.429833
0
LINE
8
annotation
62
1
39
211
10
3.881393
20
8.429833
11
3.903393
21
8.395517
0
LINE
8
annotation
62
1
39
211
10
3.903393
20
8.395517
11
3.928221
21
8.367776
0
LINE
8
annotation
62
1
39
211
10
3.928221
20
8.367776
11
3.955955
21
8.314819
0
LINE
8
annotation
62
1
39
211
10
3.955955
20
8.314819
11
3.967964
21
8.302582
0
LINE
8
annotation
62
1
39
211
10
3.967964
20
8.302582
11
3.985188
21
8.281732
0
LINE
8
annotation
62
1
39
211
10
3.985188
20
8.281732
11
4.000911
21
8.250288
0
LINE
8
annotation
62
1
39
211
10
4.000911
20
8.250288
11
4.013092
21
8.224475
0
LINE
8
annotation
62
1
39
211
10
4.013092
20
8.224475
11
4.044294
21
8.167957
0
LINE
8
annotation
62
1
39
211
10
4.044294
20
8.167957
11
4.050373
21
8.148593
0
LINE
8
annotation
62
1
39
211
10
4.050373
20
8.148593
11
4.069738
21
8.064101
0
LINE
8
annotation
62
1
39
211
10
4.069738
20
8.064101
11
4.071826
21
8.056858
0
LINE
8
annotation
62
1
39
211
10
4.071826
20
8.056858
11
4.072392
21
8.054173
0
LINE
8
annotation
62
1
39
211
10
4.072392
20
8.054173
11
4.072504
21
8.050907
0
LINE
8
annotation
62
1
39
211
10
4.072504
20
8.050907
11
4.080638
21
7.953291
0
LINE
8
annotation
62
1
39
211
10
4.080638
20
7.953291
11
4.081006
21
7.940398
0
LINE
8
annotation
62
1
39
211
10
4.081006
20
7.940398
11
4.080235
21
7.927321
0
LINE
8
annotation
62
1
39
211
10
4.080235
20
7.927321
11
4.075099
21
7.833289
0
LINE
8
annotation
62
1
39
211
10
4.075099
20
7.833289
11
4.074705
21
7.826614
0
LINE
8
annotation
62
1
39
211
10
4.074705
20
7.826614
11
4.074129
21
7.820604
0
LINE
8
annotation
62
1
39
211
10
4.074129
20
7.820604
11
4.069741
21
7.780706
0
LINE
8
annotation
62
1
39
211
10
4.069741
20
7.780706
11
4.065478
21
7.717099
0
LINE
8
annotation
62
1
39
211
10
4.065478
20
7.717099
11
4.064810
21
7.712834
0
LINE
8
annotation
62
1
39
211
10
4.064810
20
7.712834
11
4.063651
21
7.706750
0
LINE
8
annotation
62
1
39
211
10
4.063651
20
7.706750
11
4.051348
21
7.617436
0
LINE
8
annotation
62
1
39
211
10
4.051348
20
7.617436
11
4.047384
21
7.599050
0
LINE
8
annotation
62
1
39
211
10
4.047384
20
7.599050
11
4.035113
21
7.564432
0
LINE
8
annotation
62
1
39
211
10
4.035113
20
7.564432
11
4.024184
21
7.530826
0
LINE
8
annotation
62
1
39
211
10
4.024184
20
7.530826
11
4.006510
21
7.485274
0
LINE
8
annotation
62
1
39
211
10
4.006510
20
7.485274
11
3.988830
21
7.456965
0
LINE
8
annotation
62
1
39
211
10
3.988830
20
7.456965
11
3.955954
21
7.404431
0
LINE
8
annotation
62
1
39
211
10
3.955954
20
7.404431
11
3.949328
21
7.377566
0
LINE
8
annotation
62
1
39
211
10
3.949328
20
7.377566
11
3.947721
21
7.371493
0
LINE
8
annotation
62
1
39
211
10
3.947721
20
7.371493
11
3.942585
21
7.355584
0
LINE
8
annotation
62
1
39
211
10
3.733325
20
7.686339
11
3.729134
21
7.712097
0
LINE
8
annotation
62
1
39
211
10
3.729134
20
7.712097
11
3.729021
21
7.712834
0
LINE
8
annotation
62
1
39
211
10
3.729021
20
7.712834
11
3.728885
21
7.713322
0
LINE
8
annotation
62
1
39
211
10
3.728885
20
7.713322
11
3.728397
21
7.714932
0
LINE
8
annotation
62
1
39
211
10
3.728397
20
7.714932
11
3.709275
21
7.784100
0
LINE
8
annotation
62
1
39
211
10
3.709275
20
7.784100
11
3.697641
21
7.826613
0
LINE
8
annotation
62
1
39
211
10
3.697641
20
7.826613
11
3.683698
21
7.875988
0
LINE
8
annotation
62
1
39
211
10
3.683698
20
7.875988
11
3.679452
21
7.891021
0
LINE
8
annotation
62
1
39
211
10
3.679452
20
7.891021
11
3.665507
21
7.940395
0
LINE
8
annotation
62
1
39
211
10
3.665507
20
7.940395
11
3.653976
21
7.981175
0
LINE
8
annotation
62
1
39
211
10
3.653976
20
7.981175
11
3.649881
21
7.995632
0
LINE
8
annotation
62
1
39
211
10
3.649881
20
7.995632
11
3.642786
21
8.020681
0
LINE
8
annotation
62
1
39
211
10
3.642786
20
8.020681
11
3.633307
21
8.054175
0
LINE
8
annotation
62
1
39
211
10
3.633307
20
8.054175
11
3.629269
21
8.068825
0
LINE
8
annotation
62
1
39
211
10
3.629269
20
8.068825
11
3.614617
21
8.119692
0
LINE
8
annotation
62
1
39
211
10
3.614617
20
8.119692
11
3.607500
21
8.144193
0
LINE
8
annotation
62
1
39
211
10
3.607500
20
8.144193
11
3.600532
21
8.167955
0
LINE
8
annotation
62
1
39
211
10
3.600532
20
8.167955
11
3.585039
21
8.215378
0
LINE
8
annotation
62
1
39
211
10
3.585039
20
8.215378
11
3.581090
21
8.227980
0
LINE
8
annotation
62
1
39
211
10
3.581090
20
8.227980
11
3.562947
21
8.281735
0
LINE
8
annotation
62
1
39
211
10
3.562947
20
8.281735
11
3.545475
21
8.327316
0
LINE
8
annotation
62
1
39
211
10
3.545475
20
8.327316
11
3.540985
21
8.338507
0
LINE
8
annotation
62
1
39
211
10
3.540985
20
8.338507
11
3.532336
21
8.359671
0
LINE
8
annotation
62
1
39
211
10
3.532336
20
8.359671
11
3.523081
21
8.382977
0
LINE
8
annotation
62
1
39
211
10
3.994244
20
7.277012
11
4.122319
21
7.853116
0
LINE
8
annotation
62
1
39
211
10
4.122319
20
7.853116
11
3.866133
21
7.853116
0
LINE
8
annotation
62
1
39
211
10
4.122319
20
7.596568
11
3.994244
21
7.596568
0
LINE
8
hole
62
5
39
2
10
1.415028
20
10.342296
11
1.255028
21
10.342296
0
LINE
8
hole
62
5
39
2
10
1.255028
20
10.342296
11
1.255028
21
10.502296
0
LINE
8
hole
62
5
39
2
10
1.255028
20
10.502296
11
1.415028
21
10.502296
0
LINE
8
hole
62
5
39
2
10
1.415028
20
10.502296
11
1.415028
21
10.342296
0
LINE
8
hole
62
5
39
2
10
0.687716
20
10.756592
11
0.527716
21
10.756592
0
LINE
8
hole
62
5
39
2
10
0.527716
20
10.756592
11
0.527716
21
10.916592
0
LINE
8
hole
62
5
39
2
10
0.527716
20
10.916592
11
0.687716
21
10.916592
0
LINE
8
hole
62
5
39
2
10
0.687716
20
10.916592
11
0.687716
21
10.756592
0
LINE
8
boundary
62
5
39
2
10
2.247247
20
10.351573
11
2.265846
21
10.375279
0
LINE
8
boundary
62
5
39
2
10
2.265846
20
10.375279
11
2.272236
21
10.445471
0
LINE
8
boundary
62
5
39
2
10
2.272236
20
10.445471
11
2.276862
21
10.470460
0
LINE
8
boundary
62
5
39
2
10
2.276862
20
10.470460
11
2.247247
21
10.485884
0
LINE
8
boundary
62
5
39
2
10
2.247247
20
10.485884
11
2.221019
21
10.494764
0
LINE
8
boundary
62
5
39
2
10
2.221019
20
10.494764
11
2.175739
21
10.521810
0
LINE
8
boundary
62
5
39
2
10
2.175739
20
10.521810
11
2.133467
21
10.538697
0
LINE
8
boundary
62
5
39
2
10
2.133467
20
10.538697
11
2.103036
21
10.539263
0
LINE
8
boundary
62
5
39
2
10
2.103036
20
10.539263
11
2.050119
21
10.540910
0
LINE
8
boundary
62
5
39
2
10
2.050119
20
10.540910
11
2.019687
21
10.541476
0
LINE
8
boundary
62
5
39
2
10
2.019687
20
10.541476
11
1.989255
21
10.541659
0
LINE
8
boundary
62
5
39
2
10
1.989255
20
10.541659
11
1.936339
21
10.541977
0
LINE
8
boundary
62
5
39
2
10
1.936339
20
10.541977
11
1.905907
21
10.542160
0
LINE
8
boundary
62
5
39
2
10
1.905907
20
10.542160
11
1.875475
21
10.542333
0
LINE
8
boundary
62
5
39
2
10
1.875475
20
10.542333
11
1.822559
21
10.542626
0
LINE
8
boundary
62
5
39
2
10
1.822559
20
10.542626
11
1.792127
21
10.542799
0
LINE
8
boundary
62
5
39
2
10
1.792127
20
10.542799
11
1.761695
21
10.542967
0
LINE
8
boundary
62
5
39
2
10
1.761695
20
10.542967
11
1.708779
21
10.543256
0
LINE
8
boundary
62
5
39
2
10
1.708779
20
10.543256
11
1.678347
21
10.543424
0
LINE
8
boundary
62
5
39
2
10
1.678347
20
10.543424
11
1.647915
21
10.543717
0
LINE
8
boundary
62
5
39
2
10
1.647915
20
10.543717
11
1.594999
21
10.541035
0
LINE
8
boundary
62
5
39
2
10
1.594999
20
10.541035
11
1.564567
21
10.541328
0
LINE
8
boundary
62
5
39
2
10
1.564567
20
10.541328
11
1.536183
21
10.546011
0
LINE
8
boundary
62
5
39
2
10
1.536183
20
10.546011
11
1.477342
21
10.544094
0
LINE
8
boundary
62
5
39
2
10
1.477342
20
10.544094
11
1.450787
21
10.549070
0
LINE
8
boundary
62
5
39
2
10
1.450787
20
10.549070
11
1.396994
21
10.559829
0
LINE
8
boundary
62
5
39
2
10
1.396994
20
10.559829
11
1.353124
21
10.584240
0
LINE
8
boundary
62
5
39
2
10
1.353124
20
10.584240
11
1.337007
21
10.623799
0
LINE
8
boundary
62
5
39
2
10
1.337007
20
10.623799
11
1.324240
21
10.665388
0
LINE
8
boundary
62
5
39
2
10
1.324240
20
10.665388
11
1.315865
21
10.698020
0
LINE
8
boundary
62
5
39
2
10
1.315865
20
10.698020
11
1.283157
21
10.740594
0
LINE
8
boundary
62
5
39
2
10
1.283157
20
10.740594
11
1.262132
21
10.775037
0
LINE
8
boundary
62
5
39
2
10
1.262132
20
10.775037
11
1.236471
21
10.811800
0
LINE
8
boundary
62
5
39
2
10
1.236471
20
10.811800
11
1.211997
21
10.840004
0
LINE
8
boundary
62
5
39
2
10
1.211997
20
10.840004
11
1.171986
21
10.894116
0
LINE
8
boundary
62
5
39
2
10
1.171986
20
10.894116
11
1.148487
21
10.925580
0
LINE
8
boundary
62
5
39
2
10
1.148487
20
10.925580
11
1.133434
21
10.941913
0
LINE
8
boundary
62
5
39
2
10
1.133434
20
10.941913
11
1.109447
21
10.969120
0
LINE
8
boundary
62
5
39
2
10
1.109447
20
10.969120
11
1.063172
21
11.025261
0
LINE
8
boundary
62
5
39
2
10
1.063172
20
11.025261
11
1.032740
21
11.060177
0
LINE
8
boundary
62
5
39
2
10
1.032740
20
11.060177
11
1.014333
21
11.090121
0
LINE
8
boundary
62
5
39
2
10
1.014333
20
11.090121
11
0.995666
21
11.110937
0
LINE
8
boundary
62
5
39
2
10
0.995666
20
11.110937
11
0.977381
21
11.143525
0
LINE
8
boundary
62
5
39
2
10
0.977381
20
11.143525
11
0.945182
21
11.186344
0
LINE
8
boundary
62
5
39
2
10
0.945182
20
11.186344
11
0.913827
21
11.240317
0
LINE
8
boundary
62
5
39
2
10
0.913827
20
11.240317
11
0.893678
21
11.266920
0
LINE
8
boundary
62
5
39
2
10
0.893678
20
11.266920
11
0.856298
21
11.312202
0
LINE
8
boundary
62
5
39
2
10
0.856298
20
11.312202
11
0.820613
21
11.354789
0
LINE
8
boundary
62
5
39
2
10
0.820613
20
11.354789
11
0.797874
21
11.380700
0
LINE
8
boundary
62
5
39
2
10
0.797874
20
11.380700
11
0.782990
21
11.398955
0
LINE
8
boundary
62
5
39
2
10
0.782990
20
11.398955
11
0.768106
21
11.417210
0
LINE
8
boundary
62
5
39
2
10
0.768106
20
11.417210
11
0.744865
21
11.437764
0
LINE
8
boundary
62
5
39
2
10
0.744865
20
11.437764
11
0.718239
21
11.468663
0
LINE
8
boundary
62
5
39
2
10
0.718239
20
11.468663
11
0.689609
21
11.494480
0
LINE
8
boundary
62
5
39
2
10
0.689609
20
11.494480
11
0.671968
21
11.512257
0
LINE
8
boundary
62
5
39
2
10
0.671968
20
11.512257
11
0.654326
21
11.530033
0
LINE
8
boundary
62
5
39
2
10
0.654326
20
11.530033
11
0.599928
21
11.553659
0
LINE
8
boundary
62
5
39
2
10
0.599928
20
11.553659
11
0.579114
21
11.564173
0
LINE
8
boundary
62
5
39
2
10
0.579114
20
11.564173
11
0.540546
21
11.581554
0
LINE
8
boundary
62
5
39
2
10
0.540546
20
11.581554
11
0.437721
21
11.608260
0
LINE
8
boundary
62
5
39
2
10
0.437721
20
11.608260
11
0.402722
21
11.608260
0
LINE
8
boundary
62
5
39
2
10
0.402722
20
11.608260
11
0.322551
21
11.597377
0
LINE
8
boundary
62
5
39
2
10
0.322551
20
11.597377
11
0.268383
21
11.565541
0
LINE
8
boundary
62
5
39
2
10
0.268383
20
11.565541
11
0.199206
21
11.517261
0
LINE
8
boundary
62
5
39
2
10
0.199206
20
11.517261
11
0.184403
21
11.494480
0
LINE
8
boundary
62
5
39
2
10
0.184403
20
11.494480
11
0.164085
21
11.446259
0
LINE
8
boundary
62
5
39
2
10
0.164085
20
11.446259
11
0.140510
21
11.380700
0
LINE
8
boundary
62
5
39
2
10
0.140510
20
11.380700
11
0.129969
21
11.347008
0
LINE
8
boundary
62
5
39
2
10
0.129969
20
11.347008
11
0.116934
21
11.300585
0
LINE
8
boundary
62
5
39
2
10
0.116934
20
11.300585
11
0.106219
21
11.266920
0
LINE
8
boundary
62
5
39
2
10
0.106219
20
11.266920
11
0.102635
21
11.241207
0
LINE
8
boundary
62
5
39
2
10
0.102635
20
11.241207
11
0.094288
21
11.166382
0
LINE
8
boundary
62
5
39
2
10
0.094288
20
11.166382
11
0.095612
21
11.134907
0
LINE
8
boundary
62
5
39
2
10
0.095612
20
11.134907
11
0.103830
21
11.104318
0
LINE
8
boundary
62
5
39
2
10
0.103830
20
11.104318
11
0.112684
21
11.076189
0
LINE
8
boundary
62
5
39
2
10
0.112684
20
11.076189
11
0.118324
21
11.039360
0
LINE
8
boundary
62
5
39
2
10
0.118324
20
11.039360
11
0.129057
21
11.008928
0
LINE
8
boundary
62
5
39
2
10
0.129057
20
11.008928
11
0.149484
21
10.956012
0
LINE
8
boundary
62
5
39
2
10
0.149484
20
10.956012
11
0.160216
21
10.925580
0
LINE
8
boundary
62
5
39
2
10
0.160216
20
10.925580
11
0.174296
21
10.890184
0
LINE
8
boundary
62
5
39
2
10
0.174296
20
10.890184
11
0.190141
21
10.850548
0
LINE
8
boundary
62
5
39
2
10
0.190141
20
10.850548
11
0.199206
21
10.827641
0
LINE
8
boundary
62
5
39
2
10
0.199206
20
10.827641
11
0.217870
21
10.784065
0
LINE
8
boundary
62
5
39
2
10
0.217870
20
10.784065
11
0.238538
21
10.742086
0
LINE
8
boundary
62
5
39
2
10
0.238538
20
10.742086
11
0.258989
21
10.698020
0
LINE
8
boundary
62
5
39
2
10
0.258989
20
10.698020
11
0.272274
21
10.675920
0
LINE
8
boundary
62
5
39
2
10
0.272274
20
10.675920
11
0.299701
21
10.640343
0
LINE
8
boundary
62
5
39
2
10
0.299701
20
10.640343
11
0.312986
21
10.618243
0
LINE
8
boundary
62
5
39
2
10
0.312986
20
10.618243
11
0.335440
21
10.592572
0
LINE
8
boundary
62
5
39
2
10
0.335440
20
10.592572
11
0.365872
21
10.561832
0
LINE
8
boundary
62
5
39
2
10
0.365872
20
10.561832
11
0.402870
21
10.527295
0
LINE
8
boundary
62
5
39
2
10
0.402870
20
10.527295
11
0.426766
21
10.504887
0
LINE
8
boundary
62
5
39
2
10
0.426766
20
10.504887
11
0.461660
21
10.478484
0
LINE
8
boundary
62
5
39
2
10
0.461660
20
10.478484
11
0.492092
21
10.457006
0
LINE
8
boundary
62
5
39
2
10
0.492092
20
10.457006
11
0.520672
21
10.438223
0
LINE
8
boundary
62
5
39
2
10
0.520672
20
10.438223
11
0.540546
21
10.424769
0
LINE
8
boundary
62
5
39
2
10
0.540546
20
10.424769
11
0.573215
21
10.407340
0
LINE
8
boundary
62
5
39
2
10
0.573215
20
10.407340
11
0.628065
21
10.381863
0
LINE
8
boundary
62
5
39
2
10
0.628065
20
10.381863
11
0.654326
21
10.367785
0
LINE
8
boundary
62
5
39
2
10
0.654326
20
10.367785
11
0.691065
21
10.356680
0
LINE
8
boundary
62
5
39
2
10
0.691065
20
10.356680
11
0.717708
21
10.346440
0
LINE
8
boundary
62
5
39
2
10
0.717708
20
10.346440
11
0.739790
21
10.339626
0
LINE
8
boundary
62
5
39
2
10
0.739790
20
10.339626
11
0.768106
21
10.327672
0
LINE
8
boundary
62
5
39
2
10
0.768106
20
10.327672
11
0.798000
21
10.319434
0
LINE
8
boundary
62
5
39
2
10
0.798000
20
10.319434
11
0.859787
21
10.320541
0
LINE
8
boundary
62
5
39
2
10
0.859787
20
10.320541
11
0.881886
21
10.315228
0
LINE
8
boundary
62
5
39
2
10
0.881886
20
10.315228
11
0.940911
21
10.308758
0
LINE
8
boundary
62
5
39
2
10
0.940911
20
10.308758
11
0.995666
21
10.276834
0
LINE
8
boundary
62
5
39
2
10
0.995666
20
10.276834
11
1.021365
21
10.273597
0
LINE
8
boundary
62
5
39
2
10
1.021365
20
10.273597
11
1.061739
21
10.286464
0
LINE
8
boundary
62
5
39
2
10
1.061739
20
10.286464
11
1.109447
21
10.274437
0
LINE
8
boundary
62
5
39
2
10
1.109447
20
10.274437
11
1.173051
21
10.302270
0
LINE
8
boundary
62
5
39
2
10
1.173051
20
10.302270
11
1.223227
21
10.323959
0
LINE
8
boundary
62
5
39
2
10
1.223227
20
10.323959
11
1.246139
21
10.327723
0
LINE
8
boundary
62
5
39
2
10
1.246139
20
10.327723
11
1.297671
21
10.317156
0
LINE
8
boundary
62
5
39
2
10
1.297671
20
10.317156
11
1.337007
21
10.321344
0
LINE
8
boundary
62
5
39
2
10
1.337007
20
10.321344
11
1.367438
21
10.318677
0
LINE
8
boundary
62
5
39
2
10
1.367438
20
10.318677
11
1.420355
21
10.304847
0
LINE
8
boundary
62
5
39
2
10
1.420355
20
10.304847
11
1.450787
21
10.302179
0
LINE
8
boundary
62
5
39
2
10
1.450787
20
10.302179
11
1.481219
21
10.301602
0
LINE
8
boundary
62
5
39
2
10
1.481219
20
10.301602
11
1.534135
21
10.295832
0
LINE
8
boundary
62
5
39
2
10
1.534135
20
10.295832
11
1.564567
21
10.295255
0
LINE
8
boundary
62
5
39
2
10
1.564567
20
10.295255
11
1.594999
21
10.295243
0
LINE
8
boundary
62
5
39
2
10
1.594999
20
10.295243
11
1.647915
21
10.294933
0
LINE
8
boundary
62
5
39
2
10
1.647915
20
10.294933
11
1.678347
21
10.294921
0
LINE
8
boundary
62
5
39
2
10
1.678347
20
10.294921
11
1.708779
21
10.294744
0
LINE
8
boundary
62
5
39
2
10
1.708779
20
10.294744
11
1.761695
21
10.294434
0
LINE
8
boundary
62
5
39
2
10
1.761695
20
10.294434
11
1.792127
21
10.294256
0
LINE
8
boundary
62
5
39
2
10
1.792127
20
10.294256
11
1.822559
21
10.294140
0
LINE
8
boundary
62
5
39
2
10
1.822559
20
10.294140
11
1.875475
21
10.293983
0
LINE
8
boundary
62
5
39
2
10
1.875475
20
10.293983
11
1.905907
21
10.293867
0
LINE
8
boundary
62
5
39
2
10
1.905907
20
10.293867
11
1.936339
21
10.295034
0
LINE
8
boundary
62
5
39
2
10
1.936339
20
10.295034
11
1.989255
21
10.298212
0
LINE
8
boundary
62
5
39
2
10
1.989255
20
10.298212
11
2.019687
21
10.299380
0
LINE
8
boundary
62
5
39
2
10
2.019687
20
10.299380
11
2.050119
21
10.301873
0
LINE
8
boundary
62
5
39
2
10
2.050119
20
10.301873
11
2.103036
21
10.308254
0
LINE
8
boundary
62
5
39
2
10
2.103036
20
10.308254
11
2.133467
21
10.310748
0
LINE
8
boundary
62
5
39
2
10
2.133467
20
10.310748
11
2.173949
21
10.323115
0
LINE
8
boundary
62
5
39
2
10
2.173949
20
10.323115
11
2.211352
21
10.340495
0
LINE
8
boundary
62
5
39
2
10
2.211352
20
10.340495
11
2.247247
21
10.351573
0
LINE
8
annotation
62
1
39
211
10
1.109446
20
10.683390
11
1.112198
21
10.690704
0
LINE
8
annotation
62
1
39
211
10
1.112198
20
10.690704
11
1.114951
21
10.698019
0
LINE
8
annotation
62
1
39
211
10
1.114951
20
10.698019
11
1.112199
21
10.719492
0
LINE
8
annotation
62
1
39
211
10
1.112199
20
10.719492
11
1.111519
21
10.724797
0
LINE
8
annotation
62
1
39
211
10
0.863364
20
10.470630
11
0.875249
21
10.475486
0
LINE
8
annotation
62
1
39
211
10
0.875249
20
10.475486
11
0.877509
21
10.476388
0
LINE
8
annotation
62
1
39
211
10
0.877509
20
10.476388
11
0.881887
21
10.478018
0
LINE
8
annotation
62
1
39
211
10
0.881887
20
10.478018
11
0.890643
21
10.481241
0
LINE
8
annotation
62
1
39
211
10
0.890643
20
10.481241
11
0.986912
21
10.505549
0
LINE
8
annotation
62
1
39
211
10
0.986912
20
10.505549
11
0.995666
21
10.509736
0
LINE
8
annotation
62
1
39
211
10
0.995666
20
10.509736
11
1.004999
21
10.519287
0
LINE
8
annotation
62
1
39
211
10
1.004999
20
10.519287
11
1.059139
21
10.574689
0
LINE
8
annotation
62
1
39
211
10
1.059139
20
10.574689
11
1.068473
21
10.584240
0
LINE
8
annotation
62
1
39
211
10
1.068473
20
10.584240
11
1.073860
21
10.596141
0
LINE
8
annotation
62
1
39
211
10
1.073860
20
10.596141
11
1.099318
21
10.658104
0
LINE
8
annotation
62
1
39
211
10
1.099318
20
10.658104
11
1.109446
21
10.683390
0
LINE
8
annotation
62
1
39
211
10
0.793939
20
10.585542
11
0.793939
21
10.821477
0
LINE
8
annotation
62
1
39
211
10
0.793939
20
10.821477
11
0.741488
21
10.769011
0
LINE
8
annotation
62
1
39
211
10
1.013410
20
10.637993
11
0.882407
21
10.637993
0
LINE
8
annotation
62
1
39
211
10
0.882407
20
10.637993
11
0.934725
21
10.821477
0
LINE
8
annotation
62
1
39
211
10
0.974141
20
10.585542
11
0.974141
21
10.690326
0
LINE
8
boundary
62
5
39
2
10
0.635575
20
11.751468
11
0.680099
21
11.761428
0
LINE
8
boundary
62
5
39
2
10
0.680099
20
11.761428
11
0.695380
21
11.797745
0
LINE
8
boundary
62
5
39
2
10
0.695380
20
11.797745
11
0.707907
21
11.836773
0
LINE
8
boundary
62
5
39
2
10
0.707907
20
11.836773
11
0.689937
21
11.856589
0
LINE
8
boundary
62
5
39
2
10
0.689937
20
11.856589
11
0.653830
21
11.870925
0
LINE
8
boundary
62
5
39
2
10
0.653830
20
11.870925
11
0.592588
21
11.880540
0
LINE
8
boundary
62
5
39
2
10
0.592588
20
11.880540
11
0.566319
21
11.884838
0
LINE
8
boundary
62
5
39
2
10
0.566319
20
11.884838
11
0.540049
21
11.882457
0
LINE
8
boundary
62
5
39
2
10
0.540049
20
11.882457
11
0.478808
21
11.875979
0
LINE
8
boundary
62
5
39
2
10
0.478808
20
11.875979
11
0.452539
21
11.873599
0
LINE
8
boundary
62
5
39
2
10
0.452539
20
11.873599
11
0.426269
21
11.871420
0
LINE
8
boundary
62
5
39
2
10
0.426269
20
11.871420
11
0.365028
21
11.866683
0
LINE
8
boundary
62
5
39
2
10
0.365028
20
11.866683
11
0.338759
21
11.864504
0
LINE
8
boundary
62
5
39
2
10
0.338759
20
11.864504
11
0.312489
21
11.862377
0
LINE
8
boundary
62
5
39
2
10
0.312489
20
11.862377
11
0.251248
21
11.857969
0
LINE
8
boundary
62
5
39
2
10
0.251248
20
11.857969
11
0.224979
21
11.855842
0
LINE
8
boundary
62
5
39
2
10
0.224979
20
11.855842
11
0.195882
21
11.852178
0
LINE
8
boundary
62
5
39
2
10
0.195882
20
11.852178
11
0.174757
21
11.848908
0
LINE
8
boundary
62
5
39
2
10
0.174757
20
11.848908
11
0.125790
21
11.842380
0
LINE
8
boundary
62
5
39
2
10
0.125790
20
11.842380
11
0.103943
21
11.839410
0
LINE
8
boundary
62
5
39
2
10
0.103943
20
11.839410
11
0.093813
21
11.819387
0
LINE
8
boundary
62
5
39
2
10
0.093813
20
11.819387
11
0.111199
21
11.797910
0
LINE
8
boundary
62
5
39
2
10
0.111199
20
11.797910
11
0.150411
21
11.765704
0
LINE
8
boundary
62
5
39
2
10
0.150411
20
11.765704
11
0.195644
21
11.757669
0
LINE
8
boundary
62
5
39
2
10
0.195644
20
11.757669
11
0.224979
21
11.746402
0
LINE
8
boundary
62
5
39
2
10
0.224979
20
11.746402
11
0.252590
21
11.744111
0
LINE
8
boundary
62
5
39
2
10
0.252590
20
11.744111
11
0.313118
21
11.742603
0
LINE
8
boundary
62
5
39
2
10
0.313118
20
11.742603
11
0.338759
21
11.740523
0
LINE
8
boundary
62
5
39
2
10
0.338759
20
11.740523
11
0.363944
21
11.739331
0
LINE
8
boundary
62
5
39
2
10
0.363944
20
11.739331
11
0.427513
21
11.739227
0
LINE
8
boundary
62
5
39
2
10
0.427513
20
11.739227
11
0.452539
21
11.738045
0
LINE
8
boundary
62
5
39
2
10
0.452539
20
11.738045
11
0.477581
21
11.737109
0
LINE
8
boundary
62
5
39
2
10
0.477581
20
11.737109
11
0.541029
21
11.737248
0
LINE
8
boundary
62
5
39
2
10
0.541029
20
11.737248
11
0.566319
21
11.736299
0
LINE
8
boundary
62
5
39
2
10
0.566319
20
11.736299
11
0.598156
21
11.743354
0
LINE
8
boundary
62
5
39
2
10
0.598156
20
11.743354
11
0.635575
21
11.751468
0
LINE
8
annotation
62
1
39
211
10
0.375659
20
11.767718
11
0.390419
21
11.767718
0
LINE
8
annotation
62
1
39
211
10
0.390419
20
11.767718
11
0.390419
21
11.767718
0
LINE
8
annotation
62
1
39
211
10
0.390419
20
11.767718
11
0.393074
21
11.767957
0
LINE
8
annotation
62
1
39
211
10
0.393074
20
11.767957
11
0.395572
21
11.768643
0
LINE
8
annotation
62
1
39
211
10
0.395572
20
11.768643
11
0.397872
21
11.769735
0
LINE
8
annotation
62
1
39
211
10
0.397872
20
11.769735
11
0.399932
21
11.771192
0
LINE
8
annotation
62
1
39
211
10
0.399932
20
11.771192
11
0.401710
21
11.772970
0
LINE
8
annotation
62
1
39
211
10
0.401710
20
11.772970
11
0.403166
21
11.775028
0
LINE
8
annotation
62
1
39
211
10
0.403166
20
11.775028
11
0.404257
21
11.777323
0
LINE
8
annotation
62
1
39
211
10
0.404257
20
11.777323
11
0.404942
21
11.779814
0
LINE
8
annotation
62
1
39
211
10
0.404942
20
11.779814
11
0.405180
21
11.782458
0
LINE
8
annotation
62
1
39
211
10
0.405180
20
11.782458
11
0.405180
21
11.789849
0
LINE
8
annotation
62
1
39
211
10
0.405180
20
11.789849
11
0.405180
21
11.789849
0
LINE
8
annotation
62
1
39
211
10
0.405180
20
11.789849
11
0.404942
21
11.792492
0
LINE
8
annotation
62
1
39
211
10
0.404942
20
11.792492
11
0.404257
21
11.794982
0
LINE
8
annotation
62
1
39
211
10
0.404257
20
11.794982
11
0.403166
21
11.797277
0
LINE
8
annotation
62
1
39
211
10
0.403166
20
11.797277
11
0.401710
21
11.799335
0
LINE
8
annotation
62
1
39
211
10
0.401710
20
11.799335
11
0.399932
21
11.801114
0
LINE
8
annotation
62
1
39
211
10
0.399932
20
11.801114
11
0.397872
21
11.802571
0
LINE
8
annotation
62
1
39
211
10
0.397872
20
11.802571
11
0.395572
21
11.803664
0
LINE
8
annotation
62
1
39
211
10
0.395572
20
11.803664
11
0.393074
21
11.804350
0
LINE
8
annotation
62
1
39
211
10
0.393074
20
11.804350
11
0.390419
21
11.804589
0
LINE
8
annotation
62
1
39
211
10
0.390419
20
11.804589
11
0.383028
21
11.804589
0
LINE
8
annotation
62
1
39
211
10
0.383028
20
11.804589
11
0.390419
21
11.804589
0
LINE
8
annotation
62
1
39
211
10
0.390419
20
11.804589
11
0.390419
21
11.804589
0
LINE
8
annotation
62
1
39
211
10
0.390419
20
11.804589
11
0.393074
21
11.804827
0
LINE
8
annotation
62
1
39
211
10
0.393074
20
11.804827
11
0.395572
21
11.805514
0
LINE
8
annotation
62
1
39
211
10
0.395572
20
11.805514
11
0.397872
21
11.806608
0
LINE
8
annotation
62
1
39
211
10
0.397872
20
11.806608
11
0.399932
21
11.808067
0
LINE
8
annotation
62
1
39
211
10
0.399932
20
11.808067
11
0.401710
21
11.809849
0
LINE
8
annotation
62
1
39
211
10
0.401710
20
11.809849
11
0.403166
21
11.811912
0
LINE
8
annotation
62
1
39
211
10
0.403166
20
11.811912
11
0.404257
21
11.814215
0
LINE
8
annotation
62
1
39
211
10
0.404257
20
11.814215
11
0.404942
21
11.816715
0
LINE
8
annotation
62
1
39
211
10
0.404942
20
11.816715
11
0.405180
21
11.819370
0
LINE
8
annotation
62
1
39
211
10
0.405180
20
11.819370
11
0.405180
21
11.819370
0
LINE
8
annotation
62
1
39
211
10
0.405180
20
11.819370
11
0.404942
21
11.822013
0
LINE
8
annotation
62
1
39
211
10
0.404942
20
11.822013
11
0.404257
21
11.824503
0
LINE
8
annotation
62
1
39
211
10
0.404257
20
11.824503
11
0.403166
21
11.826799
0
LINE
8
annotation
62
1
39
211
10
0.403166
20
11.826799
11
0.401710
21
11.828857
0
LINE
8
annotation
62
1
39
211
10
0.401710
20
11.828857
11
0.399932
21
11.830635
0
LINE
8
annotation
62
1
39
211
10
0.399932
20
11.830635
11
0.397872
21
11.832092
0
LINE
8
annotation
62
1
39
211
10
0.397872
20
11.832092
11
0.395572
21
11.833185
0
LINE
8
annotation
62
1
39
211
10
0.395572
20
11.833185
11
0.393074
21
11.833872
0
LINE
8
annotation
62
1
39
211
10
0.393074
20
11.833872
11
0.390419
21
11.834110
0
LINE
8
annotation
62
1
39
211
10
0.390419
20
11.834110
11
0.375659
21
11.834110
0
LINE
8
annotation
62
1
39
211
10
0.466458
20
11.800952
11
0.430113
21
11.800952
0
LINE
8
annotation
62
1
39
211
10
0.491378
20
11.767718
11
0.506138
21
11.767718
0
LINE
8
annotation
62
1
39
211
10
0.506138
20
11.767718
11
0.506138
21
11.767718
0
LINE
8
annotation
62
1
39
211
10
0.506138
20
11.767718
11
0.508793
21
11.767957
0
LINE
8
annotation
62
1
39
211
10
0.508793
20
11.767957
11
0.511291
21
11.768643
0
LINE
8
annotation
62
1
39
211
10
0.511291
20
11.768643
11
0.513591
21
11.769735
0
LINE
8
annotation
62
1
39
211
10
0.513591
20
11.769735
11
0.515651
21
11.771192
0
LINE
8
annotation
62
1
39
211
10
0.515651
20
11.771192
11
0.517429
21
11.772970
0
LINE
8
annotation
62
1
39
211
10
0.517429
20
11.772970
11
0.518885
21
11.775028
0
LINE
8
annotation
62
1
39
211
10
0.518885
20
11.775028
11
0.519976
21
11.777323
0
LINE
8
annotation
62
1
39
211
10
0.519976
20
11.777323
11
0.520661
21
11.779814
0
LINE
8
annotation
62
1
39
211
10
0.520661
20
11.779814
11
0.520899
21
11.782458
0
LINE
8
annotation
62
1
39
211
10
0.520899
20
11.782458
11
0.520899
21
11.789849
0
LINE
8
annotation
62
1
39
211
10
0.520899
20
11.789849
11
0.520899
21
11.789849
0
LINE
8
annotation
62
1
39
211
10
0.520899
20
11.789849
11
0.520661
21
11.792492
0
LINE
8
annotation
62
1
39
211
10
0.520661
20
11.792492
11
0.519976
21
11.794982
0
LINE
8
annotation
62
1
39
211
10
0.519976
20
11.794982
11
0.518885
21
11.797277
0
LINE
8
annotation
62
1
39
211
10
0.518885
20
11.797277
11
0.517429
21
11.799335
0
LINE
8
annotation
62
1
39
211
10
0.517429
20
11.799335
11
0.515651
21
11.801114
0
LINE
8
annotation
62
1
39
211
10
0.515651
20
11.801114
11
0.513591
21
11.802571
0
LINE
8
annotation
62
1
39
211
10
0.513591
20
11.802571
11
0.511291
21
11.803664
0
LINE
8
annotation
62
1
39
211
10
0.511291
20
11.803664
11
0.508793
21
11.804350
0
LINE
8
annotation
62
1
39
211
10
0.508793
20
11.804350
11
0.506138
21
11.804589
0
LINE
8
annotation
62
1
39
211
10
0.506138
20
11.804589
11
0.498748
21
11.804589
0
LINE
8
annotation
62
1
39
211
10
0.498748
20
11.804589
11
0.506138
21
11.804589
0
LINE
8
annotation
62
1
39
211
10
0.506138
20
11.804589
11
0.506138
21
11.804589
0
LINE
8
annotation
62
1
39
211
10
0.506138
20
11.804589
11
0.508793
21
11.804827
0
LINE
8
annotation
62
1
39
211
10
0.508793
20
11.804827
11
0.511291
21
11.805514
0
LINE
8
annotation
62
1
39
211
10
0.511291
20
11.805514
11
0.513591
21
11.806608
0
LINE
8
annotation
62
1
39
211
10
0.513591
20
11.806608
11
0.515651
21
11.808067
0
LINE
8
annotation
62
1
39
211
10
0.515651
20
11.808067
11
0.517429
21
11.809849
0
LINE
8
annotation
62
1
39
211
10
0.517429
20
11.809849
11
0.518885
21
11.811912
0
LINE
8
annotation
62
1
39
211
10
0.518885
20
11.811912
11
0.519976
21
11.814215
0
LINE
8
annotation
62
1
39
211
10
0.519976
20
11.814215
11
0.520661
21
11.816715
0
LINE
8
annotation
62
1
39
211
10
0.520661
20
11.816715
11
0.520899
21
11.819370
0
LINE
8
annotation
62
1
39
211
10
0.520899
20
11.819370
11
0.520899
21
11.819370
0
LINE
8
annotation
62
1
39
211
10
0.520899
20
11.819370
11
0.520661
21
11.822013
0
LINE
8
annotation
62
1
39
211
10
0.520661
20
11.822013
11
0.519976
21
11.824503
0
LINE
8
annotation
62
1
39
211
10
0.519976
20
11.824503
11
0.518885
21
11.826799
0
LINE
8
annotation
62
1
39
211
10
0.518885
20
11.826799
11
0.517429
21
11.828857
0
LINE
8
annotation
62
1
39
211
10
0.517429
20
11.828857
11
0.515651
21
11.830635
0
LINE
8
annotation
62
1
39
211
10
0.515651
20
11.830635
11
0.513591
21
11.832092
0
LINE
8
annotation
62
1
39
211
10
0.513591
20
11.832092
11
0.511291
21
11.833185
0
LINE
8
annotation
62
1
39
211
10
0.511291
20
11.833185
11
0.508793
21
11.833872
0
LINE
8
annotation
62
1
39
211
10
0.508793
20
11.833872
11
0.506138
21
11.834110
0
LINE
8
annotation
62
1
39
211
10
0.506138
20
11.834110
11
0.491378
21
11.834110
0
LINE
8
boundary
62
5
39
2
10
1.187199
20
11.847496
11
1.210304
21
11.857828
0
LINE
8
boundary
62
5
39
2
10
1.210304
20
11.857828
11
1.186129
21
11.867090
0
LINE
8
boundary
62
5
39
2
10
1.186129
20
11.867090
11
1.164828
21
11.869867
0
LINE
8
boundary
62
5
39
2
10
1.164828
20
11.869867
11
1.093483
21
11.888224
0
LINE
8
boundary
62
5
39
2
10
1.093483
20
11.888224
11
1.063087
21
11.891315
0
LINE
8
boundary
62
5
39
2
10
1.063087
20
11.891315
11
1.029670
21
11.891244
0
LINE
8
boundary
62
5
39
2
10
1.029670
20
11.891244
11
0.983771
21
11.892292
0
LINE
8
boundary
62
5
39
2
10
0.983771
20
11.892292
11
0.949307
21
11.892223
0
LINE
8
boundary
62
5
39
2
10
0.949307
20
11.892223
11
0.922495
21
11.884639
0
LINE
8
boundary
62
5
39
2
10
0.922495
20
11.884639
11
0.892207
21
11.857828
0
LINE
8
boundary
62
5
39
2
10
0.892207
20
11.857828
11
0.890681
21
11.802673
0
LINE
8
boundary
62
5
39
2
10
0.890681
20
11.802673
11
0.835527
21
11.745882
0
LINE
8
boundary
62
5
39
2
10
0.835527
20
11.745882
11
0.941910
21
11.736650
0
LINE
8
boundary
62
5
39
2
10
0.941910
20
11.736650
11
0.977897
21
11.744048
0
LINE
8
boundary
62
5
39
2
10
0.977897
20
11.744048
11
1.039674
21
11.767460
0
LINE
8
boundary
62
5
39
2
10
1.039674
20
11.767460
11
1.063087
21
11.772004
0
LINE
8
boundary
62
5
39
2
10
1.063087
20
11.772004
11
1.115569
21
11.805345
0
LINE
8
boundary
62
5
39
2
10
1.115569
20
11.805345
11
1.135005
21
11.815965
0
LINE
8
boundary
62
5
39
2
10
1.135005
20
11.815965
11
1.176867
21
11.839818
0
LINE
8
boundary
62
5
39
2
10
1.176867
20
11.839818
11
1.187199
21
11.847496
0
LINE
8
annotation
62
1
39
211
10
0.932714
20
11.799811
11
0.932714
21
11.840574
0
LINE
8
annotation
62
1
39
211
10
0.932714
20
11.840574
11
0.923652
21
11.831510
0
LINE
8
annotation
62
1
39
211
10
0.954546
20
11.800349
11
0.954546
21
11.800349
0
LINE
8
annotation
62
1
39
211
10
0.954546
20
11.800349
11
0.955493
21
11.799995
0
LINE
8
annotation
62
1
39
211
10
0.955493
20
11.799995
11
0.956465
21
11.799819
0
LINE
8
annotation
62
1
39
211
10
0.956465
20
11.799819
11
0.957439
21
11.799814
0
LINE
8
annotation
62
1
39
211
10
0.957439
20
11.799814
11
0.958393
21
11.799973
0
LINE
8
annotation
62
1
39
211
10
0.958393
20
11.799973
11
0.959306
21
11.800289
0
LINE
8
annotation
62
1
39
211
10
0.959306
20
11.800289
11
0.960155
21
11.800754
0
LINE
8
annotation
62
1
39
211
10
0.960155
20
11.800754
11
0.960918
21
11.801361
0
LINE
8
annotation
62
1
39
211
10
0.960918
20
11.801361
11
0.961574
21
11.802104
0
LINE
8
annotation
62
1
39
211
10
0.961574
20
11.802104
11
0.962100
21
11.802974
0
LINE
8
annotation
62
1
39
211
10
0.962100
20
11.802974
11
0.962100
21
11.802974
0
LINE
8
annotation
62
1
39
211
10
0.962100
20
11.802974
11
0.963670
21
11.806650
0
LINE
8
annotation
62
1
39
211
10
0.963670
20
11.806650
11
0.964848
21
11.810431
0
LINE
8
annotation
62
1
39
211
10
0.964848
20
11.810431
11
0.965633
21
11.814289
0
LINE
8
annotation
62
1
39
211
10
0.965633
20
11.814289
11
0.966025
21
11.818193
0
LINE
8
annotation
62
1
39
211
10
0.966025
20
11.818193
11
0.966025
21
11.822113
0
LINE
8
annotation
62
1
39
211
10
0.966025
20
11.822113
11
0.965633
21
11.826019
0
LINE
8
annotation
62
1
39
211
10
0.965633
20
11.826019
11
0.964848
21
11.829880
0
LINE
8
annotation
62
1
39
211
10
0.964848
20
11.829880
11
0.963670
21
11.833667
0
LINE
8
annotation
62
1
39
211
10
0.963670
20
11.833667
11
0.962100
21
11.837349
0
LINE
8
annotation
62
1
39
211
10
0.962100
20
11.837349
11
0.962100
21
11.837349
0
LINE
8
annotation
62
1
39
211
10
0.962100
20
11.837349
11
0.961900
21
11.837721
0
LINE
8
annotation
62
1
39
211
10
0.961900
20
11.837721
11
0.961674
21
11.838076
0
LINE
8
annotation
62
1
39
211
10
0.961674
20
11.838076
11
0.961423
21
11.838413
0
LINE
8
annotation
62
1
39
211
10
0.961423
20
11.838413
11
0.961148
21
11.838731
0
LINE
8
annotation
62
1
39
211
10
0.961148
20
11.838731
11
0.960852
21
11.839026
0
LINE
8
annotation
62
1
39
211
10
0.960852
20
11.839026
11
0.960536
21
11.839299
0
LINE
8
annotation
62
1
39
211
10
0.960536
20
11.839299
11
0.960201
21
11.839546
0
LINE
8
annotation
62
1
39
211
10
0.960201
20
11.839546
11
0.959850
21
11.839767
0
LINE
8
annotation
62
1
39
211
10
0.959850
20
11.839767
11
0.959485
21
11.839959
0
LINE
8
annotation
62
1
39
211
10
0.959485
20
11.839959
11
0.959485
21
11.839959
0
LINE
8
annotation
62
1
39
211
10
0.959485
20
11.839959
11
0.958530
21
11.840321
0
LINE
8
annotation
62
1
39
211
10
0.958530
20
11.840321
11
0.957553
21
11.840503
0
LINE
8
annotation
62
1
39
211
10
0.957553
20
11.840503
11
0.956575
21
11.840512
0
LINE
8
annotation
62
1
39
211
10
0.956575
20
11.840512
11
0.955618
21
11.840356
0
LINE
8
annotation
62
1
39
211
10
0.955618
20
11.840356
11
0.954703
21
11.840042
0
LINE
8
annotation
62
1
39
211
10
0.954703
20
11.840042
11
0.953854
21
11.839576
0
LINE
8
annotation
62
1
39
211
10
0.953854
20
11.839576
11
0.953090
21
11.838967
0
LINE
8
annotation
62
1
39
211
10
0.953090
20
11.838967
11
0.952434
21
11.838222
0
LINE
8
annotation
62
1
39
211
10
0.952434
20
11.838222
11
0.951908
21
11.837347
0
LINE
8
annotation
62
1
39
211
10
0.951908
20
11.837347
11
0.951908
21
11.837347
0
LINE
8
annotation
62
1
39
211
10
0.951908
20
11.837347
11
0.950345
21
11.833672
0
LINE
8
annotation
62
1
39
211
10
0.950345
20
11.833672
11
0.949173
21
11.829891
0
LINE
8
annotation
62
1
39
211
10
0.949173
20
11.829891
11
0.948392
21
11.826033
0
LINE
8
annotation
62
1
39
211
10
0.948392
20
11.826033
11
0.948002
21
11.822130
0
LINE
8
annotation
62
1
39
211
10
0.948002
20
11.822130
11
0.948002
21
11.818210
0
LINE
8
annotation
62
1
39
211
10
0.948002
20
11.818210
11
0.948392
21
11.814304
0
LINE
8
annotation
62
1
39
211
10
0.948392
20
11.814304
11
0.949173
21
11.810442
0
LINE
8
annotation
62
1
39
211
10
0.949173
20
11.810442
11
0.950345
21
11.806655
0
LINE
8
annotation
62
1
39
211
10
0.950345
20
11.806655
11
0.951908
21
11.802972
0
LINE
8
annotation
62
1
39
211
10
0.951908
20
11.802972
11
0.951908
21
11.802972
0
LINE
8
annotation
62
1
39
211
10
0.951908
20
11.802972
11
0.952107
21
11.802601
0
LINE
8
annotation
62
1
39
211
10
0.952107
20
11.802601
11
0.952332
21
11.802247
0
LINE
8
annotation
62
1
39
211
10
0.952332
20
11.802247
11
0.952581
21
11.801912
0
LINE
8
annotation
62
1
39
211
10
0.952581
20
11.801912
11
0.952855
21
11.801597
0
LINE
8
annotation
62
1
39
211
10
0.952855
20
11.801597
11
0.953151
21
11.801302
0
LINE
8
annotation
62
1
39
211
10
0.953151
20
11.801302
11
0.953469
21
11.801028
0
LINE
8
annotation
62
1
39
211
10
0.953469
20
11.801028
11
0.953808
21
11.800778
0
LINE
8
annotation
62
1
39
211
10
0.953808
20
11.800778
11
0.954168
21
11.800551
0
LINE
8
annotation
62
1
39
211
10
0.954168
20
11.800551
11
0.954546
21
11.800349
0
LINE
8
annotation
62
1
39
211
10
1.003601
20
11.820193
11
0.981312
21
11.820193
0
LINE
8
annotation
62
1
39
211
10
1.018883
20
11.799811
11
1.027935
21
11.799811
0
LINE
8
annotation
62
1
39
211
10
1.027935
20
11.799811
11
1.027935
21
11.799811
0
LINE
8
annotation
62
1
39
211
10
1.027935
20
11.799811
11
1.029559
21
11.799957
0
LINE
8
annotation
62
1
39
211
10
1.029559
20
11.799957
11
1.031090
21
11.800379
0
LINE
8
annotation
62
1
39
211
10
1.031090
20
11.800379
11
1.032499
21
11.801049
0
LINE
8
annotation
62
1
39
211
10
1.032499
20
11.801049
11
1.033763
21
11.801943
0
LINE
8
annotation
62
1
39
211
10
1.033763
20
11.801943
11
1.034855
21
11.803036
0
LINE
8
annotation
62
1
39
211
10
1.034855
20
11.803036
11
1.035749
21
11.804301
0
LINE
8
annotation
62
1
39
211
10
1.035749
20
11.804301
11
1.036419
21
11.805712
0
LINE
8
annotation
62
1
39
211
10
1.036419
20
11.805712
11
1.036841
21
11.807245
0
LINE
8
annotation
62
1
39
211
10
1.036841
20
11.807245
11
1.036987
21
11.808873
0
LINE
8
annotation
62
1
39
211
10
1.036987
20
11.808873
11
1.036987
21
11.813383
0
LINE
8
annotation
62
1
39
211
10
1.036987
20
11.813383
11
1.036987
21
11.813383
0
LINE
8
annotation
62
1
39
211
10
1.036987
20
11.813383
11
1.036841
21
11.815010
0
LINE
8
annotation
62
1
39
211
10
1.036841
20
11.815010
11
1.036420
21
11.816541
0
LINE
8
annotation
62
1
39
211
10
1.036420
20
11.816541
11
1.035749
21
11.817950
0
LINE
8
annotation
62
1
39
211
10
1.035749
20
11.817950
11
1.034856
21
11.819211
0
LINE
8
annotation
62
1
39
211
10
1.034856
20
11.819211
11
1.033764
21
11.820300
0
LINE
8
annotation
62
1
39
211
10
1.033764
20
11.820300
11
1.032500
21
11.821190
0
LINE
8
annotation
62
1
39
211
10
1.032500
20
11.821190
11
1.031091
21
11.821858
0
LINE
8
annotation
62
1
39
211
10
1.031091
20
11.821858
11
1.029560
21
11.822277
0
LINE
8
annotation
62
1
39
211
10
1.029560
20
11.822277
11
1.027935
21
11.822422
0
LINE
8
annotation
62
1
39
211
10
1.027935
20
11.822422
11
1.018883
21
11.822422
0
LINE
8
annotation
62
1
39
211
10
1.018883
20
11.822422
11
1.018883
21
11.840574
0
LINE
8
annotation
62
1
39
211
10
1.018883
20
11.840574
11
1.036987
21
11.840574
0
LINE
8
boundary
62
5
39
2
10
1.485304
20
11.745674
11
1.485304
21
11.876924
0
LINE
8
boundary
62
5
39
2
10
1.485304
20
11.876924
11
1.344679
21
11.886299
0
LINE
8
boundary
62
5
39
2
10
1.344679
20
11.886299
11
1.335304
21
11.745674
0
LINE
8
boundary
62
5
39
2
10
1.335304
20
11.745674
11
1.475929
21
11.736299
0
LINE
8
boundary
62
5
39
2
10
1.475929
20
11.736299
11
1.485304
21
11.745674
0
LINE
8
annotation
62
1
39
211
10
1.369312
20
11.808249
11
1.372914
21
11.808249
0
LINE
8
annotation
62
1
39
211
10
1.372914
20
11.808249
11
1.372914
21
11.808249
0
LINE
8
annotation
62
1
39
211
10
1.372914
20
11.808249
11
1.373344
21
11.808288
0
LINE
8
annotation
62
1
39
211
10
1.373344
20
11.808288
11
1.373749
21
11.808399
0
LINE
8
annotation
62
1
39
211
10
1.373749
20
11.808399
11
1.374122
21
11.808577
0
LINE
8
annotation
62
1
39
211
10
1.374122
20
11.808577
11
1.374456
21
11.808814
0
LINE
8
annotation
62
1
39
211
10
1.374456
20
11.808814
11
1.374745
21
11.809103
0
LINE
8
annotation
62
1
39
211
10
1.374745
20
11.809103
11
1.374982
21
11.809438
0
LINE
8
annotation
62
1
39
211
10
1.374982
20
11.809438
11
1.375159
21
11.809812
0
LINE
8
annotation
62
1
39
211
10
1.375159
20
11.809812
11
1.375271
21
11.810219
0
LINE
8
annotation
62
1
39
211
10
1.375271
20
11.810219
11
1.375310
21
11.810650
0
LINE
8
annotation
62
1
39
211
10
1.375310
20
11.810650
11
1.375310
21
11.816641
0
LINE
8
annotation
62
1
39
211
10
1.375310
20
11.816641
11
1.375310
21
11.816641
0
LINE
8
annotation
62
1
39
211
10
1.375310
20
11.816641
11
1.375271
21
11.817073
0
LINE
8
annotation
62
1
39
211
10
1.375271
20
11.817073
11
1.375159
21
11.817479
0
LINE
8
annotation
62
1
39
211
10
1.375159
20
11.817479
11
1.374982
21
11.817853
0
LINE
8
annotation
62
1
39
211
10
1.374982
20
11.817853
11
1.374745
21
11.818188
0
LINE
8
annotation
62
1
39
211
10
1.374745
20
11.818188
11
1.374456
21
11.818478
0
LINE
8
annotation
62
1
39
211
10
1.374456
20
11.818478
11
1.374122
21
11.818715
0
LINE
8
annotation
62
1
39
211
10
1.374122
20
11.818715
11
1.373749
21
11.818893
0
LINE
8
annotation
62
1
39
211
10
1.373749
20
11.818893
11
1.373344
21
11.819004
0
LINE
8
annotation
62
1
39
211
10
1.373344
20
11.819004
11
1.372914
21
11.819043
0
LINE
8
annotation
62
1
39
211
10
1.372914
20
11.819043
11
1.369312
21
11.819043
0
LINE
8
annotation
62
1
39
211
10
1.369312
20
11.819043
11
1.369312
21
11.808242
0
LINE
8
annotation
62
1
39
211
10
1.369312
20
11.808242
11
1.369312
21
11.808249
0
LINE
8
annotation
62
1
39
211
10
1.379360
20
11.810644
11
1.379360
21
11.810644
0
LINE
8
annotation
62
1
39
211
10
1.379360
20
11.810644
11
1.379398
21
11.810212
0
LINE
8
annotation
62
1
39
211
10
1.379398
20
11.810212
11
1.379510
21
11.809806
0
LINE
8
annotation
62
1
39
211
10
1.379510
20
11.809806
11
1.379688
21
11.809432
0
LINE
8
annotation
62
1
39
211
10
1.379688
20
11.809432
11
1.379925
21
11.809097
0
LINE
8
annotation
62
1
39
211
10
1.379925
20
11.809097
11
1.380214
21
11.808807
0
LINE
8
annotation
62
1
39
211
10
1.380214
20
11.808807
11
1.380549
21
11.808570
0
LINE
8
annotation
62
1
39
211
10
1.380549
20
11.808570
11
1.380924
21
11.808392
0
LINE
8
annotation
62
1
39
211
10
1.380924
20
11.808392
11
1.381330
21
11.808281
0
LINE
8
annotation
62
1
39
211
10
1.381330
20
11.808281
11
1.381762
21
11.808242
0
LINE
8
annotation
62
1
39
211
10
1.381762
20
11.808242
11
1.381762
21
11.808242
0
LINE
8
annotation
62
1
39
211
10
1.381762
20
11.808242
11
1.382193
21
11.808281
0
LINE
8
annotation
62
1
39
211
10
1.382193
20
11.808281
11
1.382599
21
11.808392
0
LINE
8
annotation
62
1
39
211
10
1.382599
20
11.808392
11
1.382973
21
11.808570
0
LINE
8
annotation
62
1
39
211
10
1.382973
20
11.808570
11
1.383308
21
11.808807
0
LINE
8
annotation
62
1
39
211
10
1.383308
20
11.808807
11
1.383598
21
11.809097
0
LINE
8
annotation
62
1
39
211
10
1.383598
20
11.809097
11
1.383835
21
11.809432
0
LINE
8
annotation
62
1
39
211
10
1.383835
20
11.809432
11
1.384012
21
11.809806
0
LINE
8
annotation
62
1
39
211
10
1.384012
20
11.809806
11
1.384124
21
11.810212
0
LINE
8
annotation
62
1
39
211
10
1.384124
20
11.810212
11
1.384163
21
11.810644
0
LINE
8
annotation
62
1
39
211
10
1.384163
20
11.810644
11
1.384163
21
11.813039
0
LINE
8
annotation
62
1
39
211
10
1.384163
20
11.813039
11
1.384163
21
11.813039
0
LINE
8
annotation
62
1
39
211
10
1.384163
20
11.813039
11
1.384124
21
11.813470
0
LINE
8
annotation
62
1
39
211
10
1.384124
20
11.813470
11
1.384012
21
11.813876
0
LINE
8
annotation
62
1
39
211
10
1.384012
20
11.813876
11
1.383835
21
11.814249
0
LINE
8
annotation
62
1
39
211
10
1.383835
20
11.814249
11
1.383598
21
11.814583
0
LINE
8
annotation
62
1
39
211
10
1.383598
20
11.814583
11
1.383308
21
11.814872
0
LINE
8
annotation
62
1
39
211
10
1.383308
20
11.814872
11
1.382973
21
11.815108
0
LINE
8
annotation
62
1
39
211
10
1.382973
20
11.815108
11
1.382599
21
11.815285
0
LINE
8
annotation
62
1
39
211
10
1.382599
20
11.815285
11
1.382193
21
11.815396
0
LINE
8
annotation
62
1
39
211
10
1.382193
20
11.815396
11
1.381762
21
11.815434
0
LINE
8
annotation
62
1
39
211
10
1.381762
20
11.815434
11
1.381762
21
11.815434
0
LINE
8
annotation
62
1
39
211
10
1.381762
20
11.815434
11
1.381330
21
11.815396
0
LINE
8
annotation
62
1
39
211
10
1.381330
20
11.815396
11
1.380924
21
11.815285
0
LINE
8
annotation
62
1
39
211
10
1.380924
20
11.815285
11
1.380549
21
11.815108
0
LINE
8
annotation
62
1
39
211
10
1.380549
20
11.815108
11
1.380214
21
11.814872
0
LINE
8
annotation
62
1
39
211
10
1.380214
20
11.814872
11
1.379925
21
11.814583
0
LINE
8
annotation
62
1
39
211
10
1.379925
20
11.814583
11
1.379688
21
11.814249
0
LINE
8
annotation
62
1
39
211
10
1.379688
20
11.814249
11
1.379510
21
11.813876
0
LINE
8
annotation
62
1
39
211
10
1.379510
20
11.813876
11
1.379398
21
11.813470
0
LINE
8
annotation
62
1
39
211
10
1.379398
20
11.813470
11
1.379360
21
11.813039
0
LINE
8
annotation
62
1
39
211
10
1.379360
20
11.813039
11
1.379360
21
11.810644
0
LINE
8
annotation
62
1
39
211
10
1.395418
20
11.815434
11
1.393614
21
11.808242
0
LINE
8
annotation
62
1
39
211
10
1.393614
20
11.808242
11
1.391816
21
11.813039
0
LINE
8
annotation
62
1
39
211
10
1.391816
20
11.813039
11
1.390018
21
11.808242
0
LINE
8
annotation
62
1
39
211
10
1.390018
20
11.808242
11
1.388213
21
11.815434
0
LINE
8
annotation
62
1
39
211
10
1.399469
20
11.811845
11
1.404266
21
11.811845
0
LINE
8
annotation
62
1
39
211
10
1.404266
20
11.811845
11
1.404266
21
11.813048
0
LINE
8
annotation
62
1
39
211
10
1.404266
20
11.813048
11
1.404266
21
11.813048
0
LINE
8
annotation
62
1
39
211
10
1.404266
20
11.813048
11
1.404227
21
11.813479
0
LINE
8
annotation
62
1
39
211
10
1.404227
20
11.813479
11
1.404116
21
11.813884
0
LINE
8
annotation
62
1
39
211
10
1.404116
20
11.813884
11
1.403939
21
11.814258
0
LINE
8
annotation
62
1
39
211
10
1.403939
20
11.814258
11
1.403702
21
11.814593
0
LINE
8
annotation
62
1
39
211
10
1.403702
20
11.814593
11
1.403413
21
11.814882
0
LINE
8
annotation
62
1
39
211
10
1.403413
20
11.814882
11
1.403078
21
11.815119
0
LINE
8
annotation
62
1
39
211
10
1.403078
20
11.815119
11
1.402705
21
11.815296
0
LINE
8
annotation
62
1
39
211
10
1.402705
20
11.815296
11
1.402299
21
11.815408
0
LINE
8
annotation
62
1
39
211
10
1.402299
20
11.815408
11
1.401867
21
11.815447
0
LINE
8
annotation
62
1
39
211
10
1.401867
20
11.815447
11
1.401867
21
11.815447
0
LINE
8
annotation
62
1
39
211
10
1.401867
20
11.815447
11
1.401437
21
11.815408
0
LINE
8
annotation
62
1
39
211
10
1.401437
20
11.815408
11
1.401032
21
11.815296
0
LINE
8
annotation
62
1
39
211
10
1.401032
20
11.815296
11
1.400658
21
11.815119
0
LINE
8
annotation
62
1
39
211
10
1.400658
20
11.815119
11
1.400323
21
11.814882
0
LINE
8
annotation
62
1
39
211
10
1.400323
20
11.814882
11
1.400034
21
11.814593
0
LINE
8
annotation
62
1
39
211
10
1.400034
20
11.814593
11
1.399797
21
11.814258
0
LINE
8
annotation
62
1
39
211
10
1.399797
20
11.814258
11
1.399619
21
11.813884
0
LINE
8
annotation
62
1
39
211
10
1.399619
20
11.813884
11
1.399508
21
11.813479
0
LINE
8
annotation
62
1
39
211
10
1.399508
20
11.813479
11
1.399469
21
11.813048
0
LINE
8
annotation
62
1
39
211
10
1.399469
20
11.813048
11
1.399469
21
11.810050
0
LINE
8
annotation
62
1
39
211
10
1.399469
20
11.810050
11
1.399469
21
11.810050
0
LINE
8
annotation
62
1
39
211
10
1.399469
20
11.810050
11
1.399498
21
11.809724
0
LINE
8
annotation
62
1
39
211
10
1.399498
20
11.809724
11
1.399582
21
11.809418
0
LINE
8
annotation
62
1
39
211
10
1.399582
20
11.809418
11
1.399715
21
11.809136
0
LINE
8
annotation
62
1
39
211
10
1.399715
20
11.809136
11
1.399893
21
11.808884
0
LINE
8
annotation
62
1
39
211
10
1.399893
20
11.808884
11
1.400110
21
11.808666
0
LINE
8
annotation
62
1
39
211
10
1.400110
20
11.808666
11
1.400361
21
11.808488
0
LINE
8
annotation
62
1
39
211
10
1.400361
20
11.808488
11
1.400642
21
11.808355
0
LINE
8
annotation
62
1
39
211
10
1.400642
20
11.808355
11
1.400946
21
11.808271
0
LINE
8
annotation
62
1
39
211
10
1.400946
20
11.808271
11
1.401270
21
11.808242
0
LINE
8
annotation
62
1
39
211
10
1.401270
20
11.808242
11
1.404265
21
11.808242
0
LINE
8
annotation
62
1
39
211
10
1.409524
20
11.808240
11
1.409524
21
11.808240
0
LINE
8
annotation
62
1
39
211
10
1.409524
20
11.808240
11
1.409306
21
11.808260
0
LINE
8
annotation
62
1
39
211
10
1.409306
20
11.808260
11
1.409101
21
11.808316
0
LINE
8
annotation
62
1
39
211
10
1.409101
20
11.808316
11
1.408913
21
11.808405
0
LINE
8
annotation
62
1
39
211
10
1.408913
20
11.808405
11
1.408745
21
11.808523
0
LINE
8
annotation
62
1
39
211
10
1.408745
20
11.808523
11
1.408599
21
11.808669
0
LINE
8
annotation
62
1
39
211
10
1.408599
20
11.808669
11
1.408480
21
11.808837
0
LINE
8
annotation
62
1
39
211
10
1.408480
20
11.808837
11
1.408391
21
11.809026
0
LINE
8
annotation
62
1
39
211
10
1.408391
20
11.809026
11
1.408335
21
11.809230
0
LINE
8
annotation
62
1
39
211
10
1.408335
20
11.809230
11
1.408316
21
11.809448
0
LINE
8
annotation
62
1
39
211
10
1.408316
20
11.809448
11
1.408316
21
11.819052
0
LINE
8
annotation
62
1
39
211
10
1.419481
20
11.813643
11
1.413576
21
11.813643
0
LINE
8
annotation
62
1
39
211
10
1.423531
20
11.808242
11
1.425929
21
11.808242
0
LINE
8
annotation
62
1
39
211
10
1.425929
20
11.808242
11
1.425929
21
11.808242
0
LINE
8
annotation
62
1
39
211
10
1.425929
20
11.808242
11
1.426360
21
11.808281
0
LINE
8
annotation
62
1
39
211
10
1.426360
20
11.808281
11
1.426765
21
11.808392
0
LINE
8
annotation
62
1
39
211
10
1.426765
20
11.808392
11
1.427139
21
11.808570
0
LINE
8
annotation
62
1
39
211
10
1.427139
20
11.808570
11
1.427474
21
11.808807
0
LINE
8
annotation
62
1
39
211
10
1.427474
20
11.808807
11
1.427763
21
11.809096
0
LINE
8
annotation
62
1
39
211
10
1.427763
20
11.809096
11
1.428000
21
11.809432
0
LINE
8
annotation
62
1
39
211
10
1.428000
20
11.809432
11
1.428177
21
11.809806
0
LINE
8
annotation
62
1
39
211
10
1.428177
20
11.809806
11
1.428289
21
11.810212
0
LINE
8
annotation
62
1
39
211
10
1.428289
20
11.810212
11
1.428328
21
11.810643
0
LINE
8
annotation
62
1
39
211
10
1.428328
20
11.810643
11
1.428328
21
11.811838
0
LINE
8
annotation
62
1
39
211
10
1.428328
20
11.811838
11
1.428328
21
11.811838
0
LINE
8
annotation
62
1
39
211
10
1.428328
20
11.811838
11
1.428289
21
11.812269
0
LINE
8
annotation
62
1
39
211
10
1.428289
20
11.812269
11
1.428178
21
11.812675
0
LINE
8
annotation
62
1
39
211
10
1.428178
20
11.812675
11
1.428000
21
11.813048
0
LINE
8
annotation
62
1
39
211
10
1.428000
20
11.813048
11
1.427763
21
11.813382
0
LINE
8
annotation
62
1
39
211
10
1.427763
20
11.813382
11
1.427474
21
11.813671
0
LINE
8
annotation
62
1
39
211
10
1.427474
20
11.813671
11
1.427139
21
11.813907
0
LINE
8
annotation
62
1
39
211
10
1.427139
20
11.813907
11
1.426765
21
11.814084
0
LINE
8
annotation
62
1
39
211
10
1.426765
20
11.814084
11
1.426360
21
11.814195
0
LINE
8
annotation
62
1
39
211
10
1.426360
20
11.814195
11
1.425929
21
11.814233
0
LINE
8
annotation
62
1
39
211
10
1.425929
20
11.814233
11
1.423531
21
11.814233
0
LINE
8
annotation
62
1
39
211
10
1.423531
20
11.814233
11
1.423531
21
11.819043
0
LINE
8
annotation
62
1
39
211
10
1.423531
20
11.819043
11
1.428328
21
11.819043
0
LINE
8
annotation
62
1
39
211
10
1.435981
20
11.819043
11
1.435981
21
11.819043
0
LINE
8
annotation
62
1
39
211
10
1.435981
20
11.819043
11
1.435294
21
11.818786
0
LINE
8
annotation
62
1
39
211
10
1.435294
20
11.818786
11
1.434663
21
11.818438
0
LINE
8
annotation
62
1
39
211
10
1.434663
20
11.818438
11
1.434096
21
11.818011
0
LINE
8
annotation
62
1
39
211
10
1.434096
20
11.818011
11
1.433598
21
11.817510
0
LINE
8
annotation
62
1
39
211
10
1.433598
20
11.817510
11
1.433176
21
11.816947
0
LINE
8
annotation
62
1
39
211
10
1.433176
20
11.816947
11
1.432837
21
11.816329
0
LINE
8
annotation
62
1
39
211
10
1.432837
20
11.816329
11
1.432586
21
11.815665
0
LINE
8
annotation
62
1
39
211
10
1.432586
20
11.815665
11
1.432431
21
11.814963
0
LINE
8
annotation
62
1
39
211
10
1.432431
20
11.814963
11
1.432378
21
11.814233
0
LINE
8
annotation
62
1
39
211
10
1.432378
20
11.814233
11
1.432378
21
11.810643
0
LINE
8
annotation
62
1
39
211
10
1.432378
20
11.810643
11
1.432378
21
11.810643
0
LINE
8
annotation
62
1
39
211
10
1.432378
20
11.810643
11
1.432417
21
11.810212
0
LINE
8
annotation
62
1
39
211
10
1.432417
20
11.810212
11
1.432529
21
11.809806
0
LINE
8
annotation
62
1
39
211
10
1.432529
20
11.809806
11
1.432706
21
11.809432
0
LINE
8
annotation
62
1
39
211
10
1.432706
20
11.809432
11
1.432943
21
11.809096
0
LINE
8
annotation
62
1
39
211
10
1.432943
20
11.809096
11
1.433232
21
11.808807
0
LINE
8
annotation
62
1
39
211
10
1.433232
20
11.808807
11
1.433567
21
11.808570
0
LINE
8
annotation
62
1
39
211
10
1.433567
20
11.808570
11
1.433941
21
11.808392
0
LINE
8
annotation
62
1
39
211
10
1.433941
20
11.808392
11
1.434346
21
11.808281
0
LINE
8
annotation
62
1
39
211
10
1.434346
20
11.808281
11
1.434777
21
11.808242
0
LINE
8
annotation
62
1
39
211
10
1.434777
20
11.808242
11
1.434777
21
11.808242
0
LINE
8
annotation
62
1
39
211
10
1.434777
20
11.808242
11
1.435208
21
11.808281
0
LINE
8
annotation
62
1
39
211
10
1.435208
20
11.808281
11
1.435614
21
11.808392
0
LINE
8
annotation
62
1
39
211
10
1.435614
20
11.808392
11
1.435988
21
11.808570
0
LINE
8
annotation
62
1
39
211
10
1.435988
20
11.808570
11
1.436322
21
11.808807
0
LINE
8
annotation
62
1
39
211
10
1.436322
20
11.808807
11
1.436611
21
11.809096
0
LINE
8
annotation
62
1
39
211
10
1.436611
20
11.809096
11
1.436848
21
11.809432
0
LINE
8
annotation
62
1
39
211
10
1.436848
20
11.809432
11
1.437025
21
11.809806
0
LINE
8
annotation
62
1
39
211
10
1.437025
20
11.809806
11
1.437137
21
11.810212
0
LINE
8
annotation
62
1
39
211
10
1.437137
20
11.810212
11
1.437175
21
11.810643
0
LINE
8
annotation
62
1
39
211
10
1.437175
20
11.810643
11
1.437175
21
11.811838
0
LINE
8
annotation
62
1
39
211
10
1.437175
20
11.811838
11
1.437175
21
11.811838
0
LINE
8
annotation
62
1
39
211
10
1.437175
20
11.811838
11
1.437137
21
11.812269
0
LINE
8
annotation
62
1
39
211
10
1.437137
20
11.812269
11
1.437025
21
11.812675
0
LINE
8
annotation
62
1
39
211
10
1.437025
20
11.812675
11
1.436848
21
11.813048
0
LINE
8
annotation
62
1
39
211
10
1.436848
20
11.813048
11
1.436611
21
11.813382
0
LINE
8
annotation
62
1
39
211
10
1.436611
20
11.813382
11
1.436322
21
11.813671
0
LINE
8
annotation
62
1
39
211
10
1.436322
20
11.813671
11
1.435988
21
11.813907
0
LINE
8
annotation
62
1
39
211
10
1.435988
20
11.813907
11
1.435614
21
11.814084
0
LINE
8
annotation
62
1
39
211
10
1.435614
20
11.814084
11
1.435208
21
11.814195
0
LINE
8
annotation
62
1
39
211
10
1.435208
20
11.814195
11
1.434777
21
11.814233
0
LINE
8
annotation
62
1
39
211
10
1.434777
20
11.814233
11
1.432378
21
11.814233
0
LINE
8
annotation
62
1
39
211
10
1.432078
20
11.806892
11
1.437478
21
11.806892
0
LINE
8
annotation
62
1
39
211
10
1.447132
20
11.813643
11
1.441227
21
11.813643
0
LINE
8
annotation
62
1
39
211
10
1.455980
20
11.808242
11
1.451183
21
11.808242
0
LINE
8
annotation
62
1
39
211
10
1.451183
20
11.808242
11
1.455615
21
11.815378
0
LINE
8
annotation
62
1
39
211
10
1.455615
20
11.815378
11
1.455615
21
11.815378
0
LINE
8
annotation
62
1
39
211
10
1.455615
20
11.815378
11
1.455621
21
11.815384
0
LINE
8
annotation
62
1
39
211
10
1.455621
20
11.815384
11
1.455626
21
11.815391
0
LINE
8
annotation
62
1
39
211
10
1.455626
20
11.815391
11
1.455631
21
11.815398
0
LINE
8
annotation
62
1
39
211
10
1.455631
20
11.815398
11
1.455635
21
11.815405
0
LINE
8
annotation
62
1
39
211
10
1.455635
20
11.815405
11
1.455640
21
11.815412
0
LINE
8
annotation
62
1
39
211
10
1.455640
20
11.815412
11
1.455644
21
11.815419
0
LINE
8
annotation
62
1
39
211
10
1.455644
20
11.815419
11
1.455649
21
11.815427
0
LINE
8
annotation
62
1
39
211
10
1.455649
20
11.815427
11
1.455653
21
11.815435
0
LINE
8
annotation
62
1
39
211
10
1.455653
20
11.815435
11
1.455658
21
11.815444
0
LINE
8
annotation
62
1
39
211
10
1.455658
20
11.815444
11
1.455658
21
11.815444
0
LINE
8
annotation
62
1
39
211
10
1.455658
20
11.815444
11
1.455841
21
11.815837
0
LINE
8
annotation
62
1
39
211
10
1.455841
20
11.815837
11
1.455948
21
11.816244
0
LINE
8
annotation
62
1
39
211
10
1.455948
20
11.816244
11
1.455981
21
11.816656
0
LINE
8
annotation
62
1
39
211
10
1.455981
20
11.816656
11
1.455944
21
11.817065
0
LINE
8
annotation
62
1
39
211
10
1.455944
20
11.817065
11
1.455838
21
11.817460
0
LINE
8
annotation
62
1
39
211
10
1.455838
20
11.817460
11
1.455667
21
11.817833
0
LINE
8
annotation
62
1
39
211
10
1.455667
20
11.817833
11
1.455433
21
11.818174
0
LINE
8
annotation
62
1
39
211
10
1.455433
20
11.818174
11
1.455138
21
11.818474
0
LINE
8
annotation
62
1
39
211
10
1.455138
20
11.818474
11
1.454786
21
11.818725
0
LINE
8
annotation
62
1
39
211
10
1.454786
20
11.818725
11
1.454786
21
11.818725
0
LINE
8
annotation
62
1
39
211
10
1.454786
20
11.818725
11
1.454391
21
11.818905
0
LINE
8
annotation
62
1
39
211
10
1.454391
20
11.818905
11
1.453983
21
11.819010
0
LINE
8
annotation
62
1
39
211
10
1.453983
20
11.819010
11
1.453571
21
11.819043
0
LINE
8
annotation
62
1
39
211
10
1.453571
20
11.819043
11
1.453162
21
11.819005
0
LINE
8
annotation
62
1
39
211
10
1.453162
20
11.819005
11
1.452767
21
11.818899
0
LINE
8
annotation
62
1
39
211
10
1.452767
20
11.818899
11
1.452395
21
11.818727
0
LINE
8
annotation
62
1
39
211
10
1.452395
20
11.818727
11
1.452054
21
11.818492
0
LINE
8
annotation
62
1
39
211
10
1.452054
20
11.818492
11
1.451754
21
11.818197
0
LINE
8
annotation
62
1
39
211
10
1.451754
20
11.818197
11
1.451504
21
11.817842
0
LINE
8
annotation
62
1
39
211
10
1.451504
20
11.817842
11
1.451189
21
11.817238
0
LINE
8
boundary
62
5
39
2
10
1.760304
20
11.745674
11
1.760304
21
11.876924
0
LINE
8
boundary
62
5
39
2
10
1.760304
20
11.876924
11
1.619679
21
11.886299
0
LINE
8
boundary
62
5
39
2
10
1.619679
20
11.886299
11
1.610304
21
11.745674
0
LINE
8
boundary
62
5
39
2
10
1.610304
20
11.745674
11
1.750929
21
11.736299
0
LINE
8
boundary
62
5
39
2
10
1.750929
20
11.736299
11
1.760304
21
11.745674
0
LINE
8
annotation
62
1
39
211
10
1.644312
20
11.808249
11
1.647914
21
11.808249
0
LINE
8
annotation
62
1
39
211
10
1.647914
20
11.808249
11
1.647914
21
11.808249
0
LINE
8
annotation
62
1
39
211
10
1.647914
20
11.808249
11
1.648344
21
11.808288
0
LINE
8
annotation
62
1
39
211
10
1.648344
20
11.808288
11
1.648749
21
11.808399
0
LINE
8
annotation
62
1
39
211
10
1.648749
20
11.808399
11
1.649122
21
11.808577
0
LINE
8
annotation
62
1
39
211
10
1.649122
20
11.808577
11
1.649456
21
11.808814
0
LINE
8
annotation
62
1
39
211
10
1.649456
20
11.808814
11
1.649745
21
11.809103
0
LINE
8
annotation
62
1
39
211
10
1.649745
20
11.809103
11
1.649982
21
11.809438
0
LINE
8
annotation
62
1
39
211
10
1.649982
20
11.809438
11
1.650159
21
11.809812
0
LINE
8
annotation
62
1
39
211
10
1.650159
20
11.809812
11
1.650271
21
11.810219
0
LINE
8
annotation
62
1
39
211
10
1.650271
20
11.810219
11
1.650310
21
11.810650
0
LINE
8
annotation
62
1
39
211
10
1.650310
20
11.810650
11
1.650310
21
11.816641
0
LINE
8
annotation
62
1
39
211
10
1.650310
20
11.816641
11
1.650310
21
11.816641
0
LINE
8
annotation
62
1
39
211
10
1.650310
20
11.816641
11
1.650271
21
11.817073
0
LINE
8
annotation
62
1
39
211
10
1.650271
20
11.817073
11
1.650159
21
11.817479
0
LINE
8
annotation
62
1
39
211
10
1.650159
20
11.817479
11
1.649982
21
11.817853
0
LINE
8
annotation
62
1
39
211
10
1.649982
20
11.817853
11
1.649745
21
11.818188
0
LINE
8
annotation
62
1
39
211
10
1.649745
20
11.818188
11
1.649456
21
11.818478
0
LINE
8
annotation
62
1
39
211
10
1.649456
20
11.818478
11
1.649122
21
11.818715
0
LINE
8
annotation
62
1
39
211
10
1.649122
20
11.818715
11
1.648749
21
11.818893
0
LINE
8
annotation
62
1
39
211
10
1.648749
20
11.818893
11
1.648344
21
11.819004
0
LINE
8
annotation
62
1
39
211
10
1.648344
20
11.819004
11
1.647914
21
11.819043
0
LINE
8
annotation
62
1
39
211
10
1.647914
20
11.819043
11
1.644312
21
11.819043
0
LINE
8
annotation
62
1
39
211
10
1.644312
20
11.819043
11
1.644312
21
11.808242
0
LINE
8
annotation
62
1
39
211
10
1.644312
20
11.808242
11
1.644312
21
11.808249
0
LINE
8
annotation
62
1
39
211
10
1.654360
20
11.810644
11
1.654360
21
11.810644
0
LINE
8
annotation
62
1
39
211
10
1.654360
20
11.810644
11
1.654398
21
11.810212
0
LINE
8
annotation
62
1
39
211
10
1.654398
20
11.810212
11
1.654510
21
11.809806
0
LINE
8
annotation
62
1
39
211
10
1.654510
20
11.809806
11
1.654688
21
11.809432
0
LINE
8
annotation
62
1
39
211
10
1.654688
20
11.809432
11
1.654925
21
11.809097
0
LINE
8
annotation
62
1
39
211
10
1.654925
20
11.809097
11
1.655214
21
11.808807
0
LINE
8
annotation
62
1
39
211
10
1.655214
20
11.808807
11
1.655549
21
11.808570
0
LINE
8
annotation
62
1
39
211
10
1.655549
20
11.808570
11
1.655924
21
11.808392
0
LINE
8
annotation
62
1
39
211
10
1.655924
20
11.808392
11
1.656330
21
11.808281
0
LINE
8
annotation
62
1
39
211
10
1.656330
20
11.808281
11
1.656762
21
11.808242
0
LINE
8
annotation
62
1
39
211
10
1.656762
20
11.808242
11
1.656762
21
11.808242
0
LINE
8
annotation
62
1
39
211
10
1.656762
20
11.808242
11
1.657193
21
11.808281
0
LINE
8
annotation
62
1
39
211
10
1.657193
20
11.808281
11
1.657599
21
11.808392
0
LINE
8
annotation
62
1
39
211
10
1.657599
20
11.808392
11
1.657973
21
11.808570
0
LINE
8
annotation
62
1
39
211
10
1.657973
20
11.808570
11
1.658308
21
11.808807
0
LINE
8
annotation
62
1
39
211
10
1.658308
20
11.808807
11
1.658598
21
11.809097
0
LINE
8
annotation
62
1
39
211
10
1.658598
20
11.809097
11
1.658835
21
11.809432
0
LINE
8
annotation
62
1
39
211
10
1.658835
20
11.809432
11
1.659012
21
11.809806
0
LINE
8
annotation
62
1
39
211
10
1.659012
20
11.809806
11
1.659124
21
11.810212
0
LINE
8
annotation
62
1
39
211
10
1.659124
20
11.810212
11
1.659163
21
11.810644
0
LINE
8
annotation
62
1
39
211
10
1.659163
20
11.810644
11
1.659163
21
11.813039
0
LINE
8
annotation
62
1
39
211
10
1.659163
20
11.813039
11
1.659163
21
11.813039
0
LINE
8
annotation
62
1
39
211
10
1.659163
20
11.813039
11
1.659124
21
11.813470
0
LINE
8
annotation
62
1
39
211
10
1.659124
20
11.813470
11
1.659012
21
11.813876
0
LINE
8
annotation
62
1
39
211
10
1.659012
20
11.813876
11
1.658835
21
11.814249
0
LINE
8
annotation
62
1
39
211
10
1.658835
20
11.814249
11
1.658598
21
11.814583
0
LINE
8
annotation
62
1
39
211
10
1.658598
20
11.814583
11
1.658308
21
11.814872
0
LINE
8
annotation
62
1
39
211
10
1.658308
20
11.814872
11
1.657973
21
11.815108
0
LINE
8
annotation
62
1
39
211
10
1.657973
20
11.815108
11
1.657599
21
11.815285
0
LINE
8
annotation
62
1
39
211
10
1.657599
20
11.815285
11
1.657193
21
11.815396
0
LINE
8
annotation
62
1
39
211
10
1.657193
20
11.815396
11
1.656762
21
11.815434
0
LINE
8
annotation
62
1
39
211
10
1.656762
20
11.815434
11
1.656762
21
11.815434
0
LINE
8
annotation
62
1
39
211
10
1.656762
20
11.815434
11
1.656330
21
11.815396
0
LINE
8
annotation
62
1
39
211
10
1.656330
20
11.815396
11
1.655924
21
11.815285
0
LINE
8
annotation
62
1
39
211
10
1.655924
20
11.815285
11
1.655549
21
11.815108
0
LINE
8
annotation
62
1
39
211
10
1.655549
20
11.815108
11
1.655214
21
11.814872
0
LINE
8
annotation
62
1
39
211
10
1.655214
20
11.814872
11
1.654925
21
11.814583
0
LINE
8
annotation
62
1
39
211
10
1.654925
20
11.814583
11
1.654688
21
11.814249
0
LINE
8
annotation
62
1
39
211
10
1.654688
20
11.814249
11
1.654510
21
11.813876
0
LINE
8
annotation
62
1
39
211
10
1.654510
20
11.813876
11
1.654398
21
11.813470
0
LINE
8
annotation
62
1
39
211
10
1.654398
20
11.813470
11
1.654360
21
11.813039
0
LINE
8
annotation
62
1
39
211
10
1.654360
20
11.813039
11
1.654360
21
11.810644
0
LINE
8
annotation
62
1
39
211
10
1.670418
20
11.815434
11
1.668614
21
11.808242
0
LINE
8
annotation
62
1
39
211
10
1.668614
20
11.808242
11
1.666816
21
11.813039
0
LINE
8
annotation
62
1
39
211
10
1.666816
20
11.813039
11
1.665018
21
11.808242
0
LINE
8
annotation
62
1
39
211
10
1.665018
20
11.808242
11
1.663213
21
11.815434
0
LINE
8
annotation
62
1
39
211
10
1.674469
20
11.811845
11
1.679266
21
11.811845
0
LINE
8
annotation
62
1
39
211
10
1.679266
20
11.811845
11
1.679266
21
11.813048
0
LINE
8
annotation
62
1
39
211
10
1.679266
20
11.813048
11
1.679266
21
11.813048
0
LINE
8
annotation
62
1
39
211
10
1.679266
20
11.813048
11
1.679227
21
11.813479
0
LINE
8
annotation
62
1
39
211
10
1.679227
20
11.813479
11
1.679116
21
11.813884
0
LINE
8
annotation
62
1
39
211
10
1.679116
20
11.813884
11
1.678939
21
11.814258
0
LINE
8
annotation
62
1
39
211
10
1.678939
20
11.814258
11
1.678702
21
11.814593
0
LINE
8
annotation
62
1
39
211
10
1.678702
20
11.814593
11
1.678413
21
11.814882
0
LINE
8
annotation
62
1
39
211
10
1.678413
20
11.814882
11
1.678078
21
11.815119
0
LINE
8
annotation
62
1
39
211
10
1.678078
20
11.815119
11
1.677705
21
11.815296
0
LINE
8
annotation
62
1
39
211
10
1.677705
20
11.815296
11
1.677299
21
11.815408
0
LINE
8
annotation
62
1
39
211
10
1.677299
20
11.815408
11
1.676867
21
11.815447
0
LINE
8
annotation
62
1
39
211
10
1.676867
20
11.815447
11
1.676867
21
11.815447
0
LINE
8
annotation
62
1
39
211
10
1.676867
20
11.815447
11
1.676437
21
11.815408
0
LINE
8
annotation
62
1
39
211
10
1.676437
20
11.815408
11
1.676032
21
11.815296
0
LINE
8
annotation
62
1
39
211
10
1.676032
20
11.815296
11
1.675658
21
11.815119
0
LINE
8
annotation
62
1
39
211
10
1.675658
20
11.815119
11
1.675323
21
11.814882
0
LINE
8
annotation
62
1
39
211
10
1.675323
20
11.814882
11
1.675034
21
11.814593
0
LINE
8
annotation
62
1
39
211
10
1.675034
20
11.814593
11
1.674797
21
11.814258
0
LINE
8
annotation
62
1
39
211
10
1.674797
20
11.814258
11
1.674619
21
11.813884
0
LINE
8
annotation
62
1
39
211
10
1.674619
20
11.813884
11
1.674508
21
11.813479
0
LINE
8
annotation
62
1
39
211
10
1.674508
20
11.813479
11
1.674469
21
11.813048
0
LINE
8
annotation
62
1
39
211
10
1.674469
20
11.813048
11
1.674469
21
11.810050
0
LINE
8
annotation
62
1
39
211
10
1.674469
20
11.810050
11
1.674469
21
11.810050
0
LINE
8
annotation
62
1
39
211
10
1.674469
20
11.810050
11
1.674498
21
11.809724
0
LINE
8
annotation
62
1
39
211
10
1.674498
20
11.809724
11
1.674582
21
11.809418
0
LINE
8
annotation
62
1
39
211
10
1.674582
20
11.809418
11
1.674715
21
11.809136
0
LINE
8
annotation
62
1
39
211
10
1.674715
20
11.809136
11
1.674893
21
11.808884
0
LINE
8
annotation
62
1
39
211
10
1.674893
20
11.808884
11
1.675110
21
11.808666
0
LINE
8
annotation
62
1
39
211
10
1.675110
20
11.808666
11
1.675361
21
11.808488
0
LINE
8
annotation
62
1
39
211
10
1.675361
20
11.808488
11
1.675642
21
11.808355
0
LINE
8
annotation
62
1
39
211
10
1.675642
20
11.808355
11
1.675946
21
11.808271
0
LINE
8
annotation
62
1
39
211
10
1.675946
20
11.808271
11
1.676270
21
11.808242
0
LINE
8
annotation
62
1
39
211
10
1.676270
20
11.808242
11
1.679265
21
11.808242
0
LINE
8
annotation
62
1
39
211
10
1.684524
20
11.808240
11
1.684524
21
11.808240
0
LINE
8
annotation
62
1
39
211
10
1.684524
20
11.808240
11
1.684306
21
11.808260
0
LINE
8
annotation
62
1
39
211
10
1.684306
20
11.808260
11
1.684101
21
11.808316
0
LINE
8
annotation
62
1
39
211
10
1.684101
20
11.808316
11
1.683913
21
11.808405
0
LINE
8
annotation
62
1
39
211
10
1.683913
20
11.808405
11
1.683745
21
11.808523
0
LINE
8
annotation
62
1
39
211
10
1.683745
20
11.808523
11
1.683599
21
11.808669
0
LINE
8
annotation
62
1
39
211
10
1.683599
20
11.808669
11
1.683480
21
11.808837
0
LINE
8
annotation
62
1
39
211
10
1.683480
20
11.808837
11
1.683391
21
11.809026
0
LINE
8
annotation
62
1
39
211
10
1.683391
20
11.809026
11
1.683335
21
11.809230
0
LINE
8
annotation
62
1
39
211
10
1.683335
20
11.809230
11
1.683316
21
11.809448
0
LINE
8
annotation
62
1
39
211
10
1.683316
20
11.809448
11
1.683316
21
11.819052
0
LINE
8
annotation
62
1
39
211
10
1.694481
20
11.813643
11
1.688576
21
11.813643
0
LINE
8
annotation
62
1
39
211
10
1.702134
20
11.819043
11
1.702134
21
11.819043
0
LINE
8
annotation
62
1
39
211
10
1.702134
20
11.819043
11
1.701446
21
11.818786
0
LINE
8
annotation
62
1
39
211
10
1.701446
20
11.818786
11
1.700816
21
11.818438
0
LINE
8
annotation
62
1
39
211
10
1.700816
20
11.818438
11
1.700249
21
11.818011
0
LINE
8
annotation
62
1
39
211
10
1.700249
20
11.818011
11
1.699751
21
11.817510
0
LINE
8
annotation
62
1
39
211
10
1.699751
20
11.817510
11
1.699329
21
11.816947
0
LINE
8
annotation
62
1
39
211
10
1.699329
20
11.816947
11
1.698989
21
11.816329
0
LINE
8
annotation
62
1
39
211
10
1.698989
20
11.816329
11
1.698739
21
11.815665
0
LINE
8
annotation
62
1
39
211
10
1.698739
20
11.815665
11
1.698584
21
11.814963
0
LINE
8
annotation
62
1
39
211
10
1.698584
20
11.814963
11
1.698531
21
11.814233
0
LINE
8
annotation
62
1
39
211
10
1.698531
20
11.814233
11
1.698531
21
11.810643
0
LINE
8
annotation
62
1
39
211
10
1.698531
20
11.810643
11
1.698531
21
11.810643
0
LINE
8
annotation
62
1
39
211
10
1.698531
20
11.810643
11
1.698569
21
11.810212
0
LINE
8
annotation
62
1
39
211
10
1.698569
20
11.810212
11
1.698681
21
11.809806
0
LINE
8
annotation
62
1
39
211
10
1.698681
20
11.809806
11
1.698859
21
11.809432
0
LINE
8
annotation
62
1
39
211
10
1.698859
20
11.809432
11
1.699096
21
11.809096
0
LINE
8
annotation
62
1
39
211
10
1.699096
20
11.809096
11
1.699385
21
11.808807
0
LINE
8
annotation
62
1
39
211
10
1.699385
20
11.808807
11
1.699720
21
11.808570
0
LINE
8
annotation
62
1
39
211
10
1.699720
20
11.808570
11
1.700093
21
11.808392
0
LINE
8
annotation
62
1
39
211
10
1.700093
20
11.808392
11
1.700499
21
11.808281
0
LINE
8
annotation
62
1
39
211
10
1.700499
20
11.808281
11
1.700929
21
11.808242
0
LINE
8
annotation
62
1
39
211
10
1.700929
20
11.808242
11
1.700929
21
11.808242
0
LINE
8
annotation
62
1
39
211
10
1.700929
20
11.808242
11
1.701361
21
11.808281
0
LINE
8
annotation
62
1
39
211
10
1.701361
20
11.808281
11
1.701767
21
11.808392
0
LINE
8
annotation
62
1
39
211
10
1.701767
20
11.808392
11
1.702140
21
11.808570
0
LINE
8
annotation
62
1
39
211
10
1.702140
20
11.808570
11
1.702475
21
11.808807
0
LINE
8
annotation
62
1
39
211
10
1.702475
20
11.808807
11
1.702764
21
11.809096
0
LINE
8
annotation
62
1
39
211
10
1.702764
20
11.809096
11
1.703001
21
11.809432
0
LINE
8
annotation
62
1
39
211
10
1.703001
20
11.809432
11
1.703178
21
11.809806
0
LINE
8
annotation
62
1
39
211
10
1.703178
20
11.809806
11
1.703289
21
11.810212
0
LINE
8
annotation
62
1
39
211
10
1.703289
20
11.810212
11
1.703328
21
11.810643
0
LINE
8
annotation
62
1
39
211
10
1.703328
20
11.810643
11
1.703328
21
11.811838
0
LINE
8
annotation
62
1
39
211
10
1.703328
20
11.811838
11
1.703328
21
11.811838
0
LINE
8
annotation
62
1
39
211
10
1.703328
20
11.811838
11
1.703289
21
11.812269
0
LINE
8
annotation
62
1
39
211
10
1.703289
20
11.812269
11
1.703178
21
11.812675
0
LINE
8
annotation
62
1
39
211
10
1.703178
20
11.812675
11
1.703001
21
11.813048
0
LINE
8
annotation
62
1
39
211
10
1.703001
20
11.813048
11
1.702764
21
11.813382
0
LINE
8
annotation
62
1
39
211
10
1.702764
20
11.813382
11
1.702475
21
11.813671
0
LINE
8
annotation
62
1
39
211
10
1.702475
20
11.813671
11
1.702140
21
11.813907
0
LINE
8
annotation
62
1
39
211
10
1.702140
20
11.813907
11
1.701767
21
11.814084
0
LINE
8
annotation
62
1
39
211
10
1.701767
20
11.814084
11
1.701361
21
11.814195
0
LINE
8
annotation
62
1
39
211
10
1.701361
20
11.814195
11
1.700929
21
11.814233
0
LINE
8
annotation
62
1
39
211
10
1.700929
20
11.814233
11
1.698531
21
11.814233
0
LINE
8
annotation
62
1
39
211
10
1.698230
20
11.806892
11
1.703631
21
11.806892
0
LINE
8
annotation
62
1
39
211
10
1.707378
20
11.808242
11
1.709777
21
11.808242
0
LINE
8
annotation
62
1
39
211
10
1.709777
20
11.808242
11
1.709777
21
11.808242
0
LINE
8
annotation
62
1
39
211
10
1.709777
20
11.808242
11
1.710208
21
11.808281
0
LINE
8
annotation
62
1
39
211
10
1.710208
20
11.808281
11
1.710614
21
11.808393
0
LINE
8
annotation
62
1
39
211
10
1.710614
20
11.808393
11
1.710988
21
11.808570
0
LINE
8
annotation
62
1
39
211
10
1.710988
20
11.808570
11
1.711322
21
11.808807
0
LINE
8
annotation
62
1
39
211
10
1.711322
20
11.808807
11
1.711611
21
11.809096
0
LINE
8
annotation
62
1
39
211
10
1.711611
20
11.809096
11
1.711848
21
11.809430
0
LINE
8
annotation
62
1
39
211
10
1.711848
20
11.809430
11
1.712025
21
11.809803
0
LINE
8
annotation
62
1
39
211
10
1.712025
20
11.809803
11
1.712137
21
11.810208
0
LINE
8
annotation
62
1
39
211
10
1.712137
20
11.810208
11
1.712175
21
11.810638
0
LINE
8
annotation
62
1
39
211
10
1.712175
20
11.810638
11
1.712175
21
11.811838
0
LINE
8
annotation
62
1
39
211
10
1.712175
20
11.811838
11
1.712175
21
11.811838
0
LINE
8
annotation
62
1
39
211
10
1.712175
20
11.811838
11
1.712137
21
11.812268
0
LINE
8
annotation
62
1
39
211
10
1.712137
20
11.812268
11
1.712025
21
11.812673
0
LINE
8
annotation
62
1
39
211
10
1.712025
20
11.812673
11
1.711848
21
11.813046
0
LINE
8
annotation
62
1
39
211
10
1.711848
20
11.813046
11
1.711611
21
11.813380
0
LINE
8
annotation
62
1
39
211
10
1.711611
20
11.813380
11
1.711322
21
11.813669
0
LINE
8
annotation
62
1
39
211
10
1.711322
20
11.813669
11
1.710988
21
11.813906
0
LINE
8
annotation
62
1
39
211
10
1.710988
20
11.813906
11
1.710614
21
11.814083
0
LINE
8
annotation
62
1
39
211
10
1.710614
20
11.814083
11
1.710208
21
11.814195
0
LINE
8
annotation
62
1
39
211
10
1.710208
20
11.814195
11
1.709777
21
11.814234
0
LINE
8
annotation
62
1
39
211
10
1.709777
20
11.814234
11
1.708576
21
11.814234
0
LINE
8
annotation
62
1
39
211
10
1.708576
20
11.814234
11
1.709777
21
11.814234
0
LINE
8
annotation
62
1
39
211
10
1.709777
20
11.814234
11
1.709777
21
11.814234
0
LINE
8
annotation
62
1
39
211
10
1.709777
20
11.814234
11
1.710208
21
11.814272
0
LINE
8
annotation
62
1
39
211
10
1.710208
20
11.814272
11
1.710614
21
11.814384
0
LINE
8
annotation
62
1
39
211
10
1.710614
20
11.814384
11
1.710988
21
11.814562
0
LINE
8
annotation
62
1
39
211
10
1.710988
20
11.814562
11
1.711322
21
11.814799
0
LINE
8
annotation
62
1
39
211
10
1.711322
20
11.814799
11
1.711611
21
11.815088
0
LINE
8
annotation
62
1
39
211
10
1.711611
20
11.815088
11
1.711848
21
11.815424
0
LINE
8
annotation
62
1
39
211
10
1.711848
20
11.815424
11
1.712025
21
11.815798
0
LINE
8
annotation
62
1
39
211
10
1.712025
20
11.815798
11
1.712137
21
11.816204
0
LINE
8
annotation
62
1
39
211
10
1.712137
20
11.816204
11
1.712175
21
11.816636
0
LINE
8
annotation
62
1
39
211
10
1.712175
20
11.816636
11
1.712175
21
11.816636
0
LINE
8
annotation
62
1
39
211
10
1.712175
20
11.816636
11
1.712137
21
11.817065
0
LINE
8
annotation
62
1
39
211
10
1.712137
20
11.817065
11
1.712025
21
11.817470
0
LINE
8
annotation
62
1
39
211
10
1.712025
20
11.817470
11
1.711848
21
11.817843
0
LINE
8
annotation
62
1
39
211
10
1.711848
20
11.817843
11
1.711611
21
11.818177
0
LINE
8
annotation
62
1
39
211
10
1.711611
20
11.818177
11
1.711322
21
11.818466
0
LINE
8
annotation
62
1
39
211
10
1.711322
20
11.818466
11
1.710988
21
11.818703
0
LINE
8
annotation
62
1
39
211
10
1.710988
20
11.818703
11
1.710614
21
11.818880
0
LINE
8
annotation
62
1
39
211
10
1.710614
20
11.818880
11
1.710208
21
11.818992
0
LINE
8
annotation
62
1
39
211
10
1.710208
20
11.818992
11
1.709777
21
11.819031
0
LINE
8
annotation
62
1
39
211
10
1.709777
20
11.819031
11
1.707378
21
11.819031
0
LINE
8
annotation
62
1
39
211
10
1.722132
20
11.813643
11
1.716227
21
11.813643
0
LINE
8
annotation
62
1
39
211
10
1.730980
20
11.808242
11
1.726183
21
11.808242
0
LINE
8
annotation
62
1
39
211
10
1.726183
20
11.808242
11
1.730615
21
11.815378
0
LINE
8
annotation
62
1
39
211
10
1.730615
20
11.815378
11
1.730615
21
11.815378
0
LINE
8
annotation
62
1
39
211
10
1.730615
20
11.815378
11
1.730621
21
11.815384
0
LINE
8
annotation
62
1
39
211
10
1.730621
20
11.815384
11
1.730626
21
11.815391
0
LINE
8
annotation
62
1
39
211
10
1.730626
20
11.815391
11
1.730631
21
11.815398
0
LINE
8
annotation
62
1
39
211
10
1.730631
20
11.815398
11
1.730635
21
11.815405
0
LINE
8
annotation
62
1
39
211
10
1.730635
20
11.815405
11
1.730640
21
11.815412
0
LINE
8
annotation
62
1
39
211
10
1.730640
20
11.815412
11
1.730644
21
11.815419
0
LINE
8
annotation
62
1
39
211
10
1.730644
20
11.815419
11
1.730649
21
11.815427
0
LINE
8
annotation
62
1
39
211
10
1.730649
20
11.815427
11
1.730653
21
11.815435
0
LINE
8
annotation
62
1
39
211
10
1.730653
20
11.815435
11
1.730658
21
11.815444
0
LINE
8
annotation
62
1
39
211
10
1.730658
20
11.815444
11
1.730658
21
11.815444
0
LINE
8
annotation
62
1
39
211
10
1.730658
20
11.815444
11
1.730841
21
11.815837
0
LINE
8
annotation
62
1
39
211
10
1.730841
20
11.815837
11
1.730948
21
11.816244
0
LINE
8
annotation
62
1
39
211
10
1.730948
20
11.816244
11
1.730981
21
11.816656
0
LINE
8
annotation
62
1
39
211
10
1.730981
20
11.816656
11
1.730944
21
11.817065
0
LINE
8
annotation
62
1
39
211
10
1.730944
20
11.817065
11
1.730838
21
11.817460
0
LINE
8
annotation
62
1
39
211
10
1.730838
20
11.817460
11
1.730667
21
11.817833
0
LINE
8
annotation
62
1
39
211
10
1.730667
20
11.817833
11
1.730433
21
11.818174
0
LINE
8
annotation
62
1
39
211
10
1.730433
20
11.818174
11
1.730138
21
11.818474
0
LINE
8
annotation
62
1
39
211
10
1.730138
20
11.818474
11
1.729786
21
11.818725
0
LINE
8
annotation
62
1
39
211
10
1.729786
20
11.818725
11
1.729786
21
11.818725
0
LINE
8
annotation
62
1
39
211
10
1.729786
20
11.818725
11
1.729391
21
11.818905
0
LINE
8
annotation
62
1
39
211
10
1.729391
20
11.818905
11
1.728983
21
11.819010
0
LINE
8
annotation
62
1
39
211
10
1.728983
20
11.819010
11
1.728571
21
11.819043
0
LINE
8
annotation
62
1
39
211
10
1.728571
20
11.819043
11
1.728162
21
11.819005
0
LINE
8
annotation
62
1
39
211
10
1.728162
20
11.819005
11
1.727767
21
11.818899
0
LINE
8
annotation
62
1
39
211
10
1.727767
20
11.818899
11
1.727395
21
11.818727
0
LINE
8
annotation
62
1
39
211
10
1.727395
20
11.818727
11
1.727054
21
11.818492
0
LINE
8
annotation
62
1
39
211
10
1.727054
20
11.818492
11
1.726754
21
11.818197
0
LINE
8
annotation
62
1
39
211
10
1.726754
20
11.818197
11
1.726504
21
11.817842
0
LINE
8
annotation
62
1
39
211
10
1.726504
20
11.817842
11
1.726189
21
11.817238
0
LINE
8
boundary
62
5
39
2
10
2.035304
20
11.745674
11
2.035304
21
11.876924
0
LINE
8
boundary
62
5
39
2
10
2.035304
20
11.876924
11
1.894679
21
11.886299
0
LINE
8
boundary
62
5
39
2
10
1.894679
20
11.886299
11
1.885304
21
11.745674
0
LINE
8
boundary
62
5
39
2
10
1.885304
20
11.745674
11
2.025929
21
11.736299
0
LINE
8
boundary
62
5
39
2
10
2.025929
20
11.736299
11
2.035304
21
11.745674
0
LINE
8
annotation
62
1
39
211
10
1.919312
20
11.808249
11
1.922914
21
11.808249
0
LINE
8
annotation
62
1
39
211
10
1.922914
20
11.808249
11
1.922914
21
11.808249
0
LINE
8
annotation
62
1
39
211
10
1.922914
20
11.808249
11
1.923344
21
11.808288
0
LINE
8
annotation
62
1
39
211
10
1.923344
20
11.808288
11
1.923749
21
11.808399
0
LINE
8
annotation
62
1
39
211
10
1.923749
20
11.808399
11
1.924122
21
11.808577
0
LINE
8
annotation
62
1
39
211
10
1.924122
20
11.808577
11
1.924456
21
11.808814
0
LINE
8
annotation
62
1
39
211
10
1.924456
20
11.808814
11
1.924745
21
11.809103
0
LINE
8
annotation
62
1
39
211
10
1.924745
20
11.809103
11
1.924982
21
11.809438
0
LINE
8
annotation
62
1
39
211
10
1.924982
20
11.809438
11
1.925159
21
11.809812
0
LINE
8
annotation
62
1
39
211
10
1.925159
20
11.809812
11
1.925271
21
11.810219
0
LINE
8
annotation
62
1
39
211
10
1.925271
20
11.810219
11
1.925310
21
11.810650
0
LINE
8
annotation
62
1
39
211
10
1.925310
20
11.810650
11
1.925310
21
11.816641
0
LINE
8
annotation
62
1
39
211
10
1.925310
20
11.816641
11
1.925310
21
11.816641
0
LINE
8
annotation
62
1
39
211
10
1.925310
20
11.816641
11
1.925271
21
11.817073
0
LINE
8
annotation
62
1
39
211
10
1.925271
20
11.817073
11
1.925159
21
11.817479
0
LINE
8
annotation
62
1
39
211
10
1.925159
20
11.817479
11
1.924982
21
11.817853
0
LINE
8
annotation
62
1
39
211
10
1.924982
20
11.817853
11
1.924745
21
11.818188
0
LINE
8
annotation
62
1
39
211
10
1.924745
20
11.818188
11
1.924456
21
11.818478
0
LINE
8
annotation
62
1
39
211
10
1.924456
20
11.818478
11
1.924122
21
11.818715
0
LINE
8
annotation
62
1
39
211
10
1.924122
20
11.818715
11
1.923749
21
11.818893
0
LINE
8
annotation
62
1
39
211
10
1.923749
20
11.818893
11
1.923344
21
11.819004
0
LINE
8
annotation
62
1
39
211
10
1.923344
20
11.819004
11
1.922914
21
11.819043
0
LINE
8
annotation
62
1
39
211
10
1.922914
20
11.819043
11
1.919312
21
11.819043
0
LINE
8
annotation
62
1
39
211
10
1.919312
20
11.819043
11
1.919312
21
11.808242
0
LINE
8
annotation
62
1
39
211
10
1.919312
20
11.808242
11
1.919312
21
11.808249
0
LINE
8
annotation
62
1
39
211
10
1.929360
20
11.810644
11
1.929360
21
11.810644
0
LINE
8
annotation
62
1
39
211
10
1.929360
20
11.810644
11
1.929398
21
11.810212
0
LINE
8
annotation
62
1
39
211
10
1.929398
20
11.810212
11
1.929510
21
11.809806
0
LINE
8
annotation
62
1
39
211
10
1.929510
20
11.809806
11
1.929688
21
11.809432
0
LINE
8
annotation
62
1
39
211
10
1.929688
20
11.809432
11
1.929925
21
11.809097
0
LINE
8
annotation
62
1
39
211
10
1.929925
20
11.809097
11
1.930214
21
11.808807
0
LINE
8
annotation
62
1
39
211
10
1.930214
20
11.808807
11
1.930549
21
11.808570
0
LINE
8
annotation
62
1
39
211
10
1.930549
20
11.808570
11
1.930924
21
11.808392
0
LINE
8
annotation
62
1
39
211
10
1.930924
20
11.808392
11
1.931330
21
11.808281
0
LINE
8
annotation
62
1
39
211
10
1.931330
20
11.808281
11
1.931762
21
11.808242
0
LINE
8
annotation
62
1
39
211
10
1.931762
20
11.808242
11
1.931762
21
11.808242
0
LINE
8
annotation
62
1
39
211
10
1.931762
20
11.808242
11
1.932193
21
11.808281
0
LINE
8
annotation
62
1
39
211
10
1.932193
20
11.808281
11
1.932599
21
11.808392
0
LINE
8
annotation
62
1
39
211
10
1.932599
20
11.808392
11
1.932973
21
11.808570
0
LINE
8
annotation
62
1
39
211
10
1.932973
20
11.808570
11
1.933308
21
11.808807
0
LINE
8
annotation
62
1
39
211
10
1.933308
20
11.808807
11
1.933598
21
11.809097
0
LINE
8
annotation
62
1
39
211
10
1.933598
20
11.809097
11
1.933835
21
11.809432
0
LINE
8
annotation
62
1
39
211
10
1.933835
20
11.809432
11
1.934012
21
11.809806
0
LINE
8
annotation
62
1
39
211
10
1.934012
20
11.809806
11
1.934124
21
11.810212
0
LINE
8
annotation
62
1
39
211
10
1.934124
20
11.810212
11
1.934163
21
11.810644
0
LINE
8
annotation
62
1
39
211
10
1.934163
20
11.810644
11
1.934163
21
11.813039
0
LINE
8
annotation
62
1
39
211
10
1.934163
20
11.813039
11
1.934163
21
11.813039
0
LINE
8
annotation
62
1
39
211
10
1.934163
20
11.813039
11
1.934124
21
11.813470
0
LINE
8
annotation
62
1
39
211
10
1.934124
20
11.813470
11
1.934012
21
11.813876
0
LINE
8
annotation
62
1
39
211
10
1.934012
20
11.813876
11
1.933835
21
11.814249
0
LINE
8
annotation
62
1
39
211
10
1.933835
20
11.814249
11
1.933598
21
11.814583
0
LINE
8
annotation
62
1
39
211
10
1.933598
20
11.814583
11
1.933308
21
11.814872
0
LINE
8
annotation
62
1
39
211
10
1.933308
20
11.814872
11
1.932973
21
11.815108
0
LINE
8
annotation
62
1
39
211
10
1.932973
20
11.815108
11
1.932599
21
11.815285
0
LINE
8
annotation
62
1
39
211
10
1.932599
20
11.815285
11
1.932193
21
11.815396
0
LINE
8
annotation
62
1
39
211
10
1.932193
20
11.815396
11
1.931762
21
11.815434
0
LINE
8
annotation
62
1
39
211
10
1.931762
20
11.815434
11
1.931762
21
11.815434
0
LINE
8
annotation
62
1
39
211
10
1.931762
20
11.815434
11
1.931330
21
11.815396
0
LINE
8
annotation
62
1
39
211
10
1.931330
20
11.815396
11
1.930924
21
11.815285
0
LINE
8
annotation
62
1
39
211
10
1.930924
20
11.815285
11
1.930549
21
11.815108
0
LINE
8
annotation
62
1
39
211
10
1.930549
20
11.815108
11
1.930214
21
11.814872
0
LINE
8
annotation
62
1
39
211
10
1.930214
20
11.814872
11
1.929925
21
11.814583
0
LINE
8
annotation
62
1
39
211
10
1.929925
20
11.814583
11
1.929688
21
11.814249
0
LINE
8
annotation
62
1
39
211
10
1.929688
20
11.814249
11
1.929510
21
11.813876
0
LINE
8
annotation
62
1
39
211
10
1.929510
20
11.813876
11
1.929398
21
11.813470
0
LINE
8
annotation
62
1
39
211
10
1.929398
20
11.813470
11
1.929360
21
11.813039
0
LINE
8
annotation
62
1
39
211
10
1.929360
20
11.813039
11
1.929360
21
11.810644
0
LINE
8
annotation
62
1
39
211
10
1.945418
20
11.815434
11
1.943614
21
11.808242
0
LINE
8
annotation
62
1
39
211
10
1.943614
20
11.808242
11
1.941816
21
11.813039
0
LINE
8
annotation
62
1
39
211
10
1.941816
20
11.813039
11
1.940018
21
11.808242
0
LINE
8
annotation
62
1
39
211
10
1.940018
20
11.808242
11
1.938213
21
11.815434
0
LINE
8
annotation
62
1
39
211
10
1.949469
20
11.811845
11
1.954266
21
11.811845
0
LINE
8
annotation
62
1
39
211
10
1.954266
20
11.811845
11
1.954266
21
11.813048
0
LINE
8
annotation
62
1
39
211
10
1.954266
20
11.813048
11
1.954266
21
11.813048
0
LINE
8
annotation
62
1
39
211
10
1.954266
20
11.813048
11
1.954227
21
11.813479
0
LINE
8
annotation
62
1
39
211
10
1.954227
20
11.813479
11
1.954116
21
11.813884
0
LINE
8
annotation
62
1
39
211
10
1.954116
20
11.813884
11
1.953939
21
11.814258
0
LINE
8
annotation
62
1
39
211
10
1.953939
20
11.814258
11
1.953702
21
11.814593
0
LINE
8
annotation
62
1
39
211
10
1.953702
20
11.814593
11
1.953413
21
11.814882
0
LINE
8
annotation
62
1
39
211
10
1.953413
20
11.814882
11
1.953078
21
11.815119
0
LINE
8
annotation
62
1
39
211
10
1.953078
20
11.815119
11
1.952705
21
11.815296
0
LINE
8
annotation
62
1
39
211
10
1.952705
20
11.815296
11
1.952299
21
11.815408
0
LINE
8
annotation
62
1
39
211
10
1.952299
20
11.815408
11
1.951867
21
11.815447
0
LINE
8
annotation
62
1
39
211
10
1.951867
20
11.815447
11
1.951867
21
11.815447
0
LINE
8
annotation
62
1
39
211
10
1.951867
20
11.815447
11
1.951437
21
11.815408
0
LINE
8
annotation
62
1
39
211
10
1.951437
20
11.815408
11
1.951032
21
11.815296
0
LINE
8
annotation
62
1
39
211
10
1.951032
20
11.815296
11
1.950658
21
11.815119
0
LINE
8
annotation
62
1
39
211
10
1.950658
20
11.815119
11
1.950323
21
11.814882
0
LINE
8
annotation
62
1
39
211
10
1.950323
20
11.814882
11
1.950034
21
11.814593
0
LINE
8
annotation
62
1
39
211
10
1.950034
20
11.814593
11
1.949797
21
11.814258
0
LINE
8
annotation
62
1
39
211
10
1.949797
20
11.814258
11
1.949619
21
11.813884
0
LINE
8
annotation
62
1
39
211
10
1.949619
20
11.813884
11
1.949508
21
11.813479
0
LINE
8
annotation
62
1
39
211
10
1.949508
20
11.813479
11
1.949469
21
11.813048
0
LINE
8
annotation
62
1
39
211
10
1.949469
20
11.813048
11
1.949469
21
11.810050
0
LINE
8
annotation
62
1
39
211
10
1.949469
20
11.810050
11
1.949469
21
11.810050
0
LINE
8
annotation
62
1
39
211
10
1.949469
20
11.810050
11
1.949498
21
11.809724
0
LINE
8
annotation
62
1
39
211
10
1.949498
20
11.809724
11
1.949582
21
11.809418
0
LINE
8
annotation
62
1
39
211
10
1.949582
20
11.809418
11
1.949715
21
11.809136
0
LINE
8
annotation
62
1
39
211
10
1.949715
20
11.809136
11
1.949893
21
11.808884
0
LINE
8
annotation
62
1
39
211
10
1.949893
20
11.808884
11
1.950110
21
11.808666
0
LINE
8
annotation
62
1
39
211
10
1.950110
20
11.808666
11
1.950361
21
11.808488
0
LINE
8
annotation
62
1
39
211
10
1.950361
20
11.808488
11
1.950642
21
11.808355
0
LINE
8
annotation
62
1
39
211
10
1.950642
20
11.808355
11
1.950946
21
11.808271
0
LINE
8
annotation
62
1
39
211
10
1.950946
20
11.808271
11
1.951270
21
11.808242
0
LINE
8
annotation
62
1
39
211
10
1.951270
20
11.808242
11
1.954265
21
11.808242
0
LINE
8
annotation
62
1
39
211
10
1.959524
20
11.808240
11
1.959524
21
11.808240
0
LINE
8
annotation
62
1
39
211
10
1.959524
20
11.808240
11
1.959306
21
11.808260
0
LINE
8
annotation
62
1
39
211
10
1.959306
20
11.808260
11
1.959101
21
11.808316
0
LINE
8
annotation
62
1
39
211
10
1.959101
20
11.808316
11
1.958913
21
11.808405
0
LINE
8
annotation
62
1
39
211
10
1.958913
20
11.808405
11
1.958745
21
11.808523
0
LINE
8
annotation
62
1
39
211
10
1.958745
20
11.808523
11
1.958599
21
11.808669
0
LINE
8
annotation
62
1
39
211
10
1.958599
20
11.808669
11
1.958480
21
11.808837
0
LINE
8
annotation
62
1
39
211
10
1.958480
20
11.808837
11
1.958391
21
11.809026
0
LINE
8
annotation
62
1
39
211
10
1.958391
20
11.809026
11
1.958335
21
11.809230
0
LINE
8
annotation
62
1
39
211
10
1.958335
20
11.809230
11
1.958316
21
11.809448
0
LINE
8
annotation
62
1
39
211
10
1.958316
20
11.809448
11
1.958316
21
11.819052
0
LINE
8
annotation
62
1
39
211
10
1.969481
20
11.813643
11
1.963576
21
11.813643
0
LINE
8
annotation
62
1
39
211
10
1.973531
20
11.808242
11
1.975929
21
11.808242
0
LINE
8
annotation
62
1
39
211
10
1.975929
20
11.808242
11
1.975929
21
11.808242
0
LINE
8
annotation
62
1
39
211
10
1.975929
20
11.808242
11
1.976360
21
11.808281
0
LINE
8
annotation
62
1
39
211
10
1.976360
20
11.808281
11
1.976765
21
11.808392
0
LINE
8
annotation
62
1
39
211
10
1.976765
20
11.808392
11
1.977139
21
11.808570
0
LINE
8
annotation
62
1
39
211
10
1.977139
20
11.808570
11
1.977474
21
11.808807
0
LINE
8
annotation
62
1
39
211
10
1.977474
20
11.808807
11
1.977763
21
11.809096
0
LINE
8
annotation
62
1
39
211
10
1.977763
20
11.809096
11
1.978000
21
11.809432
0
LINE
8
annotation
62
1
39
211
10
1.978000
20
11.809432
11
1.978177
21
11.809806
0
LINE
8
annotation
62
1
39
211
10
1.978177
20
11.809806
11
1.978289
21
11.810212
0
LINE
8
annotation
62
1
39
211
10
1.978289
20
11.810212
11
1.978328
21
11.810643
0
LINE
8
annotation
62
1
39
211
10
1.978328
20
11.810643
11
1.978328
21
11.811838
0
LINE
8
annotation
62
1
39
211
10
1.978328
20
11.811838
11
1.978328
21
11.811838
0
LINE
8
annotation
62
1
39
211
10
1.978328
20
11.811838
11
1.978289
21
11.812269
0
LINE
8
annotation
62
1
39
211
10
1.978289
20
11.812269
11
1.978178
21
11.812675
0
LINE
8
annotation
62
1
39
211
10
1.978178
20
11.812675
11
1.978000
21
11.813048
0
LINE
8
annotation
62
1
39
211
10
1.978000
20
11.813048
11
1.977763
21
11.813382
0
LINE
8
annotation
62
1
39
211
10
1.977763
20
11.813382
11
1.977474
21
11.813671
0
LINE
8
annotation
62
1
39
211
10
1.977474
20
11.813671
11
1.977139
21
11.813907
0
LINE
8
annotation
62
1
39
211
10
1.977139
20
11.813907
11
1.976765
21
11.814084
0
LINE
8
annotation
62
1
39
211
10
1.976765
20
11.814084
11
1.976360
21
11.814195
0
LINE
8
annotation
62
1
39
211
10
1.976360
20
11.814195
11
1.975929
21
11.814233
0
LINE
8
annotation
62
1
39
211
10
1.975929
20
11.814233
11
1.973531
21
11.814233
0
LINE
8
annotation
62
1
39
211
10
1.973531
20
11.814233
11
1.973531
21
11.819043
0
LINE
8
annotation
62
1
39
211
10
1.973531
20
11.819043
11
1.978328
21
11.819043
0
LINE
8
annotation
62
1
39
211
10
1.983576
20
11.808242
11
1.983576
21
11.808242
0
LINE
8
annotation
62
1
39
211
10
1.983576
20
11.808242
11
1.984262
21
11.808498
0
LINE
8
annotation
62
1
39
211
10
1.984262
20
11.808498
11
1.984891
21
11.808843
0
LINE
8
annotation
62
1
39
211
10
1.984891
20
11.808843
11
1.985458
21
11.809270
0
LINE
8
annotation
62
1
39
211
10
1.985458
20
11.809270
11
1.985955
21
11.809769
0
LINE
8
annotation
62
1
39
211
10
1.985955
20
11.809769
11
1.986377
21
11.810331
0
LINE
8
annotation
62
1
39
211
10
1.986377
20
11.810331
11
1.986716
21
11.810948
0
LINE
8
annotation
62
1
39
211
10
1.986716
20
11.810948
11
1.986966
21
11.811611
0
LINE
8
annotation
62
1
39
211
10
1.986966
20
11.811611
11
1.987121
21
11.812311
0
LINE
8
annotation
62
1
39
211
10
1.987121
20
11.812311
11
1.987175
21
11.813039
0
LINE
8
annotation
62
1
39
211
10
1.987175
20
11.813039
11
1.987175
21
11.816641
0
LINE
8
annotation
62
1
39
211
10
1.987175
20
11.816641
11
1.987175
21
11.816641
0
LINE
8
annotation
62
1
39
211
10
1.987175
20
11.816641
11
1.987136
21
11.817073
0
LINE
8
annotation
62
1
39
211
10
1.987136
20
11.817073
11
1.987025
21
11.817479
0
LINE
8
annotation
62
1
39
211
10
1.987025
20
11.817479
11
1.986847
21
11.817853
0
LINE
8
annotation
62
1
39
211
10
1.986847
20
11.817853
11
1.986611
21
11.818188
0
LINE
8
annotation
62
1
39
211
10
1.986611
20
11.818188
11
1.986322
21
11.818478
0
LINE
8
annotation
62
1
39
211
10
1.986322
20
11.818478
11
1.985987
21
11.818715
0
LINE
8
annotation
62
1
39
211
10
1.985987
20
11.818715
11
1.985613
21
11.818893
0
LINE
8
annotation
62
1
39
211
10
1.985613
20
11.818893
11
1.985207
21
11.819004
0
LINE
8
annotation
62
1
39
211
10
1.985207
20
11.819004
11
1.984776
21
11.819043
0
LINE
8
annotation
62
1
39
211
10
1.984776
20
11.819043
11
1.984776
21
11.819043
0
LINE
8
annotation
62
1
39
211
10
1.984776
20
11.819043
11
1.984346
21
11.819004
0
LINE
8
annotation
62
1
39
211
10
1.984346
20
11.819004
11
1.983940
21
11.818893
0
LINE
8
annotation
62
1
39
211
10
1.983940
20
11.818893
11
1.983567
21
11.818715
0
LINE
8
annotation
62
1
39
211
10
1.983567
20
11.818715
11
1.983232
21
11.818478
0
LINE
8
annotation
62
1
39
211
10
1.983232
20
11.818478
11
1.982942
21
11.818188
0
LINE
8
annotation
62
1
39
211
10
1.982942
20
11.818188
11
1.982706
21
11.817853
0
LINE
8
annotation
62
1
39
211
10
1.982706
20
11.817853
11
1.982528
21
11.817479
0
LINE
8
annotation
62
1
39
211
10
1.982528
20
11.817479
11
1.982416
21
11.817073
0
LINE
8
annotation
62
1
39
211
10
1.982416
20
11.817073
11
1.982377
21
11.816641
0
LINE
8
annotation
62
1
39
211
10
1.982377
20
11.816641
11
1.982377
21
11.815440
0
LINE
8
annotation
62
1
39
211
10
1.982377
20
11.815440
11
1.982377
21
11.815440
0
LINE
8
annotation
62
1
39
211
10
1.982377
20
11.815440
11
1.982416
21
11.815009
0
LINE
8
annotation
62
1
39
211
10
1.982416
20
11.815009
11
1.982528
21
11.814603
0
LINE
8
annotation
62
1
39
211
10
1.982528
20
11.814603
11
1.982706
21
11.814229
0
LINE
8
annotation
62
1
39
211
10
1.982706
20
11.814229
11
1.982942
21
11.813893
0
LINE
8
annotation
62
1
39
211
10
1.982942
20
11.813893
11
1.983232
21
11.813604
0
LINE
8
annotation
62
1
39
211
10
1.983232
20
11.813604
11
1.983567
21
11.813367
0
LINE
8
annotation
62
1
39
211
10
1.983567
20
11.813367
11
1.983940
21
11.813189
0
LINE
8
annotation
62
1
39
211
10
1.983940
20
11.813189
11
1.984346
21
11.813078
0
LINE
8
annotation
62
1
39
211
10
1.984346
20
11.813078
11
1.984776
21
11.813039
0
LINE
8
annotation
62
1
39
211
10
1.984776
20
11.813039
11
1.987175
21
11.813039
0
LINE
8
annotation
62
1
39
211
10
1.982078
20
11.806892
11
1.987478
21
11.806892
0
LINE
8
annotation
62
1
39
211
10
1.997132
20
11.813643
11
1.991227
21
11.813643
0
LINE
8
annotation
62
1
39
211
10
2.005980
20
11.808242
11
2.001183
21
11.808242
0
LINE
8
annotation
62
1
39
211
10
2.001183
20
11.808242
11
2.005615
21
11.815378
0
LINE
8
annotation
62
1
39
211
10
2.005615
20
11.815378
11
2.005615
21
11.815378
0
LINE
8
annotation
62
1
39
211
10
2.005615
20
11.815378
11
2.005621
21
11.815384
0
LINE
8
annotation
62
1
39
211
10
2.005621
20
11.815384
11
2.005626
21
11.815391
0
LINE
8
annotation
62
1
39
211
10
2.005626
20
11.815391
11
2.005631
21
11.815398
0
LINE
8
annotation
62
1
39
211
10
2.005631
20
11.815398
11
2.005635
21
11.815405
0
LINE
8
annotation
62
1
39
211
10
2.005635
20
11.815405
11
2.005640
21
11.815412
0
LINE
8
annotation
62
1
39
211
10
2.005640
20
11.815412
11
2.005644
21
11.815419
0
LINE
8
annotation
62
1
39
211
10
2.005644
20
11.815419
11
2.005649
21
11.815427
0
LINE
8
annotation
62
1
39
211
10
2.005649
20
11.815427
11
2.005653
21
11.815435
0
LINE
8
annotation
62
1
39
211
10
2.005653
20
11.815435
11
2.005658
21
11.815444
0
LINE
8
annotation
62
1
39
211
10
2.005658
20
11.815444
11
2.005658
21
11.815444
0
LINE
8
annotation
62
1
39
211
10
2.005658
20
11.815444
11
2.005841
21
11.815837
0
LINE
8
annotation
62
1
39
211
10
2.005841
20
11.815837
11
2.005948
21
11.816244
0
LINE
8
annotation
62
1
39
211
10
2.005948
20
11.816244
11
2.005981
21
11.816656
0
LINE
8
annotation
62
1
39
211
10
2.005981
20
11.816656
11
2.005944
21
11.817065
0
LINE
8
annotation
62
1
39
211
10
2.005944
20
11.817065
11
2.005838
21
11.817460
0
LINE
8
annotation
62
1
39
211
10
2.005838
20
11.817460
11
2.005667
21
11.817833
0
LINE
8
annotation
62
1
39
211
10
2.005667
20
11.817833
11
2.005433
21
11.818174
0
LINE
8
annotation
62
1
39
211
10
2.005433
20
11.818174
11
2.005138
21
11.818474
0
LINE
8
annotation
62
1
39
211
10
2.005138
20
11.818474
11
2.004786
21
11.818725
0
LINE
8
annotation
62
1
39
211
10
2.004786
20
11.818725
11
2.004786
21
11.818725
0
LINE
8
annotation
62
1
39
211
10
2.004786
20
11.818725
11
2.004391
21
11.818905
0
LINE
8
annotation
62
1
39
211
10
2.004391
20
11.818905
11
2.003983
21
11.819010
0
LINE
8
annotation
62
1
39
211
10
2.003983
20
11.819010
11
2.003571
21
11.819043
0
LINE
8
annotation
62
1
39
211
10
2.003571
20
11.819043
11
2.003162
21
11.819005
0
LINE
8
annotation
62
1
39
211
10
2.003162
20
11.819005
11
2.002767
21
11.818899
0
LINE
8
annotation
62
1
39
211
10
2.002767
20
11.818899
11
2.002395
21
11.818727
0
LINE
8
annotation
62
1
39
211
10
2.002395
20
11.818727
11
2.002054
21
11.818492
0
LINE
8
annotation
62
1
39
211
10
2.002054
20
11.818492
11
2.001754
21
11.818197
0
LINE
8
annotation
62
1
39
211
10
2.001754
20
11.818197
11
2.001504
21
11.817842
0
LINE
8
annotation
62
1
39
211
10
2.001504
20
11.817842
11
2.001189
21
11.817238
0
LINE
8
boundary
62
5
39
2
10
2.242592
20
11.736299
11
2.274623
21
11.758539
0
LINE
8
boundary
62
5
39
2
10
2.274623
20
11.758539
11
2.256240
21
11.810779
0
LINE
8
boundary
62
5
39
2
10
2.256240
20
11.810779
11
2.242592
21
11.852436
0
LINE
8
boundary
62
5
39
2
10
2.242592
20
11.852436
11
2.200180
21
11.799723
0
LINE
8
boundary
62
5
39
2
10
2.200180
20
11.799723
11
2.160304
21
11.758539
0
LINE
8
boundary
62
5
39
2
10
2.160304
20
11.758539
11
2.192325
21
11.749932
0
LINE
8
boundary
62
5
39
2
10
2.192325
20
11.749932
11
2.242592
21
11.736299
0
LINE
8
annotation
62
1
39
211
10
2.218927
20
11.763951
11
2.209642
21
11.763951
0
LINE
8
annotation
62
1
39
211
10
2.209642
20
11.763951
11
2.218222
21
11.777763
0
LINE
8
annotation
62
1
39
211
10
2.218222
20
11.777763
11
2.218222
21
11.777763
0
LINE
8
annotation
62
1
39
211
10
2.218222
20
11.777763
11
2.218232
21
11.777776
0
LINE
8
annotation
62
1
39
211
10
2.218232
20
11.777776
11
2.218242
21
11.777789
0
LINE
8
annotation
62
1
39
211
10
2.218242
20
11.777789
11
2.218251
21
11.777802
0
LINE
8
annotation
62
1
39
211
10
2.218251
20
11.777802
11
2.218261
21
11.777815
0
LINE
8
annotation
62
1
39
211
10
2.218261
20
11.777815
11
2.218270
21
11.777829
0
LINE
8
annotation
62
1
39
211
10
2.218270
20
11.777829
11
2.218278
21
11.777843
0
LINE
8
annotation
62
1
39
211
10
2.218278
20
11.777843
11
2.218287
21
11.777858
0
LINE
8
annotation
62
1
39
211
10
2.218287
20
11.777858
11
2.218296
21
11.777874
0
LINE
8
annotation
62
1
39
211
10
2.218296
20
11.777874
11
2.218304
21
11.777890
0
LINE
8
annotation
62
1
39
211
10
2.218304
20
11.777890
11
2.218304
21
11.777890
0
LINE
8
annotation
62
1
39
211
10
2.218304
20
11.777890
11
2.218659
21
11.778651
0
LINE
8
annotation
62
1
39
211
10
2.218659
20
11.778651
11
2.218866
21
11.779440
0
LINE
8
annotation
62
1
39
211
10
2.218866
20
11.779440
11
2.218930
21
11.780238
0
LINE
8
annotation
62
1
39
211
10
2.218930
20
11.780238
11
2.218858
21
11.781029
0
LINE
8
annotation
62
1
39
211
10
2.218858
20
11.781029
11
2.218653
21
11.781794
0
LINE
8
annotation
62
1
39
211
10
2.218653
20
11.781794
11
2.218322
21
11.782515
0
LINE
8
annotation
62
1
39
211
10
2.218322
20
11.782515
11
2.217868
21
11.783176
0
LINE
8
annotation
62
1
39
211
10
2.217868
20
11.783176
11
2.217298
21
11.783757
0
LINE
8
annotation
62
1
39
211
10
2.217298
20
11.783757
11
2.216616
21
11.784241
0
LINE
8
annotation
62
1
39
211
10
2.216616
20
11.784241
11
2.216616
21
11.784241
0
LINE
8
annotation
62
1
39
211
10
2.216616
20
11.784241
11
2.215853
21
11.784591
0
LINE
8
annotation
62
1
39
211
10
2.215853
20
11.784591
11
2.215063
21
11.784794
0
LINE
8
annotation
62
1
39
211
10
2.215063
20
11.784794
11
2.214264
21
11.784857
0
LINE
8
annotation
62
1
39
211
10
2.214264
20
11.784857
11
2.213474
21
11.784784
0
LINE
8
annotation
62
1
39
211
10
2.213474
20
11.784784
11
2.212709
21
11.784579
0
LINE
8
annotation
62
1
39
211
10
2.212709
20
11.784579
11
2.211988
21
11.784247
0
LINE
8
annotation
62
1
39
211
10
2.211988
20
11.784247
11
2.211329
21
11.783792
0
LINE
8
annotation
62
1
39
211
10
2.211329
20
11.783792
11
2.210749
21
11.783219
0
LINE
8
annotation
62
1
39
211
10
2.210749
20
11.783219
11
2.210265
21
11.782533
0
LINE
8
annotation
62
1
39
211
10
2.210265
20
11.782533
11
2.209655
21
11.781364
0
LINE
8
annotation
62
1
39
211
10
2.238202
20
11.774404
11
2.226771
21
11.774404
0
LINE
8
annotation
62
1
39
211
10
2.250689
20
11.763951
11
2.250689
21
11.784858
0
LINE
8
annotation
62
1
39
211
10
2.250689
20
11.784858
11
2.246041
21
11.780209
0
LINE
8
hole
62
5
39
2
10
3.845560
20
10.581497
11
3.685560
21
10.581497
0
LINE
8
hole
62
5
39
2
10
3.685560
20
10.581497
11
3.685560
21
10.741497
0
LINE
8
hole
62
5
39
2
10
3.685560
20
10.741497
11
3.845560
21
10.741497
0
LINE
8
hole
62
5
39
2
10
3.845560
20
10.741497
11
3.845560
21
10.581497
0
LINE
8
hole
62
5
39
2
10
3.900915
20
11.046199
11
3.740915
21
11.046199
0
LINE
8
hole
62
5
39
2
10
3.740915
20
11.046199
11
3.740915
21
11.206199
0
LINE
8
hole
62
5
39
2
10
3.740915
20
11.206199
11
3.900915
21
11.206199
0
LINE
8
hole
62
5
39
2
10
3.900915
20
11.206199
11
3.900915
21
11.046199
0
LINE
8
boundary
62
5
39
2
10
3.906474
20
10.533952
11
3.920386
21
10.557247
0
LINE
8
boundary
62
5
39
2
10
3.920386
20
10.557247
11
3.962876
21
10.613428
0
LINE
8
boundary
62
5
39
2
10
3.962876
20
10.613428
11
4.005068
21
10.671027
0
LINE
8
boundary
62
5
39
2
10
4.005068
20
10.671027
11
4.043171
21
10.719913
0
LINE
8
boundary
62
5
39
2
10
4.043171
20
10.719913
11
4.091047
21
10.784807
0
LINE
8
boundary
62
5
39
2
10
4.091047
20
10.784807
11
4.111007
21
10.831340
0
LINE
8
boundary
62
5
39
2
10
4.111007
20
10.831340
11
4.123114
21
10.859548
0
LINE
8
boundary
62
5
39
2
10
4.123114
20
10.859548
11
4.130394
21
10.879068
0
LINE
8
boundary
62
5
39
2
10
4.130394
20
10.879068
11
4.137674
21
10.898587
0
LINE
8
boundary
62
5
39
2
10
4.137674
20
10.898587
11
4.147698
21
10.941898
0
LINE
8
boundary
62
5
39
2
10
4.147698
20
10.941898
11
4.165033
21
11.012367
0
LINE
8
boundary
62
5
39
2
10
4.165033
20
11.012367
11
4.160004
21
11.063280
0
LINE
8
boundary
62
5
39
2
10
4.160004
20
11.063280
11
4.153844
21
11.126148
0
LINE
8
boundary
62
5
39
2
10
4.153844
20
11.126148
11
4.148992
21
11.177061
0
LINE
8
boundary
62
5
39
2
10
4.148992
20
11.177061
11
4.143153
21
11.239928
0
LINE
8
boundary
62
5
39
2
10
4.143153
20
11.239928
11
4.134002
21
11.262826
0
LINE
8
boundary
62
5
39
2
10
4.134002
20
11.262826
11
4.123114
21
11.291459
0
LINE
8
boundary
62
5
39
2
10
4.123114
20
11.291459
11
4.109810
21
11.319474
0
LINE
8
boundary
62
5
39
2
10
4.109810
20
11.319474
11
4.094248
21
11.353708
0
LINE
8
boundary
62
5
39
2
10
4.094248
20
11.353708
11
4.049121
21
11.418330
0
LINE
8
boundary
62
5
39
2
10
4.049121
20
11.418330
11
4.017895
21
11.467488
0
LINE
8
boundary
62
5
39
2
10
4.017895
20
11.467488
11
3.967077
21
11.526302
0
LINE
8
boundary
62
5
39
2
10
3.967077
20
11.526302
11
3.913752
21
11.581268
0
LINE
8
boundary
62
5
39
2
10
3.913752
20
11.581268
11
3.895554
21
11.603771
0
LINE
8
boundary
62
5
39
2
10
3.895554
20
11.603771
11
3.842317
21
11.621675
0
LINE
8
boundary
62
5
39
2
10
3.842317
20
11.621675
11
3.781774
21
11.638368
0
LINE
8
boundary
62
5
39
2
10
3.781774
20
11.638368
11
3.730861
21
11.625792
0
LINE
8
boundary
62
5
39
2
10
3.730861
20
11.625792
11
3.667994
21
11.615260
0
LINE
8
boundary
62
5
39
2
10
3.667994
20
11.615260
11
3.617081
21
11.612645
0
LINE
8
boundary
62
5
39
2
10
3.617081
20
11.612645
11
3.554214
21
11.609516
0
LINE
8
boundary
62
5
39
2
10
3.554214
20
11.609516
11
3.525530
21
11.597706
0
LINE
8
boundary
62
5
39
2
10
3.525530
20
11.597706
11
3.485898
21
11.581268
0
LINE
8
boundary
62
5
39
2
10
3.485898
20
11.581268
11
3.463670
21
11.572973
0
LINE
8
boundary
62
5
39
2
10
3.463670
20
11.572973
11
3.440434
21
11.564272
0
LINE
8
boundary
62
5
39
2
10
3.440434
20
11.564272
11
3.383611
21
11.570957
0
LINE
8
boundary
62
5
39
2
10
3.383611
20
11.570957
11
3.326654
21
11.577294
0
LINE
8
boundary
62
5
39
2
10
3.326654
20
11.577294
11
3.277117
21
11.613557
0
LINE
8
boundary
62
5
39
2
10
3.277117
20
11.613557
11
3.212874
21
11.660805
0
LINE
8
boundary
62
5
39
2
10
3.212874
20
11.660805
11
3.191491
21
11.676592
0
LINE
8
boundary
62
5
39
2
10
3.191491
20
11.676592
11
3.166469
21
11.695048
0
LINE
8
boundary
62
5
39
2
10
3.166469
20
11.695048
11
3.136939
21
11.716145
0
LINE
8
boundary
62
5
39
2
10
3.136939
20
11.716145
11
3.099094
21
11.743065
0
LINE
8
boundary
62
5
39
2
10
3.099094
20
11.743065
11
3.053236
21
11.772882
0
LINE
8
boundary
62
5
39
2
10
3.053236
20
11.772882
11
2.996473
21
11.808828
0
LINE
8
boundary
62
5
39
2
10
2.996473
20
11.808828
11
2.934401
21
11.837718
0
LINE
8
boundary
62
5
39
2
10
2.934401
20
11.837718
11
2.871534
21
11.862557
0
LINE
8
boundary
62
5
39
2
10
2.871534
20
11.862557
11
2.806780
21
11.862865
0
LINE
8
boundary
62
5
39
2
10
2.806780
20
11.862865
11
2.757754
21
11.859304
0
LINE
8
boundary
62
5
39
2
10
2.757754
20
11.859304
11
2.744234
21
11.841515
0
LINE
8
boundary
62
5
39
2
10
2.744234
20
11.841515
11
2.719446
21
11.808828
0
LINE
8
boundary
62
5
39
2
10
2.719446
20
11.808828
11
2.738600
21
11.786699
0
LINE
8
boundary
62
5
39
2
10
2.738600
20
11.786699
11
2.757754
21
11.764569
0
LINE
8
boundary
62
5
39
2
10
2.757754
20
11.764569
11
2.776454
21
11.739951
0
LINE
8
boundary
62
5
39
2
10
2.776454
20
11.739951
11
2.806201
21
11.695048
0
LINE
8
boundary
62
5
39
2
10
2.806201
20
11.695048
11
2.837049
21
11.667815
0
LINE
8
boundary
62
5
39
2
10
2.837049
20
11.667815
11
2.871534
21
11.636554
0
LINE
8
boundary
62
5
39
2
10
2.871534
20
11.636554
11
2.899858
21
11.612874
0
LINE
8
boundary
62
5
39
2
10
2.899858
20
11.612874
11
2.937526
21
11.581268
0
LINE
8
boundary
62
5
39
2
10
2.937526
20
11.581268
11
2.960115
21
11.563245
0
LINE
8
boundary
62
5
39
2
10
2.960115
20
11.563245
11
2.985314
21
11.543125
0
LINE
8
boundary
62
5
39
2
10
2.985314
20
11.543125
11
3.040743
21
11.498764
0
LINE
8
boundary
62
5
39
2
10
3.040743
20
11.498764
11
3.080001
21
11.467488
0
LINE
8
boundary
62
5
39
2
10
3.080001
20
11.467488
11
3.099094
21
11.452810
0
LINE
8
boundary
62
5
39
2
10
3.099094
20
11.452810
11
3.136700
21
11.415931
0
LINE
8
boundary
62
5
39
2
10
3.136700
20
11.415931
11
3.197600
21
11.353708
0
LINE
8
boundary
62
5
39
2
10
3.197600
20
11.353708
11
3.178140
21
11.302795
0
LINE
8
boundary
62
5
39
2
10
3.178140
20
11.302795
11
3.153224
21
11.239928
0
LINE
8
boundary
62
5
39
2
10
3.153224
20
11.239928
11
3.148607
21
11.189015
0
LINE
8
boundary
62
5
39
2
10
3.148607
20
11.189015
11
3.143659
21
11.126148
0
LINE
8
boundary
62
5
39
2
10
3.143659
20
11.126148
11
3.125131
21
11.064302
0
LINE
8
boundary
62
5
39
2
10
3.125131
20
11.064302
11
3.107669
21
11.012367
0
LINE
8
boundary
62
5
39
2
10
3.107669
20
11.012367
11
3.043693
21
10.994143
0
LINE
8
boundary
62
5
39
2
10
3.043693
20
10.994143
11
2.985314
21
10.982377
0
LINE
8
boundary
62
5
39
2
10
2.985314
20
10.982377
11
2.934401
21
10.972788
0
LINE
8
boundary
62
5
39
2
10
2.934401
20
10.972788
11
2.871534
21
10.960747
0
LINE
8
boundary
62
5
39
2
10
2.871534
20
10.960747
11
2.820621
21
10.950499
0
LINE
8
boundary
62
5
39
2
10
2.820621
20
10.950499
11
2.757754
21
10.937614
0
LINE
8
boundary
62
5
39
2
10
2.757754
20
10.937614
11
2.708179
21
10.927972
0
LINE
8
boundary
62
5
39
2
10
2.708179
20
10.927972
11
2.682104
21
10.922181
0
LINE
8
boundary
62
5
39
2
10
2.682104
20
10.922181
11
2.643974
21
10.914655
0
LINE
8
boundary
62
5
39
2
10
2.643974
20
10.914655
11
2.603902
21
10.904944
0
LINE
8
boundary
62
5
39
2
10
2.603902
20
10.904944
11
2.577519
21
10.898587
0
LINE
8
boundary
62
5
39
2
10
2.577519
20
10.898587
11
2.530193
21
10.886808
0
LINE
8
boundary
62
5
39
2
10
2.530193
20
10.886808
11
2.485125
21
10.854737
0
LINE
8
boundary
62
5
39
2
10
2.485125
20
10.854737
11
2.416413
21
10.805030
0
LINE
8
boundary
62
5
39
2
10
2.416413
20
10.805030
11
2.401862
21
10.784807
0
LINE
8
boundary
62
5
39
2
10
2.401862
20
10.784807
11
2.416413
21
10.764179
0
LINE
8
boundary
62
5
39
2
10
2.416413
20
10.764179
11
2.456805
21
10.721974
0
LINE
8
boundary
62
5
39
2
10
2.456805
20
10.721974
11
2.509027
21
10.671027
0
LINE
8
boundary
62
5
39
2
10
2.509027
20
10.671027
11
2.530193
21
10.652912
0
LINE
8
boundary
62
5
39
2
10
2.530193
20
10.652912
11
2.576569
21
10.656516
0
LINE
8
boundary
62
5
39
2
10
2.576569
20
10.656516
11
2.643974
21
10.662668
0
LINE
8
boundary
62
5
39
2
10
2.643974
20
10.662668
11
2.665954
21
10.666603
0
LINE
8
boundary
62
5
39
2
10
2.665954
20
10.666603
11
2.689910
21
10.671027
0
LINE
8
boundary
62
5
39
2
10
2.689910
20
10.671027
11
2.724770
21
10.677488
0
LINE
8
boundary
62
5
39
2
10
2.724770
20
10.677488
11
2.757754
21
10.683758
0
LINE
8
boundary
62
5
39
2
10
2.757754
20
10.683758
11
2.806626
21
10.692795
0
LINE
8
boundary
62
5
39
2
10
2.806626
20
10.692795
11
2.826995
21
10.696718
0
LINE
8
boundary
62
5
39
2
10
2.826995
20
10.696718
11
2.871534
21
10.705053
0
LINE
8
boundary
62
5
39
2
10
2.871534
20
10.705053
11
2.922447
21
10.714431
0
LINE
8
boundary
62
5
39
2
10
2.922447
20
10.714431
11
2.985314
21
10.726011
0
LINE
8
boundary
62
5
39
2
10
2.985314
20
10.726011
11
3.036227
21
10.735343
0
LINE
8
boundary
62
5
39
2
10
3.036227
20
10.735343
11
3.099094
21
10.746866
0
LINE
8
boundary
62
5
39
2
10
3.099094
20
10.746866
11
3.159751
21
10.757555
0
LINE
8
boundary
62
5
39
2
10
3.159751
20
10.757555
11
3.212874
21
10.766853
0
LINE
8
boundary
62
5
39
2
10
3.212874
20
10.766853
11
3.257123
21
10.736133
0
LINE
8
boundary
62
5
39
2
10
3.257123
20
10.736133
11
3.326654
21
10.686244
0
LINE
8
boundary
62
5
39
2
10
3.326654
20
10.686244
11
3.354498
21
10.620114
0
LINE
8
boundary
62
5
39
2
10
3.354498
20
10.620114
11
3.374253
21
10.557247
0
LINE
8
boundary
62
5
39
2
10
3.374253
20
10.557247
11
3.359627
21
10.507320
0
LINE
8
boundary
62
5
39
2
10
3.359627
20
10.507320
11
3.338765
21
10.443467
0
LINE
8
boundary
62
5
39
2
10
3.338765
20
10.443467
11
3.343492
21
10.420352
0
LINE
8
boundary
62
5
39
2
10
3.343492
20
10.420352
11
3.336887
21
10.343734
0
LINE
8
boundary
62
5
39
2
10
3.336887
20
10.343734
11
3.384365
21
10.290184
0
LINE
8
boundary
62
5
39
2
10
3.384365
20
10.290184
11
3.440434
21
10.273597
0
LINE
8
boundary
62
5
39
2
10
3.440434
20
10.273597
11
3.478801
21
10.288245
0
LINE
8
boundary
62
5
39
2
10
3.478801
20
10.288245
11
3.554214
21
10.311257
0
LINE
8
boundary
62
5
39
2
10
3.554214
20
10.311257
11
3.581508
21
10.329687
0
LINE
8
boundary
62
5
39
2
10
3.581508
20
10.329687
11
3.615417
21
10.337082
0
LINE
8
boundary
62
5
39
2
10
3.615417
20
10.337082
11
3.667994
21
10.343642
0
LINE
8
boundary
62
5
39
2
10
3.667994
20
10.343642
11
3.718907
21
10.365416
0
LINE
8
boundary
62
5
39
2
10
3.718907
20
10.365416
11
3.781774
21
10.391883
0
LINE
8
boundary
62
5
39
2
10
3.781774
20
10.391883
11
3.807571
21
10.414196
0
LINE
8
boundary
62
5
39
2
10
3.807571
20
10.414196
11
3.841311
21
10.443467
0
LINE
8
boundary
62
5
39
2
10
3.841311
20
10.443467
11
3.866427
21
10.476892
0
LINE
8
boundary
62
5
39
2
10
3.866427
20
10.476892
11
3.895554
21
10.516464
0
LINE
8
boundary
62
5
39
2
10
3.895554
20
10.516464
11
3.906474
21
10.533952
0
LINE
8
annotation
62
1
39
211
10
3.286874
20
11.059854
11
3.230488
21
11.059854
0
LINE
8
annotation
62
1
39
211
10
3.230488
20
11.059854
11
3.282591
21
11.143733
0
LINE
8
annotation
62
1
39
211
10
3.282591
20
11.143733
11
3.282591
21
11.143733
0
LINE
8
annotation
62
1
39
211
10
3.282591
20
11.143733
11
3.282653
21
11.143810
0
LINE
8
annotation
62
1
39
211
10
3.282653
20
11.143810
11
3.282713
21
11.143888
0
LINE
8
annotation
62
1
39
211
10
3.282713
20
11.143888
11
3.282770
21
11.143967
0
LINE
8
annotation
62
1
39
211
10
3.282770
20
11.143967
11
3.282826
21
11.144048
0
LINE
8
annotation
62
1
39
211
10
3.282826
20
11.144048
11
3.282880
21
11.144132
0
LINE
8
annotation
62
1
39
211
10
3.282880
20
11.144132
11
3.282934
21
11.144219
0
LINE
8
annotation
62
1
39
211
10
3.282934
20
11.144219
11
3.282987
21
11.144310
0
LINE
8
annotation
62
1
39
211
10
3.282987
20
11.144310
11
3.283039
21
11.144405
0
LINE
8
annotation
62
1
39
211
10
3.283039
20
11.144405
11
3.283092
21
11.144506
0
LINE
8
annotation
62
1
39
211
10
3.283092
20
11.144506
11
3.283092
21
11.144506
0
LINE
8
annotation
62
1
39
211
10
3.283092
20
11.144506
11
3.285244
21
11.149125
0
LINE
8
annotation
62
1
39
211
10
3.285244
20
11.149125
11
3.286500
21
11.153913
0
LINE
8
annotation
62
1
39
211
10
3.286500
20
11.153913
11
3.286893
21
11.158762
0
LINE
8
annotation
62
1
39
211
10
3.286893
20
11.158762
11
3.286453
21
11.163563
0
LINE
8
annotation
62
1
39
211
10
3.286453
20
11.163563
11
3.285211
21
11.168209
0
LINE
8
annotation
62
1
39
211
10
3.285211
20
11.168209
11
3.283198
21
11.172591
0
LINE
8
annotation
62
1
39
211
10
3.283198
20
11.172591
11
3.280444
21
11.176601
0
LINE
8
annotation
62
1
39
211
10
3.280444
20
11.176601
11
3.276980
21
11.180131
0
LINE
8
annotation
62
1
39
211
10
3.276980
20
11.180131
11
3.272837
21
11.183073
0
LINE
8
annotation
62
1
39
211
10
3.272837
20
11.183073
11
3.272837
21
11.183073
0
LINE
8
annotation
62
1
39
211
10
3.272837
20
11.183073
11
3.268205
21
11.185194
0
LINE
8
annotation
62
1
39
211
10
3.268205
20
11.185194
11
3.263410
21
11.186431
0
LINE
8
annotation
62
1
39
211
10
3.263410
20
11.186431
11
3.258558
21
11.186813
0
LINE
8
annotation
62
1
39
211
10
3.258558
20
11.186813
11
3.253758
21
11.186367
0
LINE
8
annotation
62
1
39
211
10
3.253758
20
11.186367
11
3.249115
21
11.185122
0
LINE
8
annotation
62
1
39
211
10
3.249115
20
11.185122
11
3.244738
21
11.183104
0
LINE
8
annotation
62
1
39
211
10
3.244738
20
11.183104
11
3.240733
21
11.180343
0
LINE
8
annotation
62
1
39
211
10
3.240733
20
11.180343
11
3.237208
21
11.176865
0
LINE
8
annotation
62
1
39
211
10
3.237208
20
11.176865
11
3.234270
21
11.172699
0
LINE
8
annotation
62
1
39
211
10
3.234270
20
11.172699
11
3.230567
21
11.165597
0
LINE
8
annotation
62
1
39
211
10
3.376844
20
11.186816
11
3.376844
21
11.186816
0
LINE
8
annotation
62
1
39
211
10
3.376844
20
11.186816
11
3.368767
21
11.183788
0
LINE
8
annotation
62
1
39
211
10
3.368767
20
11.183788
11
3.361356
21
11.179708
0
LINE
8
annotation
62
1
39
211
10
3.361356
20
11.179708
11
3.354686
21
11.174678
0
LINE
8
annotation
62
1
39
211
10
3.354686
20
11.174678
11
3.348833
21
11.168800
0
LINE
8
annotation
62
1
39
211
10
3.348833
20
11.168800
11
3.343874
21
11.162178
0
LINE
8
annotation
62
1
39
211
10
3.343874
20
11.162178
11
3.339884
21
11.154912
0
LINE
8
annotation
62
1
39
211
10
3.339884
20
11.154912
11
3.336941
21
11.147105
0
LINE
8
annotation
62
1
39
211
10
3.336941
20
11.147105
11
3.335118
21
11.138860
0
LINE
8
annotation
62
1
39
211
10
3.335118
20
11.138860
11
3.334494
21
11.130279
0
LINE
8
annotation
62
1
39
211
10
3.334494
20
11.130279
11
3.334494
21
11.088080
0
LINE
8
annotation
62
1
39
211
10
3.334494
20
11.088080
11
3.334494
21
11.088080
0
LINE
8
annotation
62
1
39
211
10
3.334494
20
11.088080
11
3.334949
21
11.083009
0
LINE
8
annotation
62
1
39
211
10
3.334949
20
11.083009
11
3.336261
21
11.078235
0
LINE
8
annotation
62
1
39
211
10
3.336261
20
11.078235
11
3.338350
21
11.073838
0
LINE
8
annotation
62
1
39
211
10
3.338350
20
11.073838
11
3.341134
21
11.069898
0
LINE
8
annotation
62
1
39
211
10
3.341134
20
11.069898
11
3.344535
21
11.066496
0
LINE
8
annotation
62
1
39
211
10
3.344535
20
11.066496
11
3.348471
21
11.063710
0
LINE
8
annotation
62
1
39
211
10
3.348471
20
11.063710
11
3.352862
21
11.061622
0
LINE
8
annotation
62
1
39
211
10
3.352862
20
11.061622
11
3.357627
21
11.060310
0
LINE
8
annotation
62
1
39
211
10
3.357627
20
11.060310
11
3.362687
21
11.059855
0
LINE
8
annotation
62
1
39
211
10
3.362687
20
11.059855
11
3.362687
21
11.059855
0
LINE
8
annotation
62
1
39
211
10
3.362687
20
11.059855
11
3.367758
21
11.060310
0
LINE
8
annotation
62
1
39
211
10
3.367758
20
11.060310
11
3.372529
21
11.061622
0
LINE
8
annotation
62
1
39
211
10
3.372529
20
11.061622
11
3.376922
21
11.063710
0
LINE
8
annotation
62
1
39
211
10
3.376922
20
11.063710
11
3.380856
21
11.066496
0
LINE
8
annotation
62
1
39
211
10
3.380856
20
11.066496
11
3.384253
21
11.069898
0
LINE
8
annotation
62
1
39
211
10
3.384253
20
11.069898
11
3.387034
21
11.073838
0
LINE
8
annotation
62
1
39
211
10
3.387034
20
11.073838
11
3.389118
21
11.078235
0
LINE
8
annotation
62
1
39
211
10
3.389118
20
11.078235
11
3.390427
21
11.083009
0
LINE
8
annotation
62
1
39
211
10
3.390427
20
11.083009
11
3.390881
21
11.088080
0
LINE
8
annotation
62
1
39
211
10
3.390881
20
11.088080
11
3.390881
21
11.102125
0
LINE
8
annotation
62
1
39
211
10
3.390881
20
11.102125
11
3.390881
21
11.102125
0
LINE
8
annotation
62
1
39
211
10
3.390881
20
11.102125
11
3.390427
21
11.107195
0
LINE
8
annotation
62
1
39
211
10
3.390427
20
11.107195
11
3.389118
21
11.111962
0
LINE
8
annotation
62
1
39
211
10
3.389118
20
11.111962
11
3.387034
21
11.116349
0
LINE
8
annotation
62
1
39
211
10
3.387034
20
11.116349
11
3.384253
21
11.120278
0
LINE
8
annotation
62
1
39
211
10
3.384253
20
11.120278
11
3.380856
21
11.123668
0
LINE
8
annotation
62
1
39
211
10
3.380856
20
11.123668
11
3.376922
21
11.126442
0
LINE
8
annotation
62
1
39
211
10
3.376922
20
11.126442
11
3.372529
21
11.128521
0
LINE
8
annotation
62
1
39
211
10
3.372529
20
11.128521
11
3.367758
21
11.129826
0
LINE
8
annotation
62
1
39
211
10
3.367758
20
11.129826
11
3.362687
21
11.130279
0
LINE
8
annotation
62
1
39
211
10
3.362687
20
11.130279
11
3.334494
21
11.130279
0
LINE
8
annotation
62
1
39
211
10
3.330963
20
11.043985
11
3.394444
21
11.043985
0
LINE
8
annotation
62
1
39
211
10
3.507923
20
11.123336
11
3.438503
21
11.123336
0
LINE
8
annotation
62
1
39
211
10
3.555521
20
11.059855
11
3.583715
21
11.059855
0
LINE
8
annotation
62
1
39
211
10
3.583715
20
11.059855
11
3.583715
21
11.059855
0
LINE
8
annotation
62
1
39
211
10
3.583715
20
11.059855
11
3.588775
21
11.060310
0
LINE
8
annotation
62
1
39
211
10
3.588775
20
11.060310
11
3.593540
21
11.061622
0
LINE
8
annotation
62
1
39
211
10
3.593540
20
11.061622
11
3.597931
21
11.063710
0
LINE
8
annotation
62
1
39
211
10
3.597931
20
11.063710
11
3.601867
21
11.066496
0
LINE
8
annotation
62
1
39
211
10
3.601867
20
11.066496
11
3.605268
21
11.069898
0
LINE
8
annotation
62
1
39
211
10
3.605268
20
11.069898
11
3.608052
21
11.073838
0
LINE
8
annotation
62
1
39
211
10
3.608052
20
11.073838
11
3.610141
21
11.078235
0
LINE
8
annotation
62
1
39
211
10
3.610141
20
11.078235
11
3.611453
21
11.083009
0
LINE
8
annotation
62
1
39
211
10
3.611453
20
11.083009
11
3.611908
21
11.088080
0
LINE
8
annotation
62
1
39
211
10
3.611908
20
11.088080
11
3.611908
21
11.102125
0
LINE
8
annotation
62
1
39
211
10
3.611908
20
11.102125
11
3.611908
21
11.102125
0
LINE
8
annotation
62
1
39
211
10
3.611908
20
11.102125
11
3.611453
21
11.107195
0
LINE
8
annotation
62
1
39
211
10
3.611453
20
11.107195
11
3.610141
21
11.111962
0
LINE
8
annotation
62
1
39
211
10
3.610141
20
11.111962
11
3.608054
21
11.116349
0
LINE
8
annotation
62
1
39
211
10
3.608054
20
11.116349
11
3.605270
21
11.120278
0
LINE
8
annotation
62
1
39
211
10
3.605270
20
11.120278
11
3.601870
21
11.123668
0
LINE
8
annotation
62
1
39
211
10
3.601870
20
11.123668
11
3.597935
21
11.126442
0
LINE
8
annotation
62
1
39
211
10
3.597935
20
11.126442
11
3.593544
21
11.128521
0
LINE
8
annotation
62
1
39
211
10
3.593544
20
11.128521
11
3.588777
21
11.129826
0
LINE
8
annotation
62
1
39
211
10
3.588777
20
11.129826
11
3.583715
21
11.130279
0
LINE
8
annotation
62
1
39
211
10
3.583715
20
11.130279
11
3.555521
21
11.130279
0
LINE
8
annotation
62
1
39
211
10
3.555521
20
11.130279
11
3.555521
21
11.186816
0
LINE
8
annotation
62
1
39
211
10
3.555521
20
11.186816
11
3.611908
21
11.186816
0
LINE
8
boundary
62
5
39
2
10
4.440033
20
10.282972
11
4.440033
21
11.764222
0
LINE
8
boundary
62
5
39
2
10
4.440033
20
11.764222
11
4.299408
21
11.773597
0
LINE
8
boundary
62
5
39
2
10
4.299408
20
11.773597
11
4.290033
21
10.282972
0
LINE
8
boundary
62
5
39
2
10
4.290033
20
10.282972
11
4.430658
21
10.273597
0
LINE
8
boundary
62
5
39
2
10
4.430658
20
10.273597
11
4.440033
21
10.282972
0
LINE
8
annotation
62
1
39
211
10
4.312362
20
11.010995
11
4.316864
21
11.010995
0
LINE
8
annotation
62
1
39
211
10
4.316864
20
11.010995
11
4.316864
21
11.010995
0
LINE
8
annotation
62
1
39
211
10
4.316864
20
11.010995
11
4.317401
21
11.011043
0
LINE
8
annotation
62
1
39
211
10
4.317401
20
11.011043
11
4.317907
21
11.011183
0
LINE
8
annotation
62
1
39
211
10
4.317907
20
11.011183
11
4.318373
21
11.011405
0
LINE
8
annotation
62
1
39
211
10
4.318373
20
11.011405
11
4.318791
21
11.011701
0
LINE
8
annotation
62
1
39
211
10
4.318791
20
11.011701
11
4.319153
21
11.012063
0
LINE
8
annotation
62
1
39
211
10
4.319153
20
11.012063
11
4.319448
21
11.012482
0
LINE
8
annotation
62
1
39
211
10
4.319448
20
11.012482
11
4.319670
21
11.012950
0
LINE
8
annotation
62
1
39
211
10
4.319670
20
11.012950
11
4.319810
21
11.013457
0
LINE
8
annotation
62
1
39
211
10
4.319810
20
11.013457
11
4.319858
21
11.013997
0
LINE
8
annotation
62
1
39
211
10
4.319858
20
11.013997
11
4.319858
21
11.021486
0
LINE
8
annotation
62
1
39
211
10
4.319858
20
11.021486
11
4.319858
21
11.021486
0
LINE
8
annotation
62
1
39
211
10
4.319858
20
11.021486
11
4.319810
21
11.022025
0
LINE
8
annotation
62
1
39
211
10
4.319810
20
11.022025
11
4.319670
21
11.022533
0
LINE
8
annotation
62
1
39
211
10
4.319670
20
11.022533
11
4.319448
21
11.023000
0
LINE
8
annotation
62
1
39
211
10
4.319448
20
11.023000
11
4.319153
21
11.023419
0
LINE
8
annotation
62
1
39
211
10
4.319153
20
11.023419
11
4.318791
21
11.023781
0
LINE
8
annotation
62
1
39
211
10
4.318791
20
11.023781
11
4.318373
21
11.024078
0
LINE
8
annotation
62
1
39
211
10
4.318373
20
11.024078
11
4.317907
21
11.024300
0
LINE
8
annotation
62
1
39
211
10
4.317907
20
11.024300
11
4.317401
21
11.024440
0
LINE
8
annotation
62
1
39
211
10
4.317401
20
11.024440
11
4.316864
21
11.024488
0
LINE
8
annotation
62
1
39
211
10
4.316864
20
11.024488
11
4.312362
21
11.024488
0
LINE
8
annotation
62
1
39
211
10
4.312362
20
11.024488
11
4.312362
21
11.010987
0
LINE
8
annotation
62
1
39
211
10
4.312362
20
11.010987
11
4.312362
21
11.010995
0
LINE
8
annotation
62
1
39
211
10
4.324921
20
11.013989
11
4.324921
21
11.013989
0
LINE
8
annotation
62
1
39
211
10
4.324921
20
11.013989
11
4.324969
21
11.013450
0
LINE
8
annotation
62
1
39
211
10
4.324969
20
11.013450
11
4.325109
21
11.012942
0
LINE
8
annotation
62
1
39
211
10
4.325109
20
11.012942
11
4.325331
21
11.012474
0
LINE
8
annotation
62
1
39
211
10
4.325331
20
11.012474
11
4.325627
21
11.012055
0
LINE
8
annotation
62
1
39
211
10
4.325627
20
11.012055
11
4.325989
21
11.011693
0
LINE
8
annotation
62
1
39
211
10
4.325989
20
11.011693
11
4.326408
21
11.011397
0
LINE
8
annotation
62
1
39
211
10
4.326408
20
11.011397
11
4.326876
21
11.011175
0
LINE
8
annotation
62
1
39
211
10
4.326876
20
11.011175
11
4.327384
21
11.011035
0
LINE
8
annotation
62
1
39
211
10
4.327384
20
11.011035
11
4.327923
21
11.010987
0
LINE
8
annotation
62
1
39
211
10
4.327923
20
11.010987
11
4.327923
21
11.010987
0
LINE
8
annotation
62
1
39
211
10
4.327923
20
11.010987
11
4.328463
21
11.011035
0
LINE
8
annotation
62
1
39
211
10
4.328463
20
11.011035
11
4.328970
21
11.011175
0
LINE
8
annotation
62
1
39
211
10
4.328970
20
11.011175
11
4.329438
21
11.011397
0
LINE
8
annotation
62
1
39
211
10
4.329438
20
11.011397
11
4.329857
21
11.011693
0
LINE
8
annotation
62
1
39
211
10
4.329857
20
11.011693
11
4.330219
21
11.012055
0
LINE
8
annotation
62
1
39
211
10
4.330219
20
11.012055
11
4.330515
21
11.012474
0
LINE
8
annotation
62
1
39
211
10
4.330515
20
11.012474
11
4.330737
21
11.012942
0
LINE
8
annotation
62
1
39
211
10
4.330737
20
11.012942
11
4.330876
21
11.013450
0
LINE
8
annotation
62
1
39
211
10
4.330876
20
11.013450
11
4.330925
21
11.013989
0
LINE
8
annotation
62
1
39
211
10
4.330925
20
11.013989
11
4.330925
21
11.016983
0
LINE
8
annotation
62
1
39
211
10
4.330925
20
11.016983
11
4.330925
21
11.016983
0
LINE
8
annotation
62
1
39
211
10
4.330925
20
11.016983
11
4.330876
21
11.017522
0
LINE
8
annotation
62
1
39
211
10
4.330876
20
11.017522
11
4.330737
21
11.018029
0
LINE
8
annotation
62
1
39
211
10
4.330737
20
11.018029
11
4.330515
21
11.018496
0
LINE
8
annotation
62
1
39
211
10
4.330515
20
11.018496
11
4.330218
21
11.018913
0
LINE
8
annotation
62
1
39
211
10
4.330218
20
11.018913
11
4.329856
21
11.019274
0
LINE
8
annotation
62
1
39
211
10
4.329856
20
11.019274
11
4.329438
21
11.019569
0
LINE
8
annotation
62
1
39
211
10
4.329438
20
11.019569
11
4.328970
21
11.019790
0
LINE
8
annotation
62
1
39
211
10
4.328970
20
11.019790
11
4.328462
21
11.019929
0
LINE
8
annotation
62
1
39
211
10
4.328462
20
11.019929
11
4.327923
21
11.019977
0
LINE
8
annotation
62
1
39
211
10
4.327923
20
11.019977
11
4.327923
21
11.019977
0
LINE
8
annotation
62
1
39
211
10
4.327923
20
11.019977
11
4.327384
21
11.019929
0
LINE
8
annotation
62
1
39
211
10
4.327384
20
11.019929
11
4.326876
21
11.019790
0
LINE
8
annotation
62
1
39
211
10
4.326876
20
11.019790
11
4.326408
21
11.019569
0
LINE
8
annotation
62
1
39
211
10
4.326408
20
11.019569
11
4.325989
21
11.019274
0
LINE
8
annotation
62
1
39
211
10
4.325989
20
11.019274
11
4.325627
21
11.018913
0
LINE
8
annotation
62
1
39
211
10
4.325627
20
11.018913
11
4.325331
21
11.018496
0
LINE
8
annotation
62
1
39
211
10
4.325331
20
11.018496
11
4.325109
21
11.018029
0
LINE
8
annotation
62
1
39
211
10
4.325109
20
11.018029
11
4.324969
21
11.017522
0
LINE
8
annotation
62
1
39
211
10
4.324969
20
11.017522
11
4.324921
21
11.016983
0
LINE
8
annotation
62
1
39
211
10
4.324921
20
11.016983
11
4.324921
21
11.013989
0
LINE
8
annotation
62
1
39
211
10
4.344994
20
11.019977
11
4.342738
21
11.010987
0
LINE
8
annotation
62
1
39
211
10
4.342738
20
11.010987
11
4.340491
21
11.016983
0
LINE
8
annotation
62
1
39
211
10
4.340491
20
11.016983
11
4.338244
21
11.010987
0
LINE
8
annotation
62
1
39
211
10
4.338244
20
11.010987
11
4.335988
21
11.019977
0
LINE
8
annotation
62
1
39
211
10
4.350058
20
11.015490
11
4.356054
21
11.015490
0
LINE
8
annotation
62
1
39
211
10
4.356054
20
11.015490
11
4.356054
21
11.016994
0
LINE
8
annotation
62
1
39
211
10
4.356054
20
11.016994
11
4.356054
21
11.016994
0
LINE
8
annotation
62
1
39
211
10
4.356054
20
11.016994
11
4.356006
21
11.017532
0
LINE
8
annotation
62
1
39
211
10
4.356006
20
11.017532
11
4.355866
21
11.018039
0
LINE
8
annotation
62
1
39
211
10
4.355866
20
11.018039
11
4.355645
21
11.018506
0
LINE
8
annotation
62
1
39
211
10
4.355645
20
11.018506
11
4.355349
21
11.018925
0
LINE
8
annotation
62
1
39
211
10
4.355349
20
11.018925
11
4.354988
21
11.019286
0
LINE
8
annotation
62
1
39
211
10
4.354988
20
11.019286
11
4.354569
21
11.019582
0
LINE
8
annotation
62
1
39
211
10
4.354569
20
11.019582
11
4.354102
21
11.019805
0
LINE
8
annotation
62
1
39
211
10
4.354102
20
11.019805
11
4.353595
21
11.019944
0
LINE
8
annotation
62
1
39
211
10
4.353595
20
11.019944
11
4.353056
21
11.019992
0
LINE
8
annotation
62
1
39
211
10
4.353056
20
11.019992
11
4.353056
21
11.019992
0
LINE
8
annotation
62
1
39
211
10
4.353056
20
11.019992
11
4.352518
21
11.019944
0
LINE
8
annotation
62
1
39
211
10
4.352518
20
11.019944
11
4.352011
21
11.019805
0
LINE
8
annotation
62
1
39
211
10
4.352011
20
11.019805
11
4.351544
21
11.019582
0
LINE
8
annotation
62
1
39
211
10
4.351544
20
11.019582
11
4.351125
21
11.019286
0
LINE
8
annotation
62
1
39
211
10
4.351125
20
11.019286
11
4.350764
21
11.018925
0
LINE
8
annotation
62
1
39
211
10
4.350764
20
11.018925
11
4.350468
21
11.018506
0
LINE
8
annotation
62
1
39
211
10
4.350468
20
11.018506
11
4.350245
21
11.018039
0
LINE
8
annotation
62
1
39
211
10
4.350245
20
11.018039
11
4.350106
21
11.017532
0
LINE
8
annotation
62
1
39
211
10
4.350106
20
11.017532
11
4.350058
21
11.016994
0
LINE
8
annotation
62
1
39
211
10
4.350058
20
11.016994
11
4.350058
21
11.013246
0
LINE
8
annotation
62
1
39
211
10
4.350058
20
11.013246
11
4.350058
21
11.013246
0
LINE
8
annotation
62
1
39
211
10
4.350058
20
11.013246
11
4.350094
21
11.012839
0
LINE
8
annotation
62
1
39
211
10
4.350094
20
11.012839
11
4.350198
21
11.012456
0
LINE
8
annotation
62
1
39
211
10
4.350198
20
11.012456
11
4.350365
21
11.012104
0
LINE
8
annotation
62
1
39
211
10
4.350365
20
11.012104
11
4.350587
21
11.011789
0
LINE
8
annotation
62
1
39
211
10
4.350587
20
11.011789
11
4.350859
21
11.011517
0
LINE
8
annotation
62
1
39
211
10
4.350859
20
11.011517
11
4.351173
21
11.011294
0
LINE
8
annotation
62
1
39
211
10
4.351173
20
11.011294
11
4.351523
21
11.011127
0
LINE
8
annotation
62
1
39
211
10
4.351523
20
11.011127
11
4.351904
21
11.011023
0
LINE
8
annotation
62
1
39
211
10
4.351904
20
11.011023
11
4.352309
21
11.010986
0
LINE
8
annotation
62
1
39
211
10
4.352309
20
11.010986
11
4.356053
21
11.010986
0
LINE
8
annotation
62
1
39
211
10
4.362626
20
11.010984
11
4.362626
21
11.010984
0
LINE
8
annotation
62
1
39
211
10
4.362626
20
11.010984
11
4.362354
21
11.011009
0
LINE
8
annotation
62
1
39
211
10
4.362354
20
11.011009
11
4.362098
21
11.011079
0
LINE
8
annotation
62
1
39
211
10
4.362098
20
11.011079
11
4.361863
21
11.011190
0
LINE
8
annotation
62
1
39
211
10
4.361863
20
11.011190
11
4.361652
21
11.011338
0
LINE
8
annotation
62
1
39
211
10
4.361652
20
11.011338
11
4.361471
21
11.011520
0
LINE
8
annotation
62
1
39
211
10
4.361471
20
11.011520
11
4.361322
21
11.011731
0
LINE
8
annotation
62
1
39
211
10
4.361322
20
11.011731
11
4.361210
21
11.011966
0
LINE
8
annotation
62
1
39
211
10
4.361210
20
11.011966
11
4.361141
21
11.012222
0
LINE
8
annotation
62
1
39
211
10
4.361141
20
11.012222
11
4.361116
21
11.012494
0
LINE
8
annotation
62
1
39
211
10
4.361116
20
11.012494
11
4.361116
21
11.024499
0
LINE
8
annotation
62
1
39
211
10
4.375073
20
11.017737
11
4.367691
21
11.017737
0
LINE
8
annotation
62
1
39
211
10
4.384638
20
11.024488
11
4.384638
21
11.024488
0
LINE
8
annotation
62
1
39
211
10
4.384638
20
11.024488
11
4.383779
21
11.024166
0
LINE
8
annotation
62
1
39
211
10
4.383779
20
11.024166
11
4.382991
21
11.023732
0
LINE
8
annotation
62
1
39
211
10
4.382991
20
11.023732
11
4.382282
21
11.023197
0
LINE
8
annotation
62
1
39
211
10
4.382282
20
11.023197
11
4.381660
21
11.022572
0
LINE
8
annotation
62
1
39
211
10
4.381660
20
11.022572
11
4.381132
21
11.021868
0
LINE
8
annotation
62
1
39
211
10
4.381132
20
11.021868
11
4.380708
21
11.021095
0
LINE
8
annotation
62
1
39
211
10
4.380708
20
11.021095
11
4.380395
21
11.020265
0
LINE
8
annotation
62
1
39
211
10
4.380395
20
11.020265
11
4.380201
21
11.019388
0
LINE
8
annotation
62
1
39
211
10
4.380201
20
11.019388
11
4.380135
21
11.018476
0
LINE
8
annotation
62
1
39
211
10
4.380135
20
11.018476
11
4.380135
21
11.013988
0
LINE
8
annotation
62
1
39
211
10
4.380135
20
11.013988
11
4.380135
21
11.013988
0
LINE
8
annotation
62
1
39
211
10
4.380135
20
11.013988
11
4.380183
21
11.013449
0
LINE
8
annotation
62
1
39
211
10
4.380183
20
11.013449
11
4.380323
21
11.012941
0
LINE
8
annotation
62
1
39
211
10
4.380323
20
11.012941
11
4.380545
21
11.012474
0
LINE
8
annotation
62
1
39
211
10
4.380545
20
11.012474
11
4.380841
21
11.012055
0
LINE
8
annotation
62
1
39
211
10
4.380841
20
11.012055
11
4.381203
21
11.011693
0
LINE
8
annotation
62
1
39
211
10
4.381203
20
11.011693
11
4.381621
21
11.011397
0
LINE
8
annotation
62
1
39
211
10
4.381621
20
11.011397
11
4.382088
21
11.011174
0
LINE
8
annotation
62
1
39
211
10
4.382088
20
11.011174
11
4.382595
21
11.011035
0
LINE
8
annotation
62
1
39
211
10
4.382595
20
11.011035
11
4.383133
21
11.010987
0
LINE
8
annotation
62
1
39
211
10
4.383133
20
11.010987
11
4.383133
21
11.010987
0
LINE
8
annotation
62
1
39
211
10
4.383133
20
11.010987
11
4.383672
21
11.011035
0
LINE
8
annotation
62
1
39
211
10
4.383672
20
11.011035
11
4.384180
21
11.011174
0
LINE
8
annotation
62
1
39
211
10
4.384180
20
11.011174
11
4.384647
21
11.011397
0
LINE
8
annotation
62
1
39
211
10
4.384647
20
11.011397
11
4.385065
21
11.011693
0
LINE
8
annotation
62
1
39
211
10
4.385065
20
11.011693
11
4.385426
21
11.012055
0
LINE
8
annotation
62
1
39
211
10
4.385426
20
11.012055
11
4.385722
21
11.012474
0
LINE
8
annotation
62
1
39
211
10
4.385722
20
11.012474
11
4.385944
21
11.012941
0
LINE
8
annotation
62
1
39
211
10
4.385944
20
11.012941
11
4.386083
21
11.013449
0
LINE
8
annotation
62
1
39
211
10
4.386083
20
11.013449
11
4.386131
21
11.013988
0
LINE
8
annotation
62
1
39
211
10
4.386131
20
11.013988
11
4.386131
21
11.015482
0
LINE
8
annotation
62
1
39
211
10
4.386131
20
11.015482
11
4.386131
21
11.015482
0
LINE
8
annotation
62
1
39
211
10
4.386131
20
11.015482
11
4.386083
21
11.016021
0
LINE
8
annotation
62
1
39
211
10
4.386083
20
11.016021
11
4.385944
21
11.016528
0
LINE
8
annotation
62
1
39
211
10
4.385944
20
11.016528
11
4.385722
21
11.016994
0
LINE
8
annotation
62
1
39
211
10
4.385722
20
11.016994
11
4.385426
21
11.017412
0
LINE
8
annotation
62
1
39
211
10
4.385426
20
11.017412
11
4.385065
21
11.017773
0
LINE
8
annotation
62
1
39
211
10
4.385065
20
11.017773
11
4.384647
21
11.018068
0
LINE
8
annotation
62
1
39
211
10
4.384647
20
11.018068
11
4.384180
21
11.018289
0
LINE
8
annotation
62
1
39
211
10
4.384180
20
11.018289
11
4.383672
21
11.018427
0
LINE
8
annotation
62
1
39
211
10
4.383672
20
11.018427
11
4.383133
21
11.018476
0
LINE
8
annotation
62
1
39
211
10
4.383133
20
11.018476
11
4.380135
21
11.018476
0
LINE
8
annotation
62
1
39
211
10
4.379759
20
11.009299
11
4.386510
21
11.009299
0
LINE
8
annotation
62
1
39
211
10
4.394196
20
11.010987
11
4.394196
21
11.024488
0
LINE
8
annotation
62
1
39
211
10
4.394196
20
11.024488
11
4.391194
21
11.021486
0
LINE
8
annotation
62
1
39
211
10
4.406642
20
11.017737
11
4.399260
21
11.017737
0
LINE
8
annotation
62
1
39
211
10
4.416207
20
11.024488
11
4.416207
21
11.024488
0
LINE
8
annotation
62
1
39
211
10
4.416207
20
11.024488
11
4.415349
21
11.024166
0
LINE
8
annotation
62
1
39
211
10
4.415349
20
11.024166
11
4.414560
21
11.023732
0
LINE
8
annotation
62
1
39
211
10
4.414560
20
11.023732
11
4.413851
21
11.023197
0
LINE
8
annotation
62
1
39
211
10
4.413851
20
11.023197
11
4.413229
21
11.022572
0
LINE
8
annotation
62
1
39
211
10
4.413229
20
11.022572
11
4.412701
21
11.021868
0
LINE
8
annotation
62
1
39
211
10
4.412701
20
11.021868
11
4.412277
21
11.021095
0
LINE
8
annotation
62
1
39
211
10
4.412277
20
11.021095
11
4.411964
21
11.020265
0
LINE
8
annotation
62
1
39
211
10
4.411964
20
11.020265
11
4.411770
21
11.019388
0
LINE
8
annotation
62
1
39
211
10
4.411770
20
11.019388
11
4.411704
21
11.018476
0
LINE
8
annotation
62
1
39
211
10
4.411704
20
11.018476
11
4.411704
21
11.013988
0
LINE
8
annotation
62
1
39
211
10
4.411704
20
11.013988
11
4.411704
21
11.013988
0
LINE
8
annotation
62
1
39
211
10
4.411704
20
11.013988
11
4.411752
21
11.013449
0
LINE
8
annotation
62
1
39
211
10
4.411752
20
11.013449
11
4.411892
21
11.012941
0
LINE
8
annotation
62
1
39
211
10
4.411892
20
11.012941
11
4.412114
21
11.012474
0
LINE
8
annotation
62
1
39
211
10
4.412114
20
11.012474
11
4.412410
21
11.012055
0
LINE
8
annotation
62
1
39
211
10
4.412410
20
11.012055
11
4.412772
21
11.011693
0
LINE
8
annotation
62
1
39
211
10
4.412772
20
11.011693
11
4.413190
21
11.011397
0
LINE
8
annotation
62
1
39
211
10
4.413190
20
11.011397
11
4.413657
21
11.011174
0
LINE
8
annotation
62
1
39
211
10
4.413657
20
11.011174
11
4.414164
21
11.011035
0
LINE
8
annotation
62
1
39
211
10
4.414164
20
11.011035
11
4.414702
21
11.010987
0
LINE
8
annotation
62
1
39
211
10
4.414702
20
11.010987
11
4.414702
21
11.010987
0
LINE
8
annotation
62
1
39
211
10
4.414702
20
11.010987
11
4.415241
21
11.011035
0
LINE
8
annotation
62
1
39
211
10
4.415241
20
11.011035
11
4.415749
21
11.011174
0
LINE
8
annotation
62
1
39
211
10
4.415749
20
11.011174
11
4.416216
21
11.011397
0
LINE
8
annotation
62
1
39
211
10
4.416216
20
11.011397
11
4.416634
21
11.011693
0
LINE
8
annotation
62
1
39
211
10
4.416634
20
11.011693
11
4.416995
21
11.012055
0
LINE
8
annotation
62
1
39
211
10
4.416995
20
11.012055
11
4.417291
21
11.012474
0
LINE
8
annotation
62
1
39
211
10
4.417291
20
11.012474
11
4.417513
21
11.012941
0
LINE
8
annotation
62
1
39
211
10
4.417513
20
11.012941
11
4.417652
21
11.013449
0
LINE
8
annotation
62
1
39
211
10
4.417652
20
11.013449
11
4.417700
21
11.013988
0
LINE
8
annotation
62
1
39
211
10
4.417700
20
11.013988
11
4.417700
21
11.015482
0
LINE
8
annotation
62
1
39
211
10
4.417700
20
11.015482
11
4.417700
21
11.015482
0
LINE
8
annotation
62
1
39
211
10
4.417700
20
11.015482
11
4.417652
21
11.016021
0
LINE
8
annotation
62
1
39
211
10
4.417652
20
11.016021
11
4.417513
21
11.016528
0
LINE
8
annotation
62
1
39
211
10
4.417513
20
11.016528
11
4.417291
21
11.016994
0
LINE
8
annotation
62
1
39
211
10
4.417291
20
11.016994
11
4.416995
21
11.017412
0
LINE
8
annotation
62
1
39
211
10
4.416995
20
11.017412
11
4.416634
21
11.017773
0
LINE
8
annotation
62
1
39
211
10
4.416634
20
11.017773
11
4.416216
21
11.018068
0
LINE
8
annotation
62
1
39
211
10
4.416216
20
11.018068
11
4.415749
21
11.018289
0
LINE
8
annotation
62
1
39
211
10
4.415749
20
11.018289
11
4.415241
21
11.018427
0
LINE
8
annotation
62
1
39
211
10
4.415241
20
11.018427
11
4.414702
21
11.018476
0
LINE
8
annotation
62
1
39
211
10
4.414702
20
11.018476
11
4.411704
21
11.018476
0
LINE
8
annotation
62
1
39
211
10
4.411328
20
11.009299
11
4.418079
21
11.009299
0
LINE
8
hole
62
5
39
2
10
8.673446
20
8.060995
11
8.513446
21
8.060995
0
LINE
8
hole
62
5
39
2
10
8.513446
20
8.060995
11
8.513446
21
8.220995
0
LINE
8
hole
62
5
39
2
10
8.513446
20
8.220995
11
8.673446
21
8.220995
0
LINE
8
hole
62
5
39
2
10
8.673446
20
8.220995
11
8.673446
21
8.060995
0
LINE
8
hole
62
5
39
2
10
6.234343
20
9.589036
11
6.074343
21
9.589036
0
LINE
8
hole
62
5
39
2
10
6.074343
20
9.589036
11
6.074343
21
9.749036
0
LINE
8
hole
62
5
39
2
10
6.074343
20
9.749036
11
6.234343
21
9.749036
0
LINE
8
hole
62
5
39
2
10
6.234343
20
9.749036
11
6.234343
21
9.589036
0
LINE
8
hole
62
5
39
2
10
6.866018
20
5.686797
11
6.706018
21
5.686797
0
LINE
8
hole
62
5
39
2
10
6.706018
20
5.686797
11
6.706018
21
5.846797
0
LINE
8
hole
62
5
39
2
10
6.706018
20
5.846797
11
6.866018
21
5.846797
0
LINE
8
hole
62
5
39
2
10
6.866018
20
5.846797
11
6.866018
21
5.686797
0
LINE
8
boundary
62
5
39
2
10
7.364461
20
5.350261
11
7.372011
21
5.371129
0
LINE
8
boundary
62
5
39
2
10
7.372011
20
5.371129
11
7.383018
21
5.391405
0
LINE
8
boundary
62
5
39
2
10
7.383018
20
5.391405
11
7.429984
21
5.449146
0
LINE
8
boundary
62
5
39
2
10
7.429984
20
5.449146
11
7.443498
21
5.473621
0
LINE
8
boundary
62
5
39
2
10
7.443498
20
5.473621
11
7.460640
21
5.484678
0
LINE
8
boundary
62
5
39
2
10
7.460640
20
5.484678
11
7.486941
21
5.502927
0
LINE
8
boundary
62
5
39
2
10
7.486941
20
5.502927
11
7.562739
21
5.546023
0
LINE
8
boundary
62
5
39
2
10
7.562739
20
5.546023
11
7.584457
21
5.561967
0
LINE
8
boundary
62
5
39
2
10
7.584457
20
5.561967
11
7.614980
21
5.582774
0
LINE
8
boundary
62
5
39
2
10
7.614980
20
5.582774
11
7.635171
21
5.596170
0
LINE
8
boundary
62
5
39
2
10
7.635171
20
5.596170
11
7.684827
21
5.631073
0
LINE
8
boundary
62
5
39
2
10
7.684827
20
5.631073
11
7.715083
21
5.651265
0
LINE
8
boundary
62
5
39
2
10
7.715083
20
5.651265
11
7.771066
21
5.689759
0
LINE
8
boundary
62
5
39
2
10
7.771066
20
5.689759
11
7.787912
21
5.701181
0
LINE
8
boundary
62
5
39
2
10
7.787912
20
5.701181
11
7.808672
21
5.726212
0
LINE
8
boundary
62
5
39
2
10
7.808672
20
5.726212
11
7.824243
21
5.746403
0
LINE
8
boundary
62
5
39
2
10
7.824243
20
5.746403
11
7.859313
21
5.798625
0
LINE
8
boundary
62
5
39
2
10
7.859313
20
5.798625
11
7.871539
21
5.814961
0
LINE
8
boundary
62
5
39
2
10
7.871539
20
5.814961
11
7.917832
21
5.858663
0
LINE
8
boundary
62
5
39
2
10
7.917832
20
5.858663
11
7.941502
21
5.878854
0
LINE
8
boundary
62
5
39
2
10
7.941502
20
5.878854
11
7.983425
21
5.915969
0
LINE
8
boundary
62
5
39
2
10
7.983425
20
5.915969
11
7.999130
21
5.928741
0
LINE
8
boundary
62
5
39
2
10
7.999130
20
5.928741
11
8.035090
21
5.964213
0
LINE
8
boundary
62
5
39
2
10
8.035090
20
5.964213
11
8.058555
21
5.985625
0
LINE
8
boundary
62
5
39
2
10
8.058555
20
5.985625
11
8.102636
21
6.029976
0
LINE
8
boundary
62
5
39
2
10
8.102636
20
6.029976
11
8.128156
21
6.056522
0
LINE
8
boundary
62
5
39
2
10
8.128156
20
6.056522
11
8.141677
21
6.072731
0
LINE
8
boundary
62
5
39
2
10
8.141677
20
6.072731
11
8.163976
21
6.100390
0
LINE
8
boundary
62
5
39
2
10
8.163976
20
6.100390
11
8.193150
21
6.137950
0
LINE
8
boundary
62
5
39
2
10
8.193150
20
6.137950
11
8.207557
21
6.156301
0
LINE
8
boundary
62
5
39
2
10
8.207557
20
6.156301
11
8.260125
21
6.231745
0
LINE
8
boundary
62
5
39
2
10
8.260125
20
6.231745
11
8.274566
21
6.251936
0
LINE
8
boundary
62
5
39
2
10
8.274566
20
6.251936
11
8.287447
21
6.270081
0
LINE
8
boundary
62
5
39
2
10
8.287447
20
6.270081
11
8.300693
21
6.290552
0
LINE
8
boundary
62
5
39
2
10
8.300693
20
6.290552
11
8.343607
21
6.362930
0
LINE
8
boundary
62
5
39
2
10
8.343607
20
6.362930
11
8.358380
21
6.383861
0
LINE
8
boundary
62
5
39
2
10
8.358380
20
6.383861
11
8.369649
21
6.405210
0
LINE
8
boundary
62
5
39
2
10
8.369649
20
6.405210
11
8.380918
21
6.426559
0
LINE
8
boundary
62
5
39
2
10
8.380918
20
6.426559
11
8.396233
21
6.454444
0
LINE
8
boundary
62
5
39
2
10
8.396233
20
6.454444
11
8.412116
21
6.483321
0
LINE
8
boundary
62
5
39
2
10
8.412116
20
6.483321
11
8.432216
21
6.526561
0
LINE
8
boundary
62
5
39
2
10
8.432216
20
6.526561
11
8.452069
21
6.582502
0
LINE
8
boundary
62
5
39
2
10
8.452069
20
6.582502
11
8.464926
21
6.611422
0
LINE
8
boundary
62
5
39
2
10
8.464926
20
6.611422
11
8.482198
21
6.658655
0
LINE
8
boundary
62
5
39
2
10
8.482198
20
6.658655
11
8.494698
21
6.690413
0
LINE
8
boundary
62
5
39
2
10
8.494698
20
6.690413
11
8.501302
21
6.713690
0
LINE
8
boundary
62
5
39
2
10
8.501302
20
6.713690
11
8.509259
21
6.740611
0
LINE
8
boundary
62
5
39
2
10
8.509259
20
6.740611
11
8.514494
21
6.769464
0
LINE
8
boundary
62
5
39
2
10
8.514494
20
6.769464
11
8.524508
21
6.818713
0
LINE
8
boundary
62
5
39
2
10
8.524508
20
6.818713
11
8.530286
21
6.838982
0
LINE
8
boundary
62
5
39
2
10
8.530286
20
6.838982
11
8.534326
21
6.865692
0
LINE
8
boundary
62
5
39
2
10
8.534326
20
6.865692
11
8.538402
21
6.926052
0
LINE
8
boundary
62
5
39
2
10
8.538402
20
6.926052
11
8.543280
21
6.952762
0
LINE
8
boundary
62
5
39
2
10
8.543280
20
6.952762
11
8.548578
21
6.989398
0
LINE
8
boundary
62
5
39
2
10
8.548578
20
6.989398
11
8.551647
21
7.029906
0
LINE
8
boundary
62
5
39
2
10
8.551647
20
7.029906
11
8.557871
21
7.066542
0
LINE
8
boundary
62
5
39
2
10
8.557871
20
7.066542
11
8.560639
21
7.112550
0
LINE
8
boundary
62
5
39
2
10
8.560639
20
7.112550
11
8.561461
21
7.134314
0
LINE
8
boundary
62
5
39
2
10
8.561461
20
7.134314
11
8.564363
21
7.180322
0
LINE
8
boundary
62
5
39
2
10
8.564363
20
7.180322
11
8.566788
21
7.231767
0
LINE
8
boundary
62
5
39
2
10
8.566788
20
7.231767
11
8.569630
21
7.294102
0
LINE
8
boundary
62
5
39
2
10
8.569630
20
7.294102
11
8.571560
21
7.350034
0
LINE
8
boundary
62
5
39
2
10
8.571560
20
7.350034
11
8.573569
21
7.407882
0
LINE
8
boundary
62
5
39
2
10
8.573569
20
7.407882
11
8.585185
21
7.450497
0
LINE
8
boundary
62
5
39
2
10
8.585185
20
7.450497
11
8.608478
21
7.497276
0
LINE
8
boundary
62
5
39
2
10
8.608478
20
7.497276
11
8.621882
21
7.521662
0
LINE
8
boundary
62
5
39
2
10
8.621882
20
7.521662
11
8.617342
21
7.626578
0
LINE
8
boundary
62
5
39
2
10
8.617342
20
7.626578
11
8.666892
21
7.688142
0
LINE
8
boundary
62
5
39
2
10
8.666892
20
7.688142
11
8.722258
21
7.675617
0
LINE
8
boundary
62
5
39
2
10
8.722258
20
7.675617
11
8.743088
21
7.689548
0
LINE
8
boundary
62
5
39
2
10
8.743088
20
7.689548
11
8.815973
21
7.685424
0
LINE
8
boundary
62
5
39
2
10
8.815973
20
7.685424
11
8.836038
21
7.692845
0
LINE
8
boundary
62
5
39
2
10
8.836038
20
7.692845
11
8.878637
21
7.738954
0
LINE
8
boundary
62
5
39
2
10
8.878637
20
7.738954
11
8.889237
21
7.769414
0
LINE
8
boundary
62
5
39
2
10
8.889237
20
7.769414
11
8.912370
21
7.842811
0
LINE
8
boundary
62
5
39
2
10
8.912370
20
7.842811
11
8.914714
21
7.863002
0
LINE
8
boundary
62
5
39
2
10
8.914714
20
7.863002
11
8.911263
21
7.883194
0
LINE
8
boundary
62
5
39
2
10
8.911263
20
7.883194
11
8.898605
21
7.956591
0
LINE
8
boundary
62
5
39
2
10
8.898605
20
7.956591
11
8.895154
21
7.976783
0
LINE
8
boundary
62
5
39
2
10
8.895154
20
7.976783
11
8.877017
21
8.072338
0
LINE
8
boundary
62
5
39
2
10
8.877017
20
8.072338
11
8.866738
21
8.124210
0
LINE
8
boundary
62
5
39
2
10
8.866738
20
8.124210
11
8.857974
21
8.170695
0
LINE
8
boundary
62
5
39
2
10
8.857974
20
8.170695
11
8.851200
21
8.204343
0
LINE
8
boundary
62
5
39
2
10
8.851200
20
8.204343
11
8.842474
21
8.250372
0
LINE
8
boundary
62
5
39
2
10
8.842474
20
8.250372
11
8.836038
21
8.283940
0
LINE
8
boundary
62
5
39
2
10
8.836038
20
8.283940
11
8.831991
21
8.307624
0
LINE
8
boundary
62
5
39
2
10
8.831991
20
8.307624
11
8.827310
21
8.333284
0
LINE
8
boundary
62
5
39
2
10
8.827310
20
8.333284
11
8.823495
21
8.355631
0
LINE
8
boundary
62
5
39
2
10
8.823495
20
8.355631
11
8.814124
21
8.405081
0
LINE
8
boundary
62
5
39
2
10
8.814124
20
8.405081
11
8.809127
21
8.431903
0
LINE
8
boundary
62
5
39
2
10
8.809127
20
8.431903
11
8.804542
21
8.452094
0
LINE
8
boundary
62
5
39
2
10
8.804542
20
8.452094
11
8.787034
21
8.525492
0
LINE
8
boundary
62
5
39
2
10
8.787034
20
8.525492
11
8.782449
21
8.545683
0
LINE
8
boundary
62
5
39
2
10
8.782449
20
8.545683
11
8.775218
21
8.564608
0
LINE
8
boundary
62
5
39
2
10
8.775218
20
8.564608
11
8.749368
21
8.636998
0
LINE
8
boundary
62
5
39
2
10
8.749368
20
8.636998
11
8.739924
21
8.659463
0
LINE
8
boundary
62
5
39
2
10
8.739924
20
8.659463
11
8.722258
21
8.685319
0
LINE
8
boundary
62
5
39
2
10
8.722258
20
8.685319
11
8.707902
21
8.706783
0
LINE
8
boundary
62
5
39
2
10
8.707902
20
8.706783
11
8.663711
21
8.751566
0
LINE
8
boundary
62
5
39
2
10
8.663711
20
8.751566
11
8.648562
21
8.773243
0
LINE
8
boundary
62
5
39
2
10
8.648562
20
8.773243
11
8.614224
21
8.793941
0
LINE
8
boundary
62
5
39
2
10
8.614224
20
8.793941
11
8.588582
21
8.798530
0
LINE
8
boundary
62
5
39
2
10
8.588582
20
8.798530
11
8.556950
21
8.782071
0
LINE
8
boundary
62
5
39
2
10
8.556950
20
8.782071
11
8.534792
21
8.773243
0
LINE
8
boundary
62
5
39
2
10
8.534792
20
8.773243
11
8.514745
21
8.742545
0
LINE
8
boundary
62
5
39
2
10
8.514745
20
8.742545
11
8.494698
21
8.711847
0
LINE
8
boundary
62
5
39
2
10
8.494698
20
8.711847
11
8.442381
21
8.727341
0
LINE
8
boundary
62
5
39
2
10
8.442381
20
8.727341
11
8.394579
21
8.773243
0
LINE
8
boundary
62
5
39
2
10
8.394579
20
8.773243
11
8.356168
21
8.796797
0
LINE
8
boundary
62
5
39
2
10
8.356168
20
8.796797
11
8.326533
21
8.814549
0
LINE
8
boundary
62
5
39
2
10
8.326533
20
8.814549
11
8.267137
21
8.851174
0
LINE
8
boundary
62
5
39
2
10
8.267137
20
8.851174
11
8.222531
21
8.837715
0
LINE
8
boundary
62
5
39
2
10
8.222531
20
8.837715
11
8.168761
21
8.887023
0
LINE
8
boundary
62
5
39
2
10
8.168761
20
8.887023
11
8.160518
21
8.993643
0
LINE
8
boundary
62
5
39
2
10
8.160518
20
8.993643
11
8.103021
21
9.072679
0
LINE
8
boundary
62
5
39
2
10
8.103021
20
9.072679
11
8.098262
21
9.114583
0
LINE
8
boundary
62
5
39
2
10
8.098262
20
9.114583
11
8.077393
21
9.151703
0
LINE
8
boundary
62
5
39
2
10
8.077393
20
9.151703
11
8.050447
21
9.213588
0
LINE
8
boundary
62
5
39
2
10
8.050447
20
9.213588
11
8.039577
21
9.234137
0
LINE
8
boundary
62
5
39
2
10
8.039577
20
9.234137
11
7.989651
21
9.301787
0
LINE
8
boundary
62
5
39
2
10
7.989651
20
9.301787
11
7.965433
21
9.342143
0
LINE
8
boundary
62
5
39
2
10
7.965433
20
9.342143
11
7.945234
21
9.361564
0
LINE
8
boundary
62
5
39
2
10
7.945234
20
9.361564
11
7.925797
21
9.383087
0
LINE
8
boundary
62
5
39
2
10
7.925797
20
9.383087
11
7.889179
21
9.418819
0
LINE
8
boundary
62
5
39
2
10
7.889179
20
9.418819
11
7.851651
21
9.455924
0
LINE
8
boundary
62
5
39
2
10
7.851651
20
9.455924
11
7.830888
21
9.474806
0
LINE
8
boundary
62
5
39
2
10
7.830888
20
9.474806
11
7.812017
21
9.495122
0
LINE
8
boundary
62
5
39
2
10
7.812017
20
9.495122
11
7.774416
21
9.531549
0
LINE
8
boundary
62
5
39
2
10
7.774416
20
9.531549
11
7.735319
21
9.569704
0
LINE
8
boundary
62
5
39
2
10
7.735319
20
9.569704
11
7.714492
21
9.586147
0
LINE
8
boundary
62
5
39
2
10
7.714492
20
9.586147
11
7.698237
21
9.603399
0
LINE
8
boundary
62
5
39
2
10
7.698237
20
9.603399
11
7.657794
21
9.642544
0
LINE
8
boundary
62
5
39
2
10
7.657794
20
9.642544
11
7.616141
21
9.683484
0
LINE
8
boundary
62
5
39
2
10
7.616141
20
9.683484
11
7.597060
21
9.696621
0
LINE
8
boundary
62
5
39
2
10
7.597060
20
9.696621
11
7.539839
21
9.752722
0
LINE
8
boundary
62
5
39
2
10
7.539839
20
9.752722
11
7.495874
21
9.797264
0
LINE
8
boundary
62
5
39
2
10
7.495874
20
9.797264
11
7.470677
21
9.812656
0
LINE
8
boundary
62
5
39
2
10
7.470677
20
9.812656
11
7.446756
21
9.827543
0
LINE
8
boundary
62
5
39
2
10
7.446756
20
9.827543
11
7.389450
21
9.865770
0
LINE
8
boundary
62
5
39
2
10
7.389450
20
9.865770
11
7.356897
21
9.890543
0
LINE
8
boundary
62
5
39
2
10
7.356897
20
9.890543
11
7.336949
21
9.900793
0
LINE
8
boundary
62
5
39
2
10
7.336949
20
9.900793
11
7.317001
21
9.911044
0
LINE
8
boundary
62
5
39
2
10
7.317001
20
9.911044
11
7.279534
21
9.922548
0
LINE
8
boundary
62
5
39
2
10
7.279534
20
9.922548
11
7.243117
21
9.934493
0
LINE
8
boundary
62
5
39
2
10
7.243117
20
9.934493
11
7.223689
21
9.940131
0
LINE
8
boundary
62
5
39
2
10
7.223689
20
9.940131
11
7.144865
21
9.961746
0
LINE
8
boundary
62
5
39
2
10
7.144865
20
9.961746
11
7.088644
21
9.990095
0
LINE
8
boundary
62
5
39
2
10
7.088644
20
9.990095
11
7.056250
21
10.009493
0
LINE
8
boundary
62
5
39
2
10
7.056250
20
10.009493
11
7.026185
21
10.024824
0
LINE
8
boundary
62
5
39
2
10
7.026185
20
10.024824
11
7.004662
21
10.032708
0
LINE
8
boundary
62
5
39
2
10
7.004662
20
10.032708
11
6.929891
21
10.069712
0
LINE
8
boundary
62
5
39
2
10
6.929891
20
10.069712
11
6.901777
21
10.082691
0
LINE
8
boundary
62
5
39
2
10
6.901777
20
10.082691
11
6.881089
21
10.090156
0
LINE
8
boundary
62
5
39
2
10
6.881089
20
10.090156
11
6.804764
21
10.117060
0
LINE
8
boundary
62
5
39
2
10
6.804764
20
10.117060
11
6.743035
21
10.129226
0
LINE
8
boundary
62
5
39
2
10
6.743035
20
10.129226
11
6.719178
21
10.132696
0
LINE
8
boundary
62
5
39
2
10
6.719178
20
10.132696
11
6.674216
21
10.138059
0
LINE
8
boundary
62
5
39
2
10
6.674216
20
10.138059
11
6.641610
21
10.145716
0
LINE
8
boundary
62
5
39
2
10
6.641610
20
10.145716
11
6.586238
21
10.157820
0
LINE
8
boundary
62
5
39
2
10
6.586238
20
10.157820
11
6.560436
21
10.164181
0
LINE
8
boundary
62
5
39
2
10
6.560436
20
10.164181
11
6.540245
21
10.164907
0
LINE
8
boundary
62
5
39
2
10
6.540245
20
10.164907
11
6.466848
21
10.167576
0
LINE
8
boundary
62
5
39
2
10
6.466848
20
10.167576
11
6.446656
21
10.168302
0
LINE
8
boundary
62
5
39
2
10
6.446656
20
10.168302
11
6.426465
21
10.165435
0
LINE
8
boundary
62
5
39
2
10
6.426465
20
10.165435
11
6.353068
21
10.157525
0
LINE
8
boundary
62
5
39
2
10
6.353068
20
10.157525
11
6.332876
21
10.154658
0
LINE
8
boundary
62
5
39
2
10
6.332876
20
10.154658
11
6.310493
21
10.150502
0
LINE
8
boundary
62
5
39
2
10
6.310493
20
10.150502
11
6.264970
21
10.142886
0
LINE
8
boundary
62
5
39
2
10
6.264970
20
10.142886
11
6.241035
21
10.138604
0
LINE
8
boundary
62
5
39
2
10
6.241035
20
10.138604
11
6.219096
21
10.134939
0
LINE
8
boundary
62
5
39
2
10
6.219096
20
10.134939
11
6.198222
21
10.130857
0
LINE
8
boundary
62
5
39
2
10
6.198222
20
10.130857
11
6.126867
21
10.119053
0
LINE
8
boundary
62
5
39
2
10
6.126867
20
10.119053
11
6.105316
21
10.115078
0
LINE
8
boundary
62
5
39
2
10
6.105316
20
10.115078
11
6.085125
21
10.109645
0
LINE
8
boundary
62
5
39
2
10
6.085125
20
10.109645
11
6.011727
21
10.091381
0
LINE
8
boundary
62
5
39
2
10
6.011727
20
10.091381
11
5.991536
21
10.085948
0
LINE
8
boundary
62
5
39
2
10
5.991536
20
10.085948
11
5.971345
21
10.077776
0
LINE
8
boundary
62
5
39
2
10
5.971345
20
10.077776
11
5.897947
21
10.048624
0
LINE
8
boundary
62
5
39
2
10
5.897947
20
10.048624
11
5.877756
21
10.040452
0
LINE
8
boundary
62
5
39
2
10
5.877756
20
10.040452
11
5.850822
21
10.027937
0
LINE
8
boundary
62
5
39
2
10
5.850822
20
10.027937
11
5.830631
21
10.018899
0
LINE
8
boundary
62
5
39
2
10
5.830631
20
10.018899
11
5.777077
21
9.992544
0
LINE
8
boundary
62
5
39
2
10
5.777077
20
9.992544
11
5.743785
21
9.977313
0
LINE
8
boundary
62
5
39
2
10
5.743785
20
9.977313
11
5.670387
21
9.940626
0
LINE
8
boundary
62
5
39
2
10
5.670387
20
9.940626
11
5.650196
21
9.931319
0
LINE
8
boundary
62
5
39
2
10
5.650196
20
9.931319
11
5.621411
21
9.916004
0
LINE
8
boundary
62
5
39
2
10
5.621411
20
9.916004
11
5.601220
21
9.904923
0
LINE
8
boundary
62
5
39
2
10
5.601220
20
9.904923
11
5.546775
21
9.871778
0
LINE
8
boundary
62
5
39
2
10
5.546775
20
9.871778
11
5.514759
21
9.850101
0
LINE
8
boundary
62
5
39
2
10
5.514759
20
9.850101
11
5.458594
21
9.809263
0
LINE
8
boundary
62
5
39
2
10
5.458594
20
9.809263
11
5.441859
21
9.797264
0
LINE
8
boundary
62
5
39
2
10
5.441859
20
9.797264
11
5.422636
21
9.782537
0
LINE
8
boundary
62
5
39
2
10
5.422636
20
9.782537
11
5.405512
21
9.769443
0
LINE
8
boundary
62
5
39
2
10
5.405512
20
9.769443
11
5.331048
21
9.712152
0
LINE
8
boundary
62
5
39
2
10
5.331048
20
9.712152
11
5.308856
21
9.695336
0
LINE
8
boundary
62
5
39
2
10
5.308856
20
9.695336
11
5.278962
21
9.671836
0
LINE
8
boundary
62
5
39
2
10
5.278962
20
9.671836
11
5.209455
21
9.613637
0
LINE
8
boundary
62
5
39
2
10
5.209455
20
9.613637
11
5.184276
21
9.593446
0
LINE
8
boundary
62
5
39
2
10
5.184276
20
9.593446
11
5.166635
21
9.578248
0
LINE
8
boundary
62
5
39
2
10
5.166635
20
9.578248
11
5.146444
21
9.560901
0
LINE
8
boundary
62
5
39
2
10
5.146444
20
9.560901
11
5.090688
21
9.506807
0
LINE
8
boundary
62
5
39
2
10
5.090688
20
9.506807
11
5.065342
21
9.485031
0
LINE
8
boundary
62
5
39
2
10
5.065342
20
9.485031
11
5.043206
21
9.464304
0
LINE
8
boundary
62
5
39
2
10
5.043206
20
9.464304
11
5.016589
21
9.438196
0
LINE
8
boundary
62
5
39
2
10
5.016589
20
9.438196
11
4.983889
21
9.402792
0
LINE
8
boundary
62
5
39
2
10
4.983889
20
9.402792
11
4.967515
21
9.385065
0
LINE
8
boundary
62
5
39
2
10
4.967515
20
9.385065
11
4.944234
21
9.357681
0
LINE
8
boundary
62
5
39
2
10
4.944234
20
9.357681
11
4.930685
21
9.342143
0
LINE
8
boundary
62
5
39
2
10
4.930685
20
9.342143
11
4.914750
21
9.321726
0
LINE
8
boundary
62
5
39
2
10
4.914750
20
9.321726
11
4.865139
21
9.257592
0
LINE
8
boundary
62
5
39
2
10
4.865139
20
9.257592
11
4.847720
21
9.236360
0
LINE
8
boundary
62
5
39
2
10
4.847720
20
9.236360
11
4.832874
21
9.211100
0
LINE
8
boundary
62
5
39
2
10
4.832874
20
9.211100
11
4.806432
21
9.141470
0
LINE
8
boundary
62
5
39
2
10
4.806432
20
9.141470
11
4.790865
21
9.114583
0
LINE
8
boundary
62
5
39
2
10
4.790865
20
9.114583
11
4.765874
21
9.057709
0
LINE
8
boundary
62
5
39
2
10
4.765874
20
9.057709
11
4.739955
21
9.010950
0
LINE
8
boundary
62
5
39
2
10
4.739955
20
9.010950
11
4.718379
21
8.917621
0
LINE
8
boundary
62
5
39
2
10
4.718379
20
8.917621
11
4.705244
21
8.887023
0
LINE
8
boundary
62
5
39
2
10
4.705244
20
8.887023
11
4.698314
21
8.848663
0
LINE
8
boundary
62
5
39
2
10
4.698314
20
8.848663
11
4.696697
21
8.811603
0
LINE
8
boundary
62
5
39
2
10
4.696697
20
8.811603
11
4.687197
21
8.773243
0
LINE
8
boundary
62
5
39
2
10
4.687197
20
8.773243
11
4.698731
21
8.732535
0
LINE
8
boundary
62
5
39
2
10
4.698731
20
8.732535
11
4.739955
21
8.681836
0
LINE
8
boundary
62
5
39
2
10
4.739955
20
8.681836
11
4.766333
21
8.681659
0
LINE
8
boundary
62
5
39
2
10
4.766333
20
8.681659
11
4.823311
21
8.685064
0
LINE
8
boundary
62
5
39
2
10
4.823311
20
8.685064
11
4.853735
21
8.684711
0
LINE
8
boundary
62
5
39
2
10
4.853735
20
8.684711
11
4.898905
21
8.728383
0
LINE
8
boundary
62
5
39
2
10
4.898905
20
8.728383
11
4.927189
21
8.738598
0
LINE
8
boundary
62
5
39
2
10
4.927189
20
8.738598
11
4.967515
21
8.757728
0
LINE
8
boundary
62
5
39
2
10
4.967515
20
8.757728
11
4.984843
21
8.773243
0
LINE
8
boundary
62
5
39
2
10
4.984843
20
8.773243
11
5.015791
21
8.796923
0
LINE
8
boundary
62
5
39
2
10
5.015791
20
8.796923
11
5.081295
21
8.841211
0
LINE
8
boundary
62
5
39
2
10
5.081295
20
8.841211
11
5.097248
21
8.856039
0
LINE
8
boundary
62
5
39
2
10
5.097248
20
8.856039
11
5.116422
21
8.870992
0
LINE
8
boundary
62
5
39
2
10
5.116422
20
8.870992
11
5.137661
21
8.887023
0
LINE
8
boundary
62
5
39
2
10
5.137661
20
8.887023
11
5.165442
21
8.903815
0
LINE
8
boundary
62
5
39
2
10
5.165442
20
8.903815
11
5.195076
21
8.921726
0
LINE
8
boundary
62
5
39
2
10
5.195076
20
8.921726
11
5.221095
21
8.939456
0
LINE
8
boundary
62
5
39
2
10
5.221095
20
8.939456
11
5.282342
21
8.976429
0
LINE
8
boundary
62
5
39
2
10
5.282342
20
8.976429
11
5.308856
21
8.993109
0
LINE
8
boundary
62
5
39
2
10
5.308856
20
8.993109
11
5.328029
21
9.006259
0
LINE
8
boundary
62
5
39
2
10
5.328029
20
9.006259
11
5.401385
21
9.048883
0
LINE
8
boundary
62
5
39
2
10
5.401385
20
9.048883
11
5.422636
21
9.061302
0
LINE
8
boundary
62
5
39
2
10
5.422636
20
9.061302
11
5.446054
21
9.074571
0
LINE
8
boundary
62
5
39
2
10
5.446054
20
9.074571
11
5.496462
21
9.101524
0
LINE
8
boundary
62
5
39
2
10
5.496462
20
9.101524
11
5.520854
21
9.114583
0
LINE
8
boundary
62
5
39
2
10
5.520854
20
9.114583
11
5.557878
21
9.133550
0
LINE
8
boundary
62
5
39
2
10
5.557878
20
9.133550
11
5.628510
21
9.163469
0
LINE
8
boundary
62
5
39
2
10
5.628510
20
9.163469
11
5.650196
21
9.173553
0
LINE
8
boundary
62
5
39
2
10
5.650196
20
9.173553
11
5.678351
21
9.187289
0
LINE
8
boundary
62
5
39
2
10
5.678351
20
9.187289
11
5.740949
21
9.215627
0
LINE
8
boundary
62
5
39
2
10
5.740949
20
9.215627
11
5.763976
21
9.226907
0
LINE
8
boundary
62
5
39
2
10
5.763976
20
9.226907
11
5.786381
21
9.237053
0
LINE
8
boundary
62
5
39
2
10
5.786381
20
9.237053
11
5.852408
21
9.262164
0
LINE
8
boundary
62
5
39
2
10
5.852408
20
9.262164
11
5.877756
21
9.272672
0
LINE
8
boundary
62
5
39
2
10
5.877756
20
9.272672
11
5.897947
21
9.279122
0
LINE
8
boundary
62
5
39
2
10
5.897947
20
9.279122
11
5.971345
21
9.301305
0
LINE
8
boundary
62
5
39
2
10
5.971345
20
9.301305
11
5.991536
21
9.307756
0
LINE
8
boundary
62
5
39
2
10
5.991536
20
9.307756
11
6.011727
21
9.313462
0
LINE
8
boundary
62
5
39
2
10
6.011727
20
9.313462
11
6.085125
21
9.333716
0
LINE
8
boundary
62
5
39
2
10
6.085125
20
9.333716
11
6.105316
21
9.339422
0
LINE
8
boundary
62
5
39
2
10
6.105316
20
9.339422
11
6.133577
21
9.346665
0
LINE
8
boundary
62
5
39
2
10
6.133577
20
9.346665
11
6.201462
21
9.363354
0
LINE
8
boundary
62
5
39
2
10
6.201462
20
9.363354
11
6.239287
21
9.372276
0
LINE
8
boundary
62
5
39
2
10
6.239287
20
9.372276
11
6.312685
21
9.390031
0
LINE
8
boundary
62
5
39
2
10
6.312685
20
9.390031
11
6.332876
21
9.394432
0
LINE
8
boundary
62
5
39
2
10
6.332876
20
9.394432
11
6.353068
21
9.396683
0
LINE
8
boundary
62
5
39
2
10
6.353068
20
9.396683
11
6.426465
21
9.404826
0
LINE
8
boundary
62
5
39
2
10
6.426465
20
9.404826
11
6.446656
21
9.407077
0
LINE
8
boundary
62
5
39
2
10
6.446656
20
9.407077
11
6.466848
21
9.407555
0
LINE
8
boundary
62
5
39
2
10
6.466848
20
9.407555
11
6.540245
21
9.413158
0
LINE
8
boundary
62
5
39
2
10
6.540245
20
9.413158
11
6.560436
21
9.413635
0
LINE
8
boundary
62
5
39
2
10
6.560436
20
9.413635
11
6.580628
21
9.415391
0
LINE
8
boundary
62
5
39
2
10
6.580628
20
9.415391
11
6.654025
21
9.424373
0
LINE
8
boundary
62
5
39
2
10
6.654025
20
9.424373
11
6.674216
21
9.426128
0
LINE
8
boundary
62
5
39
2
10
6.674216
20
9.426128
11
6.694408
21
9.428726
0
LINE
8
boundary
62
5
39
2
10
6.694408
20
9.428726
11
6.767805
21
9.438637
0
LINE
8
boundary
62
5
39
2
10
6.767805
20
9.438637
11
6.787997
21
9.441235
0
LINE
8
boundary
62
5
39
2
10
6.787997
20
9.441235
11
6.808188
21
9.439422
0
LINE
8
boundary
62
5
39
2
10
6.808188
20
9.439422
11
6.881585
21
9.441745
0
LINE
8
boundary
62
5
39
2
10
6.881585
20
9.441745
11
6.901777
21
9.439932
0
LINE
8
boundary
62
5
39
2
10
6.901777
20
9.439932
11
6.921968
21
9.437997
0
LINE
8
boundary
62
5
39
2
10
6.921968
20
9.437997
11
6.995365
21
9.435147
0
LINE
8
boundary
62
5
39
2
10
6.995365
20
9.435147
11
7.015557
21
9.433212
0
LINE
8
boundary
62
5
39
2
10
7.015557
20
9.433212
11
7.035748
21
9.430452
0
LINE
8
boundary
62
5
39
2
10
7.035748
20
9.430452
11
7.109146
21
9.426366
0
LINE
8
boundary
62
5
39
2
10
7.109146
20
9.426366
11
7.129337
21
9.423605
0
LINE
8
boundary
62
5
39
2
10
7.129337
20
9.423605
11
7.220000
21
9.388521
0
LINE
8
boundary
62
5
39
2
10
7.220000
20
9.388521
11
7.243117
21
9.375693
0
LINE
8
boundary
62
5
39
2
10
7.243117
20
9.375693
11
7.278003
21
9.358918
0
LINE
8
boundary
62
5
39
2
10
7.278003
20
9.358918
11
7.312888
21
9.342143
0
LINE
8
boundary
62
5
39
2
10
7.312888
20
9.342143
11
7.344307
21
9.327721
0
LINE
8
boundary
62
5
39
2
10
7.344307
20
9.327721
11
7.387367
21
9.303728
0
LINE
8
boundary
62
5
39
2
10
7.387367
20
9.303728
11
7.440207
21
9.277284
0
LINE
8
boundary
62
5
39
2
10
7.440207
20
9.277284
11
7.470677
21
9.256525
0
LINE
8
boundary
62
5
39
2
10
7.470677
20
9.256525
11
7.496382
21
9.242444
0
LINE
8
boundary
62
5
39
2
10
7.496382
20
9.242444
11
7.522087
21
9.228363
0
LINE
8
boundary
62
5
39
2
10
7.522087
20
9.228363
11
7.559947
21
9.210094
0
LINE
8
boundary
62
5
39
2
10
7.559947
20
9.210094
11
7.584457
21
9.191691
0
LINE
8
boundary
62
5
39
2
10
7.584457
20
9.191691
11
7.632677
21
9.165914
0
LINE
8
boundary
62
5
39
2
10
7.632677
20
9.165914
11
7.698237
21
9.122568
0
LINE
8
boundary
62
5
39
2
10
7.698237
20
9.122568
11
7.769199
21
9.080295
0
LINE
8
boundary
62
5
39
2
10
7.769199
20
9.080295
11
7.812017
21
9.034710
0
LINE
8
boundary
62
5
39
2
10
7.812017
20
9.034710
11
7.841868
21
9.020797
0
LINE
8
boundary
62
5
39
2
10
7.841868
20
9.020797
11
7.867471
21
9.000803
0
LINE
8
boundary
62
5
39
2
10
7.867471
20
9.000803
11
7.906132
21
8.981138
0
LINE
8
boundary
62
5
39
2
10
7.906132
20
8.981138
11
7.925797
21
8.949947
0
LINE
8
boundary
62
5
39
2
10
7.925797
20
8.949947
11
7.974745
21
8.935971
0
LINE
8
boundary
62
5
39
2
10
7.974745
20
8.935971
11
8.006370
21
8.920231
0
LINE
8
boundary
62
5
39
2
10
8.006370
20
8.920231
11
8.039577
21
8.907000
0
LINE
8
boundary
62
5
39
2
10
8.039577
20
8.907000
11
8.064334
21
8.911780
0
LINE
8
boundary
62
5
39
2
10
8.064334
20
8.911780
11
8.101992
21
8.887023
0
LINE
8
boundary
62
5
39
2
10
8.101992
20
8.887023
11
8.139780
21
8.873446
0
LINE
8
boundary
62
5
39
2
10
8.139780
20
8.873446
11
8.153357
21
8.845757
0
LINE
8
boundary
62
5
39
2
10
8.153357
20
8.845757
11
8.184990
21
8.801745
0
LINE
8
boundary
62
5
39
2
10
8.184990
20
8.801745
11
8.166091
21
8.773243
0
LINE
8
boundary
62
5
39
2
10
8.166091
20
8.773243
11
8.153357
21
8.753688
0
LINE
8
boundary
62
5
39
2
10
8.153357
20
8.753688
11
8.110762
21
8.703989
0
LINE
8
boundary
62
5
39
2
10
8.110762
20
8.703989
11
8.087454
21
8.659463
0
LINE
8
boundary
62
5
39
2
10
8.087454
20
8.659463
11
8.110921
21
8.614962
0
LINE
8
boundary
62
5
39
2
10
8.110921
20
8.614962
11
8.116307
21
8.594879
0
LINE
8
boundary
62
5
39
2
10
8.116307
20
8.594879
11
8.133005
21
8.545683
0
LINE
8
boundary
62
5
39
2
10
8.133005
20
8.545683
11
8.153357
21
8.507440
0
LINE
8
boundary
62
5
39
2
10
8.153357
20
8.507440
11
8.192573
21
8.466222
0
LINE
8
boundary
62
5
39
2
10
8.192573
20
8.466222
11
8.214574
21
8.431903
0
LINE
8
boundary
62
5
39
2
10
8.214574
20
8.431903
11
8.239398
21
8.404164
0
LINE
8
boundary
62
5
39
2
10
8.239398
20
8.404164
11
8.267137
21
8.351207
0
LINE
8
boundary
62
5
39
2
10
8.267137
20
8.351207
11
8.296372
21
8.318123
0
LINE
8
boundary
62
5
39
2
10
8.296372
20
8.318123
11
8.312087
21
8.286677
0
LINE
8
boundary
62
5
39
2
10
8.312087
20
8.286677
11
8.324267
21
8.260868
0
LINE
8
boundary
62
5
39
2
10
8.324267
20
8.260868
11
8.355477
21
8.204343
0
LINE
8
boundary
62
5
39
2
10
8.355477
20
8.204343
11
8.361558
21
8.184983
0
LINE
8
boundary
62
5
39
2
10
8.361558
20
8.184983
11
8.380918
21
8.100494
0
LINE
8
boundary
62
5
39
2
10
8.380918
20
8.100494
11
8.391816
21
7.989679
0
LINE
8
boundary
62
5
39
2
10
8.391816
20
7.989679
11
8.391415
21
7.963710
0
LINE
8
boundary
62
5
39
2
10
8.391415
20
7.963710
11
8.386274
21
7.869673
0
LINE
8
boundary
62
5
39
2
10
8.386274
20
7.869673
11
8.380918
21
7.817094
0
LINE
8
boundary
62
5
39
2
10
8.380918
20
7.817094
11
8.376655
21
7.753485
0
LINE
8
boundary
62
5
39
2
10
8.376655
20
7.753485
11
8.362531
21
7.653829
0
LINE
8
boundary
62
5
39
2
10
8.362531
20
7.653829
11
8.346294
21
7.600818
0
LINE
8
boundary
62
5
39
2
10
8.346294
20
7.600818
11
8.335360
21
7.567220
0
LINE
8
boundary
62
5
39
2
10
8.335360
20
7.567220
11
8.317695
21
7.521662
0
LINE
8
boundary
62
5
39
2
10
8.317695
20
7.521662
11
8.300012
21
7.493358
0
LINE
8
boundary
62
5
39
2
10
8.300012
20
7.493358
11
8.267137
21
7.440822
0
LINE
8
boundary
62
5
39
2
10
8.267137
20
7.440822
11
8.260511
21
7.413953
0
LINE
8
boundary
62
5
39
2
10
8.260511
20
7.413953
11
8.253502
21
7.391150
0
LINE
8
boundary
62
5
39
2
10
8.253502
20
7.391150
11
8.239572
21
7.343313
0
LINE
8
boundary
62
5
39
2
10
8.239572
20
7.343313
11
8.221778
21
7.294102
0
LINE
8
boundary
62
5
39
2
10
8.221778
20
7.294102
11
8.201652
21
7.247082
0
LINE
8
boundary
62
5
39
2
10
8.201652
20
7.247082
11
8.193881
21
7.227342
0
LINE
8
boundary
62
5
39
2
10
8.193881
20
7.227342
11
8.171884
21
7.180322
0
LINE
8
boundary
62
5
39
2
10
8.171884
20
7.180322
11
8.153357
21
7.150176
0
LINE
8
boundary
62
5
39
2
10
8.153357
20
7.150176
11
8.132004
21
7.104477
0
LINE
8
boundary
62
5
39
2
10
8.132004
20
7.104477
11
8.120963
21
7.087737
0
LINE
8
boundary
62
5
39
2
10
8.120963
20
7.087737
11
8.102760
21
7.066542
0
LINE
8
boundary
62
5
39
2
10
8.102760
20
7.066542
11
8.071169
21
7.034555
0
LINE
8
boundary
62
5
39
2
10
8.071169
20
7.034555
11
8.039577
21
7.002569
0
LINE
8
boundary
62
5
39
2
10
8.039577
20
7.002569
11
8.024174
21
6.977964
0
LINE
8
boundary
62
5
39
2
10
8.024174
20
6.977964
11
8.005578
21
6.952762
0
LINE
8
boundary
62
5
39
2
10
8.005578
20
6.952762
11
7.984854
21
6.929577
0
LINE
8
boundary
62
5
39
2
10
7.984854
20
6.929577
11
7.946522
21
6.886696
0
LINE
8
boundary
62
5
39
2
10
7.946522
20
6.886696
11
7.925797
21
6.863511
0
LINE
8
boundary
62
5
39
2
10
7.925797
20
6.863511
11
7.907292
21
6.838982
0
LINE
8
boundary
62
5
39
2
10
7.907292
20
6.838982
11
7.823349
21
6.767742
0
LINE
8
boundary
62
5
39
2
10
7.823349
20
6.767742
11
7.801527
21
6.747551
0
LINE
8
boundary
62
5
39
2
10
7.801527
20
6.747551
11
7.778254
21
6.725202
0
LINE
8
boundary
62
5
39
2
10
7.778254
20
6.725202
11
7.707938
21
6.662396
0
LINE
8
boundary
62
5
39
2
10
7.707938
20
6.662396
11
7.684579
21
6.642205
0
LINE
8
boundary
62
5
39
2
10
7.684579
20
6.642205
11
7.656843
21
6.622771
0
LINE
8
boundary
62
5
39
2
10
7.656843
20
6.622771
11
7.636652
21
6.607691
0
LINE
8
boundary
62
5
39
2
10
7.636652
20
6.607691
11
7.590990
21
6.581859
0
LINE
8
boundary
62
5
39
2
10
7.590990
20
6.581859
11
7.564266
21
6.569847
0
LINE
8
boundary
62
5
39
2
10
7.564266
20
6.569847
11
7.490868
21
6.543897
0
LINE
8
boundary
62
5
39
2
10
7.490868
20
6.543897
11
7.470677
21
6.535616
0
LINE
8
boundary
62
5
39
2
10
7.470677
20
6.535616
11
7.421970
21
6.599410
0
LINE
8
boundary
62
5
39
2
10
7.421970
20
6.599410
11
7.400747
21
6.630376
0
LINE
8
boundary
62
5
39
2
10
7.400747
20
6.630376
11
7.379707
21
6.699660
0
LINE
8
boundary
62
5
39
2
10
7.379707
20
6.699660
11
7.365204
21
6.725202
0
LINE
8
boundary
62
5
39
2
10
7.365204
20
6.725202
11
7.356897
21
6.759214
0
LINE
8
boundary
62
5
39
2
10
7.356897
20
6.759214
11
7.321645
21
6.799358
0
LINE
8
boundary
62
5
39
2
10
7.321645
20
6.799358
11
7.301697
21
6.838982
0
LINE
8
boundary
62
5
39
2
10
7.301697
20
6.838982
11
7.272407
21
6.854762
0
LINE
8
boundary
62
5
39
2
10
7.272407
20
6.854762
11
7.243117
21
6.870543
0
LINE
8
boundary
62
5
39
2
10
7.243117
20
6.870543
11
7.222167
21
6.854762
0
LINE
8
boundary
62
5
39
2
10
7.222167
20
6.854762
11
7.201218
21
6.838982
0
LINE
8
boundary
62
5
39
2
10
7.201218
20
6.838982
11
7.191666
21
6.794832
0
LINE
8
boundary
62
5
39
2
10
7.191666
20
6.794832
11
7.185948
21
6.769352
0
LINE
8
boundary
62
5
39
2
10
7.185948
20
6.769352
11
7.176311
21
6.725202
0
LINE
8
boundary
62
5
39
2
10
7.176311
20
6.725202
11
7.167312
21
6.681671
0
LINE
8
boundary
62
5
39
2
10
7.167312
20
6.681671
11
7.163879
21
6.660774
0
LINE
8
boundary
62
5
39
2
10
7.163879
20
6.660774
11
7.154167
21
6.611422
0
LINE
8
boundary
62
5
39
2
10
7.154167
20
6.611422
11
7.149245
21
6.591513
0
LINE
8
boundary
62
5
39
2
10
7.149245
20
6.591513
11
7.130714
21
6.499019
0
LINE
8
boundary
62
5
39
2
10
7.130714
20
6.499019
11
7.103776
21
6.453680
0
LINE
8
boundary
62
5
39
2
10
7.103776
20
6.453680
11
7.093912
21
6.427823
0
LINE
8
boundary
62
5
39
2
10
7.093912
20
6.427823
11
7.074889
21
6.383861
0
LINE
8
boundary
62
5
39
2
10
7.074889
20
6.383861
11
7.032992
21
6.354027
0
LINE
8
boundary
62
5
39
2
10
7.032992
20
6.354027
11
7.015557
21
6.343822
0
LINE
8
boundary
62
5
39
2
10
7.015557
20
6.343822
11
6.994447
21
6.333675
0
LINE
8
boundary
62
5
39
2
10
6.994447
20
6.333675
11
6.918681
21
6.293115
0
LINE
8
boundary
62
5
39
2
10
6.918681
20
6.293115
11
6.880602
21
6.279506
0
LINE
8
boundary
62
5
39
2
10
6.880602
20
6.279506
11
6.844704
21
6.270081
0
LINE
8
boundary
62
5
39
2
10
6.844704
20
6.270081
11
6.805576
21
6.256684
0
LINE
8
boundary
62
5
39
2
10
6.805576
20
6.256684
11
6.768698
21
6.238063
0
LINE
8
boundary
62
5
39
2
10
6.768698
20
6.238063
11
6.693389
21
6.205215
0
LINE
8
boundary
62
5
39
2
10
6.693389
20
6.205215
11
6.674216
21
6.195083
0
LINE
8
boundary
62
5
39
2
10
6.674216
20
6.195083
11
6.619454
21
6.169722
0
LINE
8
boundary
62
5
39
2
10
6.619454
20
6.169722
11
6.590622
21
6.156301
0
LINE
8
boundary
62
5
39
2
10
6.590622
20
6.156301
11
6.571031
21
6.144190
0
LINE
8
boundary
62
5
39
2
10
6.571031
20
6.144190
11
6.532134
21
6.119150
0
LINE
8
boundary
62
5
39
2
10
6.532134
20
6.119150
11
6.489774
21
6.090642
0
LINE
8
boundary
62
5
39
2
10
6.489774
20
6.090642
11
6.446656
21
6.064392
0
LINE
8
boundary
62
5
39
2
10
6.446656
20
6.064392
11
6.418731
21
6.042521
0
LINE
8
boundary
62
5
39
2
10
6.418731
20
6.042521
11
6.394752
21
6.034275
0
LINE
8
boundary
62
5
39
2
10
6.394752
20
6.034275
11
6.354398
21
6.011565
0
LINE
8
boundary
62
5
39
2
10
6.354398
20
6.011565
11
6.332876
21
6.006003
0
LINE
8
boundary
62
5
39
2
10
6.332876
20
6.006003
11
6.312685
21
6.004379
0
LINE
8
boundary
62
5
39
2
10
6.312685
20
6.004379
11
6.239287
21
5.993784
0
LINE
8
boundary
62
5
39
2
10
6.239287
20
5.993784
11
6.219096
21
5.992159
0
LINE
8
boundary
62
5
39
2
10
6.219096
20
5.992159
11
6.199156
21
5.980323
0
LINE
8
boundary
62
5
39
2
10
6.199156
20
5.980323
11
6.152337
21
5.939498
0
LINE
8
boundary
62
5
39
2
10
6.152337
20
5.939498
11
6.135460
21
5.899301
0
LINE
8
boundary
62
5
39
2
10
6.135460
20
5.899301
11
6.127869
21
5.844402
0
LINE
8
boundary
62
5
39
2
10
6.127869
20
5.844402
11
6.126176
21
5.814961
0
LINE
8
boundary
62
5
39
2
10
6.126176
20
5.814961
11
6.198634
21
5.766217
0
LINE
8
boundary
62
5
39
2
10
6.198634
20
5.766217
11
6.219096
21
5.755900
0
LINE
8
boundary
62
5
39
2
10
6.219096
20
5.755900
11
6.239287
21
5.754153
0
LINE
8
boundary
62
5
39
2
10
6.239287
20
5.754153
11
6.312685
21
5.742486
0
LINE
8
boundary
62
5
39
2
10
6.312685
20
5.742486
11
6.332876
21
5.740739
0
LINE
8
boundary
62
5
39
2
10
6.332876
20
5.740739
11
6.353725
21
5.733540
0
LINE
8
boundary
62
5
39
2
10
6.353725
20
5.733540
11
6.391339
21
5.711281
0
LINE
8
boundary
62
5
39
2
10
6.391339
20
5.711281
11
6.414031
21
5.701181
0
LINE
8
boundary
62
5
39
2
10
6.414031
20
5.701181
11
6.430343
21
5.685154
0
LINE
8
boundary
62
5
39
2
10
6.430343
20
5.685154
11
6.446656
21
5.669127
0
LINE
8
boundary
62
5
39
2
10
6.446656
20
5.669127
11
6.469151
21
5.648218
0
LINE
8
boundary
62
5
39
2
10
6.469151
20
5.648218
11
6.503997
21
5.610534
0
LINE
8
boundary
62
5
39
2
10
6.503997
20
5.610534
11
6.526961
21
5.587401
0
LINE
8
boundary
62
5
39
2
10
6.526961
20
5.587401
11
6.543699
21
5.571918
0
LINE
8
boundary
62
5
39
2
10
6.543699
20
5.571918
11
6.560436
21
5.556436
0
LINE
8
boundary
62
5
39
2
10
6.560436
20
5.556436
11
6.590237
21
5.536387
0
LINE
8
boundary
62
5
39
2
10
6.590237
20
5.536387
11
6.641753
21
5.501465
0
LINE
8
boundary
62
5
39
2
10
6.641753
20
5.501465
11
6.668096
21
5.483274
0
LINE
8
boundary
62
5
39
2
10
6.668096
20
5.483274
11
6.686416
21
5.473621
0
LINE
8
boundary
62
5
39
2
10
6.686416
20
5.473621
11
6.732988
21
5.460641
0
LINE
8
boundary
62
5
39
2
10
6.732988
20
5.460641
11
6.787997
21
5.446679
0
LINE
8
boundary
62
5
39
2
10
6.787997
20
5.446679
11
6.818530
21
5.431034
0
LINE
8
boundary
62
5
39
2
10
6.818530
20
5.431034
11
6.882037
21
5.388360
0
LINE
8
boundary
62
5
39
2
10
6.882037
20
5.388360
11
6.901777
21
5.376624
0
LINE
8
boundary
62
5
39
2
10
6.901777
20
5.376624
11
6.926641
21
5.359841
0
LINE
8
boundary
62
5
39
2
10
6.926641
20
5.359841
11
6.922877
21
5.338741
0
LINE
8
boundary
62
5
39
2
10
6.922877
20
5.338741
11
6.907645
21
5.251929
0
LINE
8
boundary
62
5
39
2
10
6.907645
20
5.251929
11
6.901777
21
5.219271
0
LINE
8
boundary
62
5
39
2
10
6.901777
20
5.219271
11
6.891879
21
5.164359
0
LINE
8
boundary
62
5
39
2
10
6.891879
20
5.164359
11
6.886096
21
5.132281
0
LINE
8
boundary
62
5
39
2
10
6.886096
20
5.132281
11
6.876956
21
5.081491
0
LINE
8
boundary
62
5
39
2
10
6.876956
20
5.081491
11
6.865619
21
5.018501
0
LINE
8
boundary
62
5
39
2
10
6.865619
20
5.018501
11
6.863937
21
4.968570
0
LINE
8
boundary
62
5
39
2
10
6.863937
20
4.968570
11
6.861754
21
4.904721
0
LINE
8
boundary
62
5
39
2
10
6.861754
20
4.904721
11
6.881765
21
4.886231
0
LINE
8
boundary
62
5
39
2
10
6.881765
20
4.886231
11
6.901777
21
4.867742
0
LINE
8
boundary
62
5
39
2
10
6.901777
20
4.867742
11
6.925950
21
4.850809
0
LINE
8
boundary
62
5
39
2
10
6.925950
20
4.850809
11
6.997930
21
4.825472
0
LINE
8
boundary
62
5
39
2
10
6.997930
20
4.825472
11
7.035748
21
4.814835
0
LINE
8
boundary
62
5
39
2
10
7.035748
20
4.814835
11
7.109146
21
4.839969
0
LINE
8
boundary
62
5
39
2
10
7.109146
20
4.839969
11
7.129337
21
4.837650
0
LINE
8
boundary
62
5
39
2
10
7.129337
20
4.837650
11
7.149528
21
4.843319
0
LINE
8
boundary
62
5
39
2
10
7.149528
20
4.843319
11
7.222926
21
4.883147
0
LINE
8
boundary
62
5
39
2
10
7.222926
20
4.883147
11
7.243117
21
4.888815
0
LINE
8
boundary
62
5
39
2
10
7.243117
20
4.888815
11
7.261313
21
4.899253
0
LINE
8
boundary
62
5
39
2
10
7.261313
20
4.899253
11
7.280910
21
4.934172
0
LINE
8
boundary
62
5
39
2
10
7.280910
20
4.934172
11
7.297383
21
4.989049
0
LINE
8
boundary
62
5
39
2
10
7.297383
20
4.989049
11
7.307307
21
5.018501
0
LINE
8
boundary
62
5
39
2
10
7.307307
20
5.018501
11
7.315899
21
5.063491
0
LINE
8
boundary
62
5
39
2
10
7.315899
20
5.063491
11
7.320072
21
5.087291
0
LINE
8
boundary
62
5
39
2
10
7.320072
20
5.087291
11
7.328989
21
5.132281
0
LINE
8
boundary
62
5
39
2
10
7.328989
20
5.132281
11
7.337892
21
5.180798
0
LINE
8
boundary
62
5
39
2
10
7.337892
20
5.180798
11
7.344737
21
5.215018
0
LINE
8
boundary
62
5
39
2
10
7.344737
20
5.215018
11
7.350666
21
5.246061
0
LINE
8
boundary
62
5
39
2
10
7.350666
20
5.246061
11
7.356897
21
5.282849
0
LINE
8
boundary
62
5
39
2
10
7.356897
20
5.282849
11
7.364461
21
5.350261
0
LINE
8
annotation
62
1
39
211
10
8.150623
20
6.336552
11
8.153357
21
6.347010
0
LINE
8
annotation
62
1
39
211
10
8.153357
20
6.347010
11
8.157298
21
6.365549
0
LINE
8
annotation
62
1
39
211
10
8.157298
20
6.365549
11
8.161818
21
6.383862
0
LINE
8
annotation
62
1
39
211
10
8.161818
20
6.383862
11
8.166692
21
6.412458
0
LINE
8
annotation
62
1
39
211
10
8.166692
20
6.412458
11
8.172105
21
6.457445
0
LINE
8
annotation
62
1
39
211
10
8.172105
20
6.457445
11
8.179580
21
6.497640
0
LINE
8
annotation
62
1
39
211
10
8.179580
20
6.497640
11
8.183882
21
6.545613
0
LINE
8
annotation
62
1
39
211
10
8.183882
20
6.545613
11
8.185140
21
6.561475
0
LINE
8
annotation
62
1
39
211
10
8.185140
20
6.561475
11
8.189685
21
6.611423
0
LINE
8
annotation
62
1
39
211
10
8.189685
20
6.611423
11
8.183585
21
6.656226
0
LINE
8
annotation
62
1
39
211
10
8.183585
20
6.656226
11
8.170797
21
6.699351
0
LINE
8
annotation
62
1
39
211
10
8.170797
20
6.699351
11
8.165655
21
6.725201
0
LINE
8
annotation
62
1
39
211
10
8.165655
20
6.725201
11
8.159506
21
6.729659
0
LINE
8
annotation
62
1
39
211
10
8.159506
20
6.729659
11
8.153359
21
6.734119
0
LINE
8
annotation
62
1
39
211
10
8.153359
20
6.734119
11
8.144347
21
6.729661
0
LINE
8
annotation
62
1
39
211
10
8.144347
20
6.729661
11
8.135339
21
6.725202
0
LINE
8
annotation
62
1
39
211
10
8.135339
20
6.725202
11
8.080068
21
6.685477
0
LINE
8
annotation
62
1
39
211
10
8.080068
20
6.685477
11
8.079617
21
6.685271
0
LINE
8
annotation
62
1
39
211
10
8.079617
20
6.685271
11
8.039578
21
6.682148
0
LINE
8
annotation
62
1
39
211
10
8.039578
20
6.682148
11
7.983015
21
6.650796
0
LINE
8
annotation
62
1
39
211
10
7.983015
20
6.650796
11
7.980586
21
6.649559
0
LINE
8
annotation
62
1
39
211
10
7.980586
20
6.649559
11
7.925797
21
6.620848
0
LINE
8
annotation
62
1
39
211
10
7.925797
20
6.620848
11
7.918683
21
6.616134
0
LINE
8
annotation
62
1
39
211
10
7.918683
20
6.616134
11
7.911573
21
6.611422
0
LINE
8
annotation
62
1
39
211
10
7.911573
20
6.611422
11
7.862524
21
6.579417
0
LINE
8
annotation
62
1
39
211
10
7.862524
20
6.579417
11
7.846049
21
6.568995
0
LINE
8
annotation
62
1
39
211
10
7.846049
20
6.568995
11
7.812016
21
6.550508
0
LINE
8
annotation
62
1
39
211
10
7.812016
20
6.550508
11
7.804820
21
6.547742
0
LINE
8
annotation
62
1
39
211
10
7.081788
20
4.989152
11
7.091655
21
5.018500
0
LINE
8
annotation
62
1
39
211
10
7.091655
20
5.018500
11
7.097435
21
5.050244
0
LINE
8
annotation
62
1
39
211
10
7.097435
20
5.050244
11
7.104195
21
5.087430
0
LINE
8
annotation
62
1
39
211
10
7.104195
20
5.087430
11
7.108138
21
5.109138
0
LINE
8
annotation
62
1
39
211
10
7.108138
20
5.109138
11
7.112350
21
5.132280
0
LINE
8
annotation
62
1
39
211
10
7.112350
20
5.132280
11
7.114947
21
5.146671
0
LINE
8
annotation
62
1
39
211
10
7.114947
20
5.146671
11
7.129336
21
5.226443
0
LINE
8
annotation
62
1
39
211
10
7.129336
20
5.226443
11
7.130934
21
5.235287
0
LINE
8
annotation
62
1
39
211
10
7.130934
20
5.235287
11
7.132874
21
5.246061
0
LINE
8
annotation
62
1
39
211
10
7.132874
20
5.246061
11
7.145971
21
5.292313
0
LINE
8
annotation
62
1
39
211
10
7.145971
20
5.292313
11
7.149394
21
5.304076
0
LINE
8
annotation
62
1
39
211
10
7.149394
20
5.304076
11
7.163888
21
5.359840
0
LINE
8
annotation
62
1
39
211
10
7.163888
20
5.359840
11
7.184582
21
5.369911
0
LINE
8
annotation
62
1
39
211
10
7.184582
20
5.369911
11
7.219439
21
5.393327
0
LINE
8
annotation
62
1
39
211
10
8.584409
20
8.574886
11
8.584497
21
8.574261
0
LINE
8
annotation
62
1
39
211
10
8.584497
20
8.574261
11
8.588654
21
8.545682
0
LINE
8
annotation
62
1
39
211
10
8.588654
20
8.545682
11
8.599278
21
8.489373
0
LINE
8
annotation
62
1
39
211
10
8.599278
20
8.489373
11
8.608477
21
8.440602
0
LINE
8
annotation
62
1
39
211
10
8.608477
20
8.440602
11
8.609618
21
8.434558
0
LINE
8
annotation
62
1
39
211
10
8.609618
20
8.434558
11
8.610118
21
8.431902
0
LINE
8
annotation
62
1
39
211
10
8.610118
20
8.431902
11
8.610925
21
8.427633
0
LINE
8
annotation
62
1
39
211
10
8.610925
20
8.427633
11
8.618743
21
8.386236
0
LINE
8
annotation
62
1
39
211
10
8.618743
20
8.386236
11
8.627838
21
8.338074
0
LINE
8
annotation
62
1
39
211
10
8.627838
20
8.338074
11
8.631604
21
8.318123
0
LINE
8
annotation
62
1
39
211
10
8.631604
20
8.318123
11
8.634633
21
8.302094
0
LINE
8
annotation
62
1
39
211
10
8.634633
20
8.302094
11
8.650070
21
8.220371
0
LINE
8
annotation
62
1
39
211
10
8.650070
20
8.220371
11
8.653096
21
8.204342
0
LINE
8
annotation
62
1
39
211
10
8.653096
20
8.204342
11
8.655779
21
8.190137
0
LINE
8
annotation
62
1
39
211
10
8.655779
20
8.190137
11
8.671957
21
8.104489
0
LINE
8
annotation
62
1
39
211
10
8.671957
20
8.104489
11
8.674586
21
8.090563
0
LINE
8
annotation
62
1
39
211
10
8.674586
20
8.090563
11
8.679635
21
8.066773
0
LINE
8
annotation
62
1
39
211
10
8.679635
20
8.066773
11
8.694031
21
8.000571
0
LINE
8
annotation
62
1
39
211
10
8.694031
20
8.000571
11
8.698994
21
7.976783
0
LINE
8
annotation
62
1
39
211
10
8.698994
20
7.976783
11
8.712036
21
7.921792
0
LINE
8
annotation
62
1
39
211
10
8.712036
20
7.921792
11
8.712939
21
7.917995
0
LINE
8
annotation
62
1
39
211
10
8.712939
20
7.917995
11
8.713548
21
7.915410
0
LINE
8
annotation
62
1
39
211
10
8.713548
20
7.915410
11
8.722259
21
7.878591
0
LINE
8
annotation
62
1
39
211
10
8.722259
20
7.878591
11
8.724686
21
7.868759
0
LINE
8
annotation
62
1
39
211
10
8.724686
20
7.868759
11
8.726197
21
7.863003
0
LINE
8
annotation
62
1
39
211
10
8.726197
20
7.863003
11
8.734516
21
7.853654
0
LINE
8
annotation
62
1
39
211
10
8.734516
20
7.853654
11
8.744591
21
7.839702
0
LINE
8
annotation
62
1
39
211
10
7.001927
20
9.585005
11
7.015558
21
9.591952
0
LINE
8
annotation
62
1
39
211
10
7.015558
20
9.591952
11
7.067450
21
9.625924
0
LINE
8
annotation
62
1
39
211
10
7.067450
20
9.625924
11
7.069034
21
9.626947
0
LINE
8
annotation
62
1
39
211
10
7.069034
20
9.626947
11
7.129337
21
9.666019
0
LINE
8
annotation
62
1
39
211
10
7.129337
20
9.666019
11
7.139743
21
9.674753
0
LINE
8
annotation
62
1
39
211
10
7.139743
20
9.674753
11
7.150153
21
9.683484
0
LINE
8
annotation
62
1
39
211
10
7.150153
20
9.683484
11
7.150600
21
9.719526
0
LINE
8
annotation
62
1
39
211
10
7.150600
20
9.719526
11
7.154488
21
9.754637
0
LINE
8
annotation
62
1
39
211
10
7.154488
20
9.754637
11
7.154138
21
9.797266
0
LINE
8
annotation
62
1
39
211
10
7.154138
20
9.797266
11
7.141736
21
9.804637
0
LINE
8
annotation
62
1
39
211
10
7.141736
20
9.804637
11
7.134156
21
9.809145
0
LINE
8
annotation
62
1
39
211
10
5.254540
20
9.456526
11
5.254077
21
9.455923
0
LINE
8
annotation
62
1
39
211
10
5.254077
20
9.455923
11
5.235667
21
9.419280
0
LINE
8
annotation
62
1
39
211
10
5.235667
20
9.419280
11
5.230522
21
9.411811
0
LINE
8
annotation
62
1
39
211
10
5.230522
20
9.411811
11
5.195076
21
9.367427
0
LINE
8
annotation
62
1
39
211
10
5.195076
20
9.367427
11
5.187374
21
9.354785
0
LINE
8
annotation
62
1
39
211
10
5.187374
20
9.354785
11
5.179673
21
9.342144
0
LINE
8
annotation
62
1
39
211
10
5.179673
20
9.342144
11
5.176230
21
9.311886
0
LINE
8
annotation
62
1
39
211
10
5.176230
20
9.311886
11
5.184701
21
9.245018
0
LINE
8
annotation
62
1
39
211
10
5.184701
20
9.245018
11
5.183562
21
9.228362
0
LINE
8
annotation
62
1
39
211
10
5.183562
20
9.228362
11
5.189321
21
9.223325
0
LINE
8
annotation
62
1
39
211
10
5.189321
20
9.223325
11
5.195075
21
9.218287
0
LINE
8
annotation
62
1
39
211
10
5.195075
20
9.218287
11
5.212978
21
9.217429
0
LINE
8
annotation
62
1
39
211
10
5.212978
20
9.217429
11
5.273064
21
9.206503
0
LINE
8
annotation
62
1
39
211
10
5.273064
20
9.206503
11
5.308854
21
9.206555
0
LINE
8
annotation
62
1
39
211
10
5.308854
20
9.206555
11
5.345582
21
9.213030
0
LINE
8
annotation
62
1
39
211
10
5.345582
20
9.213030
11
5.395654
21
9.217719
0
LINE
8
annotation
62
1
39
211
10
7.030014
20
5.848461
11
7.030014
21
5.848461
0
LINE
8
annotation
62
1
39
211
10
7.030014
20
5.848461
11
7.030705
21
5.840766
0
LINE
8
annotation
62
1
39
211
10
7.030705
20
5.840766
11
7.032696
21
5.833528
0
LINE
8
annotation
62
1
39
211
10
7.032696
20
5.833528
11
7.035867
21
5.826867
0
LINE
8
annotation
62
1
39
211
10
7.035867
20
5.826867
11
7.040094
21
5.820904
0
LINE
8
annotation
62
1
39
211
10
7.040094
20
5.820904
11
7.045257
21
5.815756
0
LINE
8
annotation
62
1
39
211
10
7.045257
20
5.815756
11
7.051232
21
5.811545
0
LINE
8
annotation
62
1
39
211
10
7.051232
20
5.811545
11
7.057898
21
5.808389
0
LINE
8
annotation
62
1
39
211
10
7.057898
20
5.808389
11
7.065133
21
5.806408
0
LINE
8
annotation
62
1
39
211
10
7.065133
20
5.806408
11
7.072815
21
5.805721
0
LINE
8
annotation
62
1
39
211
10
7.072815
20
5.805721
11
7.072815
21
5.805721
0
LINE
8
annotation
62
1
39
211
10
7.072815
20
5.805721
11
7.080497
21
5.806408
0
LINE
8
annotation
62
1
39
211
10
7.080497
20
5.806408
11
7.087732
21
5.808389
0
LINE
8
annotation
62
1
39
211
10
7.087732
20
5.808389
11
7.094398
21
5.811545
0
LINE
8
annotation
62
1
39
211
10
7.094398
20
5.811545
11
7.100373
21
5.815756
0
LINE
8
annotation
62
1
39
211
10
7.100373
20
5.815756
11
7.105535
21
5.820904
0
LINE
8
annotation
62
1
39
211
10
7.105535
20
5.820904
11
7.109762
21
5.826867
0
LINE
8
annotation
62
1
39
211
10
7.109762
20
5.826867
11
7.112933
21
5.833528
0
LINE
8
annotation
62
1
39
211
10
7.112933
20
5.833528
11
7.114925
21
5.840766
0
LINE
8
annotation
62
1
39
211
10
7.114925
20
5.840766
11
7.115616
21
5.848461
0
LINE
8
annotation
62
1
39
211
10
7.115616
20
5.848461
11
7.115616
21
5.869783
0
LINE
8
annotation
62
1
39
211
10
7.115616
20
5.869783
11
7.115616
21
5.869783
0
LINE
8
annotation
62
1
39
211
10
7.115616
20
5.869783
11
7.114925
21
5.877483
0
LINE
8
annotation
62
1
39
211
10
7.114925
20
5.877483
11
7.112934
21
5.884731
0
LINE
8
annotation
62
1
39
211
10
7.112934
20
5.884731
11
7.109765
21
5.891406
0
LINE
8
annotation
62
1
39
211
10
7.109765
20
5.891406
11
7.105539
21
5.897387
0
LINE
8
annotation
62
1
39
211
10
7.105539
20
5.897387
11
7.100378
21
5.902552
0
LINE
8
annotation
62
1
39
211
10
7.100378
20
5.902552
11
7.094403
21
5.906780
0
LINE
8
annotation
62
1
39
211
10
7.094403
20
5.906780
11
7.087737
21
5.909951
0
LINE
8
annotation
62
1
39
211
10
7.087737
20
5.909951
11
7.080500
21
5.911942
0
LINE
8
annotation
62
1
39
211
10
7.080500
20
5.911942
11
7.072815
21
5.912633
0
LINE
8
annotation
62
1
39
211
10
7.072815
20
5.912633
11
7.072815
21
5.912633
0
LINE
8
annotation
62
1
39
211
10
7.072815
20
5.912633
11
7.065130
21
5.911942
0
LINE
8
annotation
62
1
39
211
10
7.065130
20
5.911942
11
7.057893
21
5.909950
0
LINE
8
annotation
62
1
39
211
10
7.057893
20
5.909950
11
7.051226
21
5.906778
0
LINE
8
annotation
62
1
39
211
10
7.051226
20
5.906778
11
7.045252
21
5.902548
0
LINE
8
annotation
62
1
39
211
10
7.045252
20
5.902548
11
7.040090
21
5.897382
0
LINE
8
annotation
62
1
39
211
10
7.040090
20
5.897382
11
7.035864
21
5.891400
0
LINE
8
annotation
62
1
39
211
10
7.035864
20
5.891400
11
7.032695
21
5.884726
0
LINE
8
annotation
62
1
39
211
10
7.032695
20
5.884726
11
7.030704
21
5.877480
0
LINE
8
annotation
62
1
39
211
10
7.030704
20
5.877480
11
7.030014
21
5.869783
0
LINE
8
annotation
62
1
39
211
10
7.030014
20
5.869783
11
7.030014
21
5.848461
0
LINE
8
annotation
62
1
39
211
10
7.115616
20
5.955495
11
7.115616
21
5.955495
0
LINE
8
annotation
62
1
39
211
10
7.115616
20
5.955495
11
7.114925
21
5.963158
0
LINE
8
annotation
62
1
39
211
10
7.114925
20
5.963158
11
7.112934
21
5.970379
0
LINE
8
annotation
62
1
39
211
10
7.112934
20
5.970379
11
7.109765
21
5.977035
0
LINE
8
annotation
62
1
39
211
10
7.109765
20
5.977035
11
7.105539
21
5.983003
0
LINE
8
annotation
62
1
39
211
10
7.105539
20
5.983003
11
7.100378
21
5.988160
0
LINE
8
annotation
62
1
39
211
10
7.100378
20
5.988160
11
7.094403
21
5.992384
0
LINE
8
annotation
62
1
39
211
10
7.094403
20
5.992384
11
7.087737
21
5.995553
0
LINE
8
annotation
62
1
39
211
10
7.087737
20
5.995553
11
7.080500
21
5.997544
0
LINE
8
annotation
62
1
39
211
10
7.080500
20
5.997544
11
7.072815
21
5.998235
0
LINE
8
annotation
62
1
39
211
10
7.072815
20
5.998235
11
7.072815
21
5.998235
0
LINE
8
annotation
62
1
39
211
10
7.072815
20
5.998235
11
7.065130
21
5.997544
0
LINE
8
annotation
62
1
39
211
10
7.065130
20
5.997544
11
7.057893
21
5.995553
0
LINE
8
annotation
62
1
39
211
10
7.057893
20
5.995553
11
7.051226
21
5.992384
0
LINE
8
annotation
62
1
39
211
10
7.051226
20
5.992384
11
7.045252
21
5.988160
0
LINE
8
annotation
62
1
39
211
10
7.045252
20
5.988160
11
7.040090
21
5.983003
0
LINE
8
annotation
62
1
39
211
10
7.040090
20
5.983003
11
7.035864
21
5.977035
0
LINE
8
annotation
62
1
39
211
10
7.035864
20
5.977035
11
7.032695
21
5.970379
0
LINE
8
annotation
62
1
39
211
10
7.032695
20
5.970379
11
7.030704
21
5.963158
0
LINE
8
annotation
62
1
39
211
10
7.030704
20
5.963158
11
7.030014
21
5.955495
0
LINE
8
annotation
62
1
39
211
10
7.030014
20
5.955495
11
7.030014
21
5.955495
0
LINE
8
annotation
62
1
39
211
10
7.030014
20
5.955495
11
7.030705
21
5.947795
0
LINE
8
annotation
62
1
39
211
10
7.030705
20
5.947795
11
7.032696
21
5.940546
0
LINE
8
annotation
62
1
39
211
10
7.032696
20
5.940546
11
7.035867
21
5.933869
0
LINE
8
annotation
62
1
39
211
10
7.035867
20
5.933869
11
7.040094
21
5.927886
0
LINE
8
annotation
62
1
39
211
10
7.040094
20
5.927886
11
7.045257
21
5.922719
0
LINE
8
annotation
62
1
39
211
10
7.045257
20
5.922719
11
7.051232
21
5.918489
0
LINE
8
annotation
62
1
39
211
10
7.051232
20
5.918489
11
7.057898
21
5.915316
0
LINE
8
annotation
62
1
39
211
10
7.057898
20
5.915316
11
7.065133
21
5.913324
0
LINE
8
annotation
62
1
39
211
10
7.065133
20
5.913324
11
7.072815
21
5.912633
0
LINE
8
annotation
62
1
39
211
10
7.072815
20
5.912633
11
7.072815
21
5.912633
0
LINE
8
annotation
62
1
39
211
10
7.072815
20
5.912633
11
7.080497
21
5.913324
0
LINE
8
annotation
62
1
39
211
10
7.080497
20
5.913324
11
7.087732
21
5.915316
0
LINE
8
annotation
62
1
39
211
10
7.087732
20
5.915316
11
7.094398
21
5.918489
0
LINE
8
annotation
62
1
39
211
10
7.094398
20
5.918489
11
7.100373
21
5.922719
0
LINE
8
annotation
62
1
39
211
10
7.100373
20
5.922719
11
7.105535
21
5.927886
0
LINE
8
annotation
62
1
39
211
10
7.105535
20
5.927886
11
7.109762
21
5.933869
0
LINE
8
annotation
62
1
39
211
10
7.109762
20
5.933869
11
7.112933
21
5.940546
0
LINE
8
annotation
62
1
39
211
10
7.112933
20
5.940546
11
7.114925
21
5.947795
0
LINE
8
annotation
62
1
39
211
10
7.114925
20
5.947795
11
7.115616
21
5.955495
0
LINE
8
annotation
62
1
39
211
10
7.293302
20
5.902099
11
7.187913
21
5.902099
0
LINE
8
annotation
62
1
39
211
10
7.408419
20
5.805727
11
7.408419
21
5.998471
0
LINE
8
annotation
62
1
39
211
10
7.408419
20
5.998471
11
7.365569
21
5.955609
0
LINE
8
hole
62
5
39
2
10
5.802361
20
10.557826
11
5.642361
21
10.557826
0
LINE
8
hole
62
5
39
2
10
5.642361
20
10.557826
11
5.642361
21
10.717826
0
LINE
8
hole
62
5
39
2
10
5.642361
20
10.717826
11
5.802361
21
10.717826
0
LINE
8
hole
62
5
39
2
10
5.802361
20
10.717826
11
5.802361
21
10.557826
0
LINE
8
hole
62
5
39
2
10
5.075050
20
10.972121
11
4.915050
21
10.972121
0
LINE
8
hole
62
5
39
2
10
4.915050
20
10.972121
11
4.915050
21
11.132121
0
LINE
8
hole
62
5
39
2
10
4.915050
20
11.132121
11
5.075050
21
11.132121
0
LINE
8
hole
62
5
39
2
10
5.075050
20
11.132121
11
5.075050
21
10.972121
0
LINE
8
boundary
62
5
39
2
10
6.757088
20
10.591567
11
6.821336
21
10.672067
0
LINE
8
boundary
62
5
39
2
10
6.821336
20
10.672067
11
6.822740
21
10.694555
0
LINE
8
boundary
62
5
39
2
10
6.822740
20
10.694555
11
6.756907
21
10.767952
0
LINE
8
boundary
62
5
39
2
10
6.756907
20
10.767952
11
6.737453
21
10.777455
0
LINE
8
boundary
62
5
39
2
10
6.737453
20
10.777455
11
6.645489
21
10.789301
0
LINE
8
boundary
62
5
39
2
10
6.645489
20
10.789301
11
6.623673
21
10.790355
0
LINE
8
boundary
62
5
39
2
10
6.623673
20
10.790355
11
6.531709
21
10.791662
0
LINE
8
boundary
62
5
39
2
10
6.531709
20
10.791662
11
6.509893
21
10.791842
0
LINE
8
boundary
62
5
39
2
10
6.509893
20
10.791842
11
6.417929
21
10.792352
0
LINE
8
boundary
62
5
39
2
10
6.417929
20
10.792352
11
6.396112
21
10.792675
0
LINE
8
boundary
62
5
39
2
10
6.396112
20
10.792675
11
6.304149
21
10.796501
0
LINE
8
boundary
62
5
39
2
10
6.304149
20
10.796501
11
6.277965
21
10.798353
0
LINE
8
boundary
62
5
39
2
10
6.277965
20
10.798353
11
6.245748
21
10.805880
0
LINE
8
boundary
62
5
39
2
10
6.245748
20
10.805880
11
6.199318
21
10.820167
0
LINE
8
boundary
62
5
39
2
10
6.199318
20
10.820167
11
6.179461
21
10.826277
0
LINE
8
boundary
62
5
39
2
10
6.179461
20
10.826277
11
6.088170
21
10.898068
0
LINE
8
boundary
62
5
39
2
10
6.088170
20
10.898068
11
6.066166
21
10.912744
0
LINE
8
boundary
62
5
39
2
10
6.066166
20
10.912744
11
6.039498
21
10.934042
0
LINE
8
boundary
62
5
39
2
10
6.039498
20
10.934042
11
5.978083
21
10.981066
0
LINE
8
boundary
62
5
39
2
10
5.978083
20
10.981066
11
5.951901
21
11.001240
0
LINE
8
boundary
62
5
39
2
10
5.951901
20
11.001240
11
5.932940
21
11.020109
0
LINE
8
boundary
62
5
39
2
10
5.932940
20
11.020109
11
5.913678
21
11.034965
0
LINE
8
boundary
62
5
39
2
10
5.913678
20
11.034965
11
5.850333
21
11.074565
0
LINE
8
boundary
62
5
39
2
10
5.850333
20
11.074565
11
5.827527
21
11.089359
0
LINE
8
boundary
62
5
39
2
10
5.827527
20
11.089359
11
5.756649
21
11.131053
0
LINE
8
boundary
62
5
39
2
10
5.756649
20
11.131053
11
5.733593
21
11.149250
0
LINE
8
boundary
62
5
39
2
10
5.733593
20
11.149250
11
5.710700
21
11.171728
0
LINE
8
boundary
62
5
39
2
10
5.710700
20
11.171728
11
5.646177
21
11.240638
0
LINE
8
boundary
62
5
39
2
10
5.646177
20
11.240638
11
5.630374
21
11.254890
0
LINE
8
boundary
62
5
39
2
10
5.630374
20
11.254890
11
5.630084
21
11.301587
0
LINE
8
boundary
62
5
39
2
10
5.630084
20
11.301587
11
5.631374
21
11.321973
0
LINE
8
boundary
62
5
39
2
10
5.631374
20
11.321973
11
5.629815
21
11.368670
0
LINE
8
boundary
62
5
39
2
10
5.629815
20
11.368670
11
5.637810
21
11.412963
0
LINE
8
boundary
62
5
39
2
10
5.637810
20
11.412963
11
5.642542
21
11.438157
0
LINE
8
boundary
62
5
39
2
10
5.642542
20
11.438157
11
5.650649
21
11.482450
0
LINE
8
boundary
62
5
39
2
10
5.650649
20
11.482450
11
5.656329
21
11.513551
0
LINE
8
boundary
62
5
39
2
10
5.656329
20
11.513551
11
5.665499
21
11.565129
0
LINE
8
boundary
62
5
39
2
10
5.665499
20
11.565129
11
5.671140
21
11.596230
0
LINE
8
boundary
62
5
39
2
10
5.671140
20
11.596230
11
5.652309
21
11.616792
0
LINE
8
boundary
62
5
39
2
10
5.652309
20
11.616792
11
5.629391
21
11.641819
0
LINE
8
boundary
62
5
39
2
10
5.629391
20
11.641819
11
5.610560
21
11.662381
0
LINE
8
boundary
62
5
39
2
10
5.610560
20
11.662381
11
5.588829
21
11.641819
0
LINE
8
boundary
62
5
39
2
10
5.588829
20
11.641819
11
5.562379
21
11.616792
0
LINE
8
boundary
62
5
39
2
10
5.562379
20
11.616792
11
5.540647
21
11.596230
0
LINE
8
boundary
62
5
39
2
10
5.540647
20
11.596230
11
5.532266
21
11.571601
0
LINE
8
boundary
62
5
39
2
10
5.532266
20
11.571601
11
5.496780
21
11.539914
0
LINE
8
boundary
62
5
39
2
10
5.496780
20
11.539914
11
5.485371
21
11.512501
0
LINE
8
boundary
62
5
39
2
10
5.485371
20
11.512501
11
5.472864
21
11.482450
0
LINE
8
boundary
62
5
39
2
10
5.472864
20
11.482450
11
5.464520
21
11.457019
0
LINE
8
boundary
62
5
39
2
10
5.464520
20
11.457019
11
5.440615
21
11.394100
0
LINE
8
boundary
62
5
39
2
10
5.440615
20
11.394100
11
5.431651
21
11.368670
0
LINE
8
boundary
62
5
39
2
10
5.431651
20
11.368670
11
5.392837
21
11.338525
0
LINE
8
boundary
62
5
39
2
10
5.392837
20
11.338525
11
5.300679
21
11.365799
0
LINE
8
boundary
62
5
39
2
10
5.300679
20
11.365799
11
5.272978
21
11.375555
0
LINE
8
boundary
62
5
39
2
10
5.272978
20
11.375555
11
5.164289
21
11.406158
0
LINE
8
boundary
62
5
39
2
10
5.164289
20
11.406158
11
5.137930
21
11.415584
0
LINE
8
boundary
62
5
39
2
10
5.137930
20
11.415584
11
5.059169
21
11.432124
0
LINE
8
boundary
62
5
39
2
10
5.059169
20
11.432124
11
5.012245
21
11.442228
0
LINE
8
boundary
62
5
39
2
10
5.012245
20
11.442228
11
4.957295
21
11.450702
0
LINE
8
boundary
62
5
39
2
10
4.957295
20
11.450702
11
4.927880
21
11.456788
0
LINE
8
boundary
62
5
39
2
10
4.927880
20
11.456788
11
4.899648
21
11.445890
0
LINE
8
boundary
62
5
39
2
10
4.899648
20
11.445890
11
4.842332
21
11.418818
0
LINE
8
boundary
62
5
39
2
10
4.842332
20
11.418818
11
4.814100
21
11.406795
0
LINE
8
boundary
62
5
39
2
10
4.814100
20
11.406795
11
4.786473
21
11.380975
0
LINE
8
boundary
62
5
39
2
10
4.786473
20
11.380975
11
4.762277
21
11.340333
0
LINE
8
boundary
62
5
39
2
10
4.762277
20
11.340333
11
4.729286
21
11.283226
0
LINE
8
boundary
62
5
39
2
10
4.729286
20
11.283226
11
4.717163
21
11.254890
0
LINE
8
boundary
62
5
39
2
10
4.717163
20
11.254890
11
4.707649
21
11.204978
0
LINE
8
boundary
62
5
39
2
10
4.707649
20
11.204978
11
4.700320
21
11.165531
0
LINE
8
boundary
62
5
39
2
10
4.700320
20
11.165531
11
4.697064
21
11.145569
0
LINE
8
boundary
62
5
39
2
10
4.697064
20
11.145569
11
4.693213
21
11.095993
0
LINE
8
boundary
62
5
39
2
10
4.693213
20
11.095993
11
4.687197
21
11.041275
0
LINE
8
boundary
62
5
39
2
10
4.687197
20
11.041275
11
4.691317
21
11.018864
0
LINE
8
boundary
62
5
39
2
10
4.691317
20
11.018864
11
4.700320
21
10.996301
0
LINE
8
boundary
62
5
39
2
10
4.700320
20
10.996301
11
4.732644
21
10.924798
0
LINE
8
boundary
62
5
39
2
10
4.732644
20
10.924798
11
4.745326
21
10.901952
0
LINE
8
boundary
62
5
39
2
10
4.745326
20
10.901952
11
4.802437
21
10.817248
0
LINE
8
boundary
62
5
39
2
10
4.802437
20
10.817248
11
4.813476
21
10.800359
0
LINE
8
boundary
62
5
39
2
10
4.813476
20
10.800359
11
4.891839
21
10.698342
0
LINE
8
boundary
62
5
39
2
10
4.891839
20
10.698342
11
4.906235
21
10.681465
0
LINE
8
boundary
62
5
39
2
10
4.906235
20
10.681465
11
4.923144
21
10.660676
0
LINE
8
boundary
62
5
39
2
10
4.923144
20
10.660676
11
4.993209
21
10.578593
0
LINE
8
boundary
62
5
39
2
10
4.993209
20
10.578593
11
5.037062
21
10.531873
0
LINE
8
boundary
62
5
39
2
10
5.037062
20
10.531873
11
5.100864
21
10.463044
0
LINE
8
boundary
62
5
39
2
10
5.100864
20
10.463044
11
5.150169
21
10.420526
0
LINE
8
boundary
62
5
39
2
10
5.150169
20
10.420526
11
5.258294
21
10.361123
0
LINE
8
boundary
62
5
39
2
10
5.258294
20
10.361123
11
5.278336
21
10.352431
0
LINE
8
boundary
62
5
39
2
10
5.278336
20
10.352431
11
5.304357
21
10.344649
0
LINE
8
boundary
62
5
39
2
10
5.304357
20
10.344649
11
5.368275
21
10.318677
0
LINE
8
boundary
62
5
39
2
10
5.368275
20
10.318677
11
5.399036
21
10.310585
0
LINE
8
boundary
62
5
39
2
10
5.399036
20
10.310585
11
5.480745
21
10.295572
0
LINE
8
boundary
62
5
39
2
10
5.480745
20
10.295572
11
5.511673
21
10.294981
0
LINE
8
boundary
62
5
39
2
10
5.511673
20
10.294981
11
5.595667
21
10.311591
0
LINE
8
boundary
62
5
39
2
10
5.595667
20
10.311591
11
5.628047
21
10.313822
0
LINE
8
boundary
62
5
39
2
10
5.628047
20
10.313822
11
5.706854
21
10.313190
0
LINE
8
boundary
62
5
39
2
10
5.706854
20
10.313190
11
5.755079
21
10.320374
0
LINE
8
boundary
62
5
39
2
10
5.755079
20
10.320374
11
5.807382
21
10.330294
0
LINE
8
boundary
62
5
39
2
10
5.807382
20
10.330294
11
5.838120
21
10.337588
0
LINE
8
boundary
62
5
39
2
10
5.838120
20
10.337588
11
5.873434
21
10.357749
0
LINE
8
boundary
62
5
39
2
10
5.873434
20
10.357749
11
5.938210
21
10.398450
0
LINE
8
boundary
62
5
39
2
10
5.938210
20
10.398450
11
5.964570
21
10.416411
0
LINE
8
boundary
62
5
39
2
10
5.964570
20
10.416411
11
6.004206
21
10.448252
0
LINE
8
boundary
62
5
39
2
10
6.004206
20
10.448252
11
6.026469
21
10.463714
0
LINE
8
boundary
62
5
39
2
10
6.026469
20
10.463714
11
6.055910
21
10.490339
0
LINE
8
boundary
62
5
39
2
10
6.055910
20
10.490339
11
6.076589
21
10.497023
0
LINE
8
boundary
62
5
39
2
10
6.076589
20
10.497023
11
6.168552
21
10.532412
0
LINE
8
boundary
62
5
39
2
10
6.168552
20
10.532412
11
6.190369
21
10.535220
0
LINE
8
boundary
62
5
39
2
10
6.190369
20
10.535220
11
6.282332
21
10.544074
0
LINE
8
boundary
62
5
39
2
10
6.282332
20
10.544074
11
6.304149
21
10.544594
0
LINE
8
boundary
62
5
39
2
10
6.304149
20
10.544594
11
6.396112
21
10.544474
0
LINE
8
boundary
62
5
39
2
10
6.396112
20
10.544474
11
6.417929
21
10.544941
0
LINE
8
boundary
62
5
39
2
10
6.417929
20
10.544941
11
6.509893
21
10.548530
0
LINE
8
boundary
62
5
39
2
10
6.509893
20
10.548530
11
6.531709
21
10.549473
0
LINE
8
boundary
62
5
39
2
10
6.531709
20
10.549473
11
6.623673
21
10.553844
0
LINE
8
boundary
62
5
39
2
10
6.623673
20
10.553844
11
6.647481
21
10.556224
0
LINE
8
boundary
62
5
39
2
10
6.647481
20
10.556224
11
6.708879
21
10.569369
0
LINE
8
boundary
62
5
39
2
10
6.708879
20
10.569369
11
6.736778
21
10.575988
0
LINE
8
boundary
62
5
39
2
10
6.736778
20
10.575988
11
6.757088
21
10.591567
0
LINE
8
annotation
62
1
39
211
10
5.298496
20
10.689433
11
5.298496
21
10.998212
0
LINE
8
annotation
62
1
39
211
10
5.298496
20
10.998212
11
5.229850
21
10.929547
0
LINE
8
annotation
62
1
39
211
10
5.551438
20
10.689430
11
5.414302
21
10.689430
0
LINE
8
annotation
62
1
39
211
10
5.414302
20
10.689430
11
5.541020
21
10.893431
0
LINE
8
annotation
62
1
39
211
10
5.541020
20
10.893431
11
5.541020
21
10.893431
0
LINE
8
annotation
62
1
39
211
10
5.541020
20
10.893431
11
5.541172
21
10.893618
0
LINE
8
annotation
62
1
39
211
10
5.541172
20
10.893618
11
5.541317
21
10.893807
0
LINE
8
annotation
62
1
39
211
10
5.541317
20
10.893807
11
5.541457
21
10.894000
0
LINE
8
annotation
62
1
39
211
10
5.541457
20
10.894000
11
5.541593
21
10.894197
0
LINE
8
annotation
62
1
39
211
10
5.541593
20
10.894197
11
5.541725
21
10.894400
0
LINE
8
annotation
62
1
39
211
10
5.541725
20
10.894400
11
5.541855
21
10.894611
0
LINE
8
annotation
62
1
39
211
10
5.541855
20
10.894611
11
5.541983
21
10.894832
0
LINE
8
annotation
62
1
39
211
10
5.541983
20
10.894832
11
5.542112
21
10.895064
0
LINE
8
annotation
62
1
39
211
10
5.542112
20
10.895064
11
5.542240
21
10.895309
0
LINE
8
annotation
62
1
39
211
10
5.542240
20
10.895309
11
5.542240
21
10.895309
0
LINE
8
annotation
62
1
39
211
10
5.542240
20
10.895309
11
5.547472
21
10.906543
0
LINE
8
annotation
62
1
39
211
10
5.547472
20
10.906543
11
5.550529
21
10.918188
0
LINE
8
annotation
62
1
39
211
10
5.550529
20
10.918188
11
5.551485
21
10.929981
0
LINE
8
annotation
62
1
39
211
10
5.551485
20
10.929981
11
5.550415
21
10.941659
0
LINE
8
annotation
62
1
39
211
10
5.550415
20
10.941659
11
5.547394
21
10.952958
0
LINE
8
annotation
62
1
39
211
10
5.547394
20
10.952958
11
5.542497
21
10.963616
0
LINE
8
annotation
62
1
39
211
10
5.542497
20
10.963616
11
5.535799
21
10.973369
0
LINE
8
annotation
62
1
39
211
10
5.535799
20
10.973369
11
5.527375
21
10.981954
0
LINE
8
annotation
62
1
39
211
10
5.527375
20
10.981954
11
5.517299
21
10.989109
0
LINE
8
annotation
62
1
39
211
10
5.517299
20
10.989109
11
5.517299
21
10.989109
0
LINE
8
annotation
62
1
39
211
10
5.517299
20
10.989109
11
5.506034
21
10.994267
0
LINE
8
annotation
62
1
39
211
10
5.506034
20
10.994267
11
5.494371
21
10.997276
0
LINE
8
annotation
62
1
39
211
10
5.494371
20
10.997276
11
5.482571
21
10.998205
0
LINE
8
annotation
62
1
39
211
10
5.482571
20
10.998205
11
5.470896
21
10.997121
0
LINE
8
annotation
62
1
39
211
10
5.470896
20
10.997121
11
5.459604
21
10.994092
0
LINE
8
annotation
62
1
39
211
10
5.459604
20
10.994092
11
5.448958
21
10.989185
0
LINE
8
annotation
62
1
39
211
10
5.448958
20
10.989185
11
5.439218
21
10.982468
0
LINE
8
annotation
62
1
39
211
10
5.439218
20
10.982468
11
5.430645
21
10.974010
0
LINE
8
annotation
62
1
39
211
10
5.430645
20
10.974010
11
5.423500
21
10.963877
0
LINE
8
annotation
62
1
39
211
10
5.423500
20
10.963877
11
5.414495
21
10.946605
0
LINE
8
hole
62
5
39
2
10
8.311307
20
10.727962
11
8.151307
21
10.727962
0
LINE
8
hole
62
5
39
2
10
8.151307
20
10.727962
11
8.151307
21
10.887962
0
LINE
8
hole
62
5
39
2
10
8.151307
20
10.887962
11
8.311307
21
10.887962
0
LINE
8
hole
62
5
39
2
10
8.311307
20
10.887962
11
8.311307
21
10.727962
0
LINE
8
boundary
62
5
39
2
10
8.476796
20
10.354118
11
8.586123
21
10.425526
0
LINE
8
boundary
62
5
39
2
10
8.586123
20
10.425526
11
8.631688
21
10.473671
0
LINE
8
boundary
62
5
39
2
10
8.631688
20
10.473671
11
8.690365
21
10.585311
0
LINE
8
boundary
62
5
39
2
10
8.690365
20
10.585311
11
8.701118
21
10.623678
0
LINE
8
boundary
62
5
39
2
10
8.701118
20
10.623678
11
8.718743
21
10.698660
0
LINE
8
boundary
62
5
39
2
10
8.718743
20
10.698660
11
8.749260
21
10.813040
0
LINE
8
boundary
62
5
39
2
10
8.749260
20
10.813040
11
8.735655
21
10.926820
0
LINE
8
boundary
62
5
39
2
10
8.735655
20
10.926820
11
8.710066
21
11.040991
0
LINE
8
boundary
62
5
39
2
10
8.710066
20
11.040991
11
8.700094
21
11.060880
0
LINE
8
boundary
62
5
39
2
10
8.700094
20
11.060880
11
8.644356
21
11.153490
0
LINE
8
boundary
62
5
39
2
10
8.644356
20
11.153490
11
8.590476
21
11.232559
0
LINE
8
boundary
62
5
39
2
10
8.590476
20
11.232559
11
8.559450
21
11.270342
0
LINE
8
boundary
62
5
39
2
10
8.559450
20
11.270342
11
8.477150
21
11.342262
0
LINE
8
boundary
62
5
39
2
10
8.477150
20
11.342262
11
8.386334
21
11.383075
0
LINE
8
boundary
62
5
39
2
10
8.386334
20
11.383075
11
8.366428
21
11.391552
0
LINE
8
boundary
62
5
39
2
10
8.366428
20
11.391552
11
8.255166
21
11.432387
0
LINE
8
boundary
62
5
39
2
10
8.255166
20
11.432387
11
8.138217
21
11.445931
0
LINE
8
boundary
62
5
39
2
10
8.138217
20
11.445931
11
8.027400
21
11.400190
0
LINE
8
boundary
62
5
39
2
10
8.027400
20
11.400190
11
7.994992
21
11.395877
0
LINE
8
boundary
62
5
39
2
10
7.994992
20
11.395877
11
7.931149
21
11.392313
0
LINE
8
boundary
62
5
39
2
10
7.931149
20
11.392313
11
7.906181
21
11.391409
0
LINE
8
boundary
62
5
39
2
10
7.906181
20
11.391409
11
7.797745
21
11.474838
0
LINE
8
boundary
62
5
39
2
10
7.797745
20
11.474838
11
7.766899
21
11.498573
0
LINE
8
boundary
62
5
39
2
10
7.766899
20
11.498573
11
7.680995
21
11.564668
0
LINE
8
boundary
62
5
39
2
10
7.680995
20
11.564668
11
7.619303
21
11.612204
0
LINE
8
boundary
62
5
39
2
10
7.619303
20
11.612204
11
7.566967
21
11.652421
0
LINE
8
boundary
62
5
39
2
10
7.566967
20
11.652421
11
7.474013
21
11.723974
0
LINE
8
boundary
62
5
39
2
10
7.474013
20
11.723974
11
7.453128
21
11.740089
0
LINE
8
boundary
62
5
39
2
10
7.453128
20
11.740089
11
7.342336
21
11.822577
0
LINE
8
boundary
62
5
39
2
10
7.342336
20
11.822577
11
7.305973
21
11.839931
0
LINE
8
boundary
62
5
39
2
10
7.305973
20
11.839931
11
7.229072
21
11.872453
0
LINE
8
boundary
62
5
39
2
10
7.229072
20
11.872453
11
7.192001
21
11.843876
0
LINE
8
boundary
62
5
39
2
10
7.192001
20
11.843876
11
7.150486
21
11.732419
0
LINE
8
boundary
62
5
39
2
10
7.150486
20
11.732419
11
7.220409
21
11.620092
0
LINE
8
boundary
62
5
39
2
10
7.220409
20
11.620092
11
7.331850
21
11.525122
0
LINE
8
boundary
62
5
39
2
10
7.331850
20
11.525122
11
7.362161
21
11.501748
0
LINE
8
boundary
62
5
39
2
10
7.362161
20
11.501748
11
7.446257
21
11.438495
0
LINE
8
boundary
62
5
39
2
10
7.446257
20
11.438495
11
7.513325
21
11.387544
0
LINE
8
boundary
62
5
39
2
10
7.513325
20
11.387544
11
7.561898
21
11.350070
0
LINE
8
boundary
62
5
39
2
10
7.561898
20
11.350070
11
7.658012
21
11.274774
0
LINE
8
boundary
62
5
39
2
10
7.658012
20
11.274774
11
7.676925
21
11.258491
0
LINE
8
boundary
62
5
39
2
10
7.676925
20
11.258491
11
7.762589
21
11.161926
0
LINE
8
boundary
62
5
39
2
10
7.762589
20
11.161926
11
7.723127
21
11.049506
0
LINE
8
boundary
62
5
39
2
10
7.723127
20
11.049506
11
7.711411
21
10.935726
0
LINE
8
boundary
62
5
39
2
10
7.711411
20
10.935726
11
7.680551
21
10.855627
0
LINE
8
boundary
62
5
39
2
10
7.680551
20
10.855627
11
7.610336
21
10.821825
0
LINE
8
boundary
62
5
39
2
10
7.610336
20
10.821825
11
7.569069
21
10.811273
0
LINE
8
boundary
62
5
39
2
10
7.569069
20
10.811273
11
7.455513
21
10.789675
0
LINE
8
boundary
62
5
39
2
10
7.455513
20
10.789675
11
7.340778
21
10.768654
0
LINE
8
boundary
62
5
39
2
10
7.340778
20
10.768654
11
7.229252
21
10.748695
0
LINE
8
boundary
62
5
39
2
10
7.229252
20
10.748695
11
7.119142
21
10.725450
0
LINE
8
boundary
62
5
39
2
10
7.119142
20
10.725450
11
7.069189
21
10.706564
0
LINE
8
boundary
62
5
39
2
10
7.069189
20
10.706564
11
7.000598
21
10.662314
0
LINE
8
boundary
62
5
39
2
10
7.000598
20
10.662314
11
6.959242
21
10.595041
0
LINE
8
boundary
62
5
39
2
10
6.959242
20
10.595041
11
6.992984
21
10.542390
0
LINE
8
boundary
62
5
39
2
10
6.992984
20
10.542390
11
7.105350
21
10.485803
0
LINE
8
boundary
62
5
39
2
10
7.105350
20
10.485803
11
7.219048
21
10.491829
0
LINE
8
boundary
62
5
39
2
10
7.219048
20
10.491829
11
7.332828
21
10.507139
0
LINE
8
boundary
62
5
39
2
10
7.332828
20
10.507139
11
7.446608
21
10.522475
0
LINE
8
boundary
62
5
39
2
10
7.446608
20
10.522475
11
7.560388
21
10.536879
0
LINE
8
boundary
62
5
39
2
10
7.560388
20
10.536879
11
7.674168
21
10.551803
0
LINE
8
boundary
62
5
39
2
10
7.674168
20
10.551803
11
7.787948
21
10.562348
0
LINE
8
boundary
62
5
39
2
10
7.787948
20
10.562348
11
7.869365
21
10.478599
0
LINE
8
boundary
62
5
39
2
10
7.869365
20
10.478599
11
7.904176
21
10.443151
0
LINE
8
boundary
62
5
39
2
10
7.904176
20
10.443151
11
7.992709
21
10.364805
0
LINE
8
boundary
62
5
39
2
10
7.992709
20
10.364805
11
8.018239
21
10.346728
0
LINE
8
boundary
62
5
39
2
10
8.018239
20
10.346728
11
8.129288
21
10.315773
0
LINE
8
boundary
62
5
39
2
10
8.129288
20
10.315773
11
8.242868
21
10.294475
0
LINE
8
boundary
62
5
39
2
10
8.242868
20
10.294475
11
8.355040
21
10.313178
0
LINE
8
boundary
62
5
39
2
10
8.355040
20
10.313178
11
8.470971
21
10.350668
0
LINE
8
boundary
62
5
39
2
10
8.470971
20
10.350668
11
8.476796
21
10.354118
0
LINE
8
annotation
62
1
39
211
10
7.977780
20
10.987204
11
7.891751
21
10.987204
0
LINE
8
annotation
62
1
39
211
10
7.891751
20
10.987204
11
7.971245
21
11.115179
0
LINE
8
annotation
62
1
39
211
10
7.971245
20
11.115179
11
7.971245
21
11.115179
0
LINE
8
annotation
62
1
39
211
10
7.971245
20
11.115179
11
7.971340
21
11.115297
0
LINE
8
annotation
62
1
39
211
10
7.971340
20
11.115297
11
7.971431
21
11.115415
0
LINE
8
annotation
62
1
39
211
10
7.971431
20
11.115415
11
7.971519
21
11.115536
0
LINE
8
annotation
62
1
39
211
10
7.971519
20
11.115536
11
7.971604
21
11.115660
0
LINE
8
annotation
62
1
39
211
10
7.971604
20
11.115660
11
7.971687
21
11.115787
0
LINE
8
annotation
62
1
39
211
10
7.971687
20
11.115787
11
7.971768
21
11.115920
0
LINE
8
annotation
62
1
39
211
10
7.971768
20
11.115920
11
7.971849
21
11.116058
0
LINE
8
annotation
62
1
39
211
10
7.971849
20
11.116058
11
7.971929
21
11.116204
0
LINE
8
annotation
62
1
39
211
10
7.971929
20
11.116204
11
7.972010
21
11.116358
0
LINE
8
annotation
62
1
39
211
10
7.972010
20
11.116358
11
7.972010
21
11.116358
0
LINE
8
annotation
62
1
39
211
10
7.972010
20
11.116358
11
7.975292
21
11.123405
0
LINE
8
annotation
62
1
39
211
10
7.975292
20
11.123405
11
7.977210
21
11.130710
0
LINE
8
annotation
62
1
39
211
10
7.977210
20
11.130710
11
7.977809
21
11.138108
0
LINE
8
annotation
62
1
39
211
10
7.977809
20
11.138108
11
7.977138
21
11.145434
0
LINE
8
annotation
62
1
39
211
10
7.977138
20
11.145434
11
7.975243
21
11.152522
0
LINE
8
annotation
62
1
39
211
10
7.975243
20
11.152522
11
7.972171
21
11.159208
0
LINE
8
annotation
62
1
39
211
10
7.972171
20
11.159208
11
7.967969
21
11.165326
0
LINE
8
annotation
62
1
39
211
10
7.967969
20
11.165326
11
7.962684
21
11.170712
0
LINE
8
annotation
62
1
39
211
10
7.962684
20
11.170712
11
7.956364
21
11.175201
0
LINE
8
annotation
62
1
39
211
10
7.956364
20
11.175201
11
7.956364
21
11.175201
0
LINE
8
annotation
62
1
39
211
10
7.956364
20
11.175201
11
7.949297
21
11.178436
0
LINE
8
annotation
62
1
39
211
10
7.949297
20
11.178436
11
7.941980
21
11.180324
0
LINE
8
annotation
62
1
39
211
10
7.941980
20
11.180324
11
7.934578
21
11.180907
0
LINE
8
annotation
62
1
39
211
10
7.934578
20
11.180907
11
7.927253
21
11.180227
0
LINE
8
annotation
62
1
39
211
10
7.927253
20
11.180227
11
7.920170
21
11.178326
0
LINE
8
annotation
62
1
39
211
10
7.920170
20
11.178326
11
7.913492
21
11.175248
0
LINE
8
annotation
62
1
39
211
10
7.913492
20
11.175248
11
7.907381
21
11.171035
0
LINE
8
annotation
62
1
39
211
10
7.907381
20
11.171035
11
7.902003
21
11.165729
0
LINE
8
annotation
62
1
39
211
10
7.902003
20
11.165729
11
7.897521
21
11.159372
0
LINE
8
annotation
62
1
39
211
10
7.897521
20
11.159372
11
7.891872
21
11.148537
0
LINE
8
annotation
62
1
39
211
10
8.093504
20
10.987206
11
8.093504
21
11.180912
0
LINE
8
annotation
62
1
39
211
10
8.093504
20
11.180912
11
8.050440
21
11.137836
0
LINE
8
annotation
62
1
39
211
10
8.272071
20
11.084059
11
8.166156
21
11.084059
0
LINE
8
annotation
62
1
39
211
10
8.344692
20
10.987212
11
8.387707
21
10.987212
0
LINE
8
annotation
62
1
39
211
10
8.387707
20
10.987212
11
8.387707
21
10.987212
0
LINE
8
annotation
62
1
39
211
10
8.387707
20
10.987212
11
8.395443
21
10.987906
0
LINE
8
annotation
62
1
39
211
10
8.395443
20
10.987906
11
8.402723
21
10.989906
0
LINE
8
annotation
62
1
39
211
10
8.402723
20
10.989906
11
8.409424
21
10.993089
0
LINE
8
annotation
62
1
39
211
10
8.409424
20
10.993089
11
8.415427
21
10.997333
0
LINE
8
annotation
62
1
39
211
10
8.415427
20
10.997333
11
8.420610
21
11.002515
0
LINE
8
annotation
62
1
39
211
10
8.420610
20
11.002515
11
8.424852
21
11.008512
0
LINE
8
annotation
62
1
39
211
10
8.424852
20
11.008512
11
8.428032
21
11.015202
0
LINE
8
annotation
62
1
39
211
10
8.428032
20
11.015202
11
8.430029
21
11.022460
0
LINE
8
annotation
62
1
39
211
10
8.430029
20
11.022460
11
8.430722
21
11.030166
0
LINE
8
annotation
62
1
39
211
10
8.430722
20
11.030166
11
8.430722
21
11.051703
0
LINE
8
annotation
62
1
39
211
10
8.430722
20
11.051703
11
8.430722
21
11.051703
0
LINE
8
annotation
62
1
39
211
10
8.430722
20
11.051703
11
8.430029
21
11.059406
0
LINE
8
annotation
62
1
39
211
10
8.430029
20
11.059406
11
8.428032
21
11.066663
0
LINE
8
annotation
62
1
39
211
10
8.428032
20
11.066663
11
8.424852
21
11.073351
0
LINE
8
annotation
62
1
39
211
10
8.424852
20
11.073351
11
8.420610
21
11.079349
0
LINE
8
annotation
62
1
39
211
10
8.420610
20
11.079349
11
8.415427
21
11.084532
0
LINE
8
annotation
62
1
39
211
10
8.415427
20
11.084532
11
8.409424
21
11.088777
0
LINE
8
annotation
62
1
39
211
10
8.409424
20
11.088777
11
8.402723
21
11.091962
0
LINE
8
annotation
62
1
39
211
10
8.402723
20
11.091962
11
8.395443
21
11.093963
0
LINE
8
annotation
62
1
39
211
10
8.395443
20
11.093963
11
8.387707
21
11.094657
0
LINE
8
annotation
62
1
39
211
10
8.387707
20
11.094657
11
8.366169
21
11.094657
0
LINE
8
annotation
62
1
39
211
10
8.366169
20
11.094657
11
8.387707
21
11.094657
0
LINE
8
annotation
62
1
39
211
10
8.387707
20
11.094657
11
8.387707
21
11.094657
0
LINE
8
annotation
62
1
39
211
10
8.387707
20
11.094657
11
8.395443
21
11.095352
0
LINE
8
annotation
62
1
39
211
10
8.395443
20
11.095352
11
8.402723
21
11.097354
0
LINE
8
annotation
62
1
39
211
10
8.402723
20
11.097354
11
8.409424
21
11.100542
0
LINE
8
annotation
62
1
39
211
10
8.409424
20
11.100542
11
8.415427
21
11.104794
0
LINE
8
annotation
62
1
39
211
10
8.415427
20
11.104794
11
8.420610
21
11.109987
0
LINE
8
annotation
62
1
39
211
10
8.420610
20
11.109987
11
8.424852
21
11.115999
0
LINE
8
annotation
62
1
39
211
10
8.424852
20
11.115999
11
8.428032
21
11.122709
0
LINE
8
annotation
62
1
39
211
10
8.428032
20
11.122709
11
8.430029
21
11.129994
0
LINE
8
annotation
62
1
39
211
10
8.430029
20
11.129994
11
8.430722
21
11.137733
0
LINE
8
annotation
62
1
39
211
10
8.430722
20
11.137733
11
8.430722
21
11.137733
0
LINE
8
annotation
62
1
39
211
10
8.430722
20
11.137733
11
8.430029
21
11.145435
0
LINE
8
annotation
62
1
39
211
10
8.430029
20
11.145435
11
8.428032
21
11.152692
0
LINE
8
annotation
62
1
39
211
10
8.428032
20
11.152692
11
8.424852
21
11.159381
0
LINE
8
annotation
62
1
39
211
10
8.424852
20
11.159381
11
8.420610
21
11.165378
0
LINE
8
annotation
62
1
39
211
10
8.420610
20
11.165378
11
8.415427
21
11.170561
0
LINE
8
annotation
62
1
39
211
10
8.415427
20
11.170561
11
8.409424
21
11.174806
0
LINE
8
annotation
62
1
39
211
10
8.409424
20
11.174806
11
8.402723
21
11.177991
0
LINE
8
annotation
62
1
39
211
10
8.402723
20
11.177991
11
8.395443
21
11.179992
0
LINE
8
annotation
62
1
39
211
10
8.395443
20
11.179992
11
8.387707
21
11.180687
0
LINE
8
annotation
62
1
39
211
10
8.387707
20
11.180687
11
8.344692
21
11.180687
0
LINE
8
hole
62
5
39
2
10
10.323956
20
5.746098
11
10.163956
21
5.746098
0
LINE
8
hole
62
5
39
2
10
10.163956
20
5.746098
11
10.163956
21
5.906098
0
LINE
8
hole
62
5
39
2
10
10.163956
20
5.906098
11
10.323956
21
5.906098
0
LINE
8
hole
62
5
39
2
10
10.323956
20
5.906098
11
10.323956
21
5.746098
0
LINE
8
hole
62
5
39
2
10
9.534004
20
6.708696
11
9.374004
21
6.708696
0
LINE
8
hole
62
5
39
2
10
9.374004
20
6.708696
11
9.374004
21
6.868696
0
LINE
8
hole
62
5
39
2
10
9.374004
20
6.868696
11
9.534004
21
6.868696
0
LINE
8
hole
62
5
39
2
10
9.534004
20
6.868696
11
9.534004
21
6.708696
0
LINE
8
boundary
62
5
39
2
10
10.780224
20
4.829774
11
10.802622
21
4.850580
0
LINE
8
boundary
62
5
39
2
10
10.802622
20
4.850580
11
10.851615
21
4.961800
0
LINE
8
boundary
62
5
39
2
10
10.851615
20
4.961800
11
10.869030
21
5.075778
0
LINE
8
boundary
62
5
39
2
10
10.869030
20
5.075778
11
10.877884
21
5.189558
0
LINE
8
boundary
62
5
39
2
10
10.877884
20
5.189558
11
10.860866
21
5.303338
0
LINE
8
boundary
62
5
39
2
10
10.860866
20
5.303338
11
10.850231
21
5.417118
0
LINE
8
boundary
62
5
39
2
10
10.850231
20
5.417118
11
10.811117
21
5.530898
0
LINE
8
boundary
62
5
39
2
10
10.811117
20
5.530898
11
10.784933
21
5.592619
0
LINE
8
boundary
62
5
39
2
10
10.784933
20
5.592619
11
10.746728
21
5.608793
0
LINE
8
boundary
62
5
39
2
10
10.746728
20
5.608793
11
10.699940
21
5.606378
0
LINE
8
boundary
62
5
39
2
10
10.699940
20
5.606378
11
10.666444
21
5.611486
0
LINE
8
boundary
62
5
39
2
10
10.666444
20
5.611486
11
10.649240
21
5.588492
0
LINE
8
boundary
62
5
39
2
10
10.649240
20
5.588492
11
10.622150
21
5.554886
0
LINE
8
boundary
62
5
39
2
10
10.622150
20
5.554886
11
10.607309
21
5.537064
0
LINE
8
boundary
62
5
39
2
10
10.607309
20
5.537064
11
10.588105
21
5.512071
0
LINE
8
boundary
62
5
39
2
10
10.588105
20
5.512071
11
10.571868
21
5.490939
0
LINE
8
boundary
62
5
39
2
10
10.571868
20
5.490939
11
10.552664
21
5.465946
0
LINE
8
boundary
62
5
39
2
10
10.552664
20
5.465946
11
10.532777
21
5.453224
0
LINE
8
boundary
62
5
39
2
10
10.532777
20
5.453224
11
10.486334
21
5.423284
0
LINE
8
boundary
62
5
39
2
10
10.486334
20
5.423284
11
10.462609
21
5.410258
0
LINE
8
boundary
62
5
39
2
10
10.462609
20
5.410258
11
10.438884
21
5.397233
0
LINE
8
boundary
62
5
39
2
10
10.438884
20
5.397233
11
10.401726
21
5.387717
0
LINE
8
boundary
62
5
39
2
10
10.401726
20
5.387717
11
10.362262
21
5.380560
0
LINE
8
boundary
62
5
39
2
10
10.362262
20
5.380560
11
10.325104
21
5.372267
0
LINE
8
boundary
62
5
39
2
10
10.325104
20
5.372267
11
10.297041
21
5.374481
0
LINE
8
boundary
62
5
39
2
10
10.297041
20
5.374481
11
10.239386
21
5.385832
0
LINE
8
boundary
62
5
39
2
10
10.239386
20
5.385832
11
10.211324
21
5.388248
0
LINE
8
boundary
62
5
39
2
10
10.211324
20
5.388248
11
10.171370
21
5.396551
0
LINE
8
boundary
62
5
39
2
10
10.171370
20
5.396551
11
10.137498
21
5.401884
0
LINE
8
boundary
62
5
39
2
10
10.137498
20
5.401884
11
10.097544
21
5.413738
0
LINE
8
boundary
62
5
39
2
10
10.097544
20
5.413738
11
10.084575
21
5.463737
0
LINE
8
boundary
62
5
39
2
10
10.084575
20
5.463737
11
10.087770
21
5.496610
0
LINE
8
boundary
62
5
39
2
10
10.087770
20
5.496610
11
10.088374
21
5.537064
0
LINE
8
boundary
62
5
39
2
10
10.088374
20
5.537064
11
10.112930
21
5.553762
0
LINE
8
boundary
62
5
39
2
10
10.112930
20
5.553762
11
10.195937
21
5.608704
0
LINE
8
boundary
62
5
39
2
10
10.195937
20
5.608704
11
10.220213
21
5.621551
0
LINE
8
boundary
62
5
39
2
10
10.220213
20
5.621551
11
10.252866
21
5.642426
0
LINE
8
boundary
62
5
39
2
10
10.252866
20
5.642426
11
10.317912
21
5.682086
0
LINE
8
boundary
62
5
39
2
10
10.317912
20
5.682086
11
10.428597
21
5.736109
0
LINE
8
boundary
62
5
39
2
10
10.428597
20
5.736109
11
10.474443
21
5.756732
0
LINE
8
boundary
62
5
39
2
10
10.474443
20
5.756732
11
10.544637
21
5.791943
0
LINE
8
boundary
62
5
39
2
10
10.544637
20
5.791943
11
10.622121
21
5.767981
0
LINE
8
boundary
62
5
39
2
10
10.622121
20
5.767981
11
10.654777
21
5.717941
0
LINE
8
boundary
62
5
39
2
10
10.654777
20
5.717941
11
10.666444
21
5.693352
0
LINE
8
boundary
62
5
39
2
10
10.666444
20
5.693352
11
10.679968
21
5.717470
0
LINE
8
boundary
62
5
39
2
10
10.679968
20
5.717470
11
10.692590
21
5.749612
0
LINE
8
boundary
62
5
39
2
10
10.692590
20
5.749612
11
10.693708
21
5.773409
0
LINE
8
boundary
62
5
39
2
10
10.693708
20
5.773409
11
10.746063
21
5.869618
0
LINE
8
boundary
62
5
39
2
10
10.746063
20
5.869618
11
10.752840
21
5.984997
0
LINE
8
boundary
62
5
39
2
10
10.752840
20
5.984997
11
10.714430
21
6.099865
0
LINE
8
boundary
62
5
39
2
10
10.714430
20
6.099865
11
10.672335
21
6.210193
0
LINE
8
boundary
62
5
39
2
10
10.672335
20
6.210193
11
10.671280
21
6.254700
0
LINE
8
boundary
62
5
39
2
10
10.671280
20
6.254700
11
10.675530
21
6.325220
0
LINE
8
boundary
62
5
39
2
10
10.675530
20
6.325220
11
10.700577
21
6.441138
0
LINE
8
boundary
62
5
39
2
10
10.700577
20
6.441138
11
10.751385
21
6.554696
0
LINE
8
boundary
62
5
39
2
10
10.751385
20
6.554696
11
10.777491
21
6.583603
0
LINE
8
boundary
62
5
39
2
10
10.777491
20
6.583603
11
10.817076
21
6.668287
0
LINE
8
boundary
62
5
39
2
10
10.817076
20
6.668287
11
10.829007
21
6.783917
0
LINE
8
boundary
62
5
39
2
10
10.829007
20
6.783917
11
10.836221
21
6.895142
0
LINE
8
boundary
62
5
39
2
10
10.836221
20
6.895142
11
10.824307
21
7.006790
0
LINE
8
boundary
62
5
39
2
10
10.824307
20
7.006790
11
10.820359
21
7.031136
0
LINE
8
boundary
62
5
39
2
10
10.820359
20
7.031136
11
10.807726
21
7.115054
0
LINE
8
boundary
62
5
39
2
10
10.807726
20
7.115054
11
10.794338
21
7.171379
0
LINE
8
boundary
62
5
39
2
10
10.794338
20
7.171379
11
10.786547
21
7.202371
0
LINE
8
boundary
62
5
39
2
10
10.786547
20
7.202371
11
10.780224
21
7.226544
0
LINE
8
boundary
62
5
39
2
10
10.780224
20
7.226544
11
10.769680
21
7.243765
0
LINE
8
boundary
62
5
39
2
10
10.769680
20
7.243765
11
10.753988
21
7.258582
0
LINE
8
boundary
62
5
39
2
10
10.753988
20
7.258582
11
10.692681
21
7.298520
0
LINE
8
boundary
62
5
39
2
10
10.692681
20
7.298520
11
10.666444
21
7.316280
0
LINE
8
boundary
62
5
39
2
10
10.666444
20
7.316280
11
10.623027
21
7.253521
0
LINE
8
boundary
62
5
39
2
10
10.623027
20
7.253521
11
10.613555
21
7.234119
0
LINE
8
boundary
62
5
39
2
10
10.613555
20
7.234119
11
10.597915
21
7.139631
0
LINE
8
boundary
62
5
39
2
10
10.597915
20
7.139631
11
10.593201
21
7.022153
0
LINE
8
boundary
62
5
39
2
10
10.593201
20
7.022153
11
10.581887
21
6.908996
0
LINE
8
boundary
62
5
39
2
10
10.581887
20
6.908996
11
10.578266
21
6.886031
0
LINE
8
boundary
62
5
39
2
10
10.578266
20
6.886031
11
10.576175
21
6.805038
0
LINE
8
boundary
62
5
39
2
10
10.576175
20
6.805038
11
10.576387
21
6.771175
0
LINE
8
boundary
62
5
39
2
10
10.576387
20
6.771175
11
10.582532
21
6.692334
0
LINE
8
boundary
62
5
39
2
10
10.582532
20
6.692334
11
10.584914
21
6.658870
0
LINE
8
boundary
62
5
39
2
10
10.584914
20
6.658870
11
10.597526
21
6.577078
0
LINE
8
boundary
62
5
39
2
10
10.597526
20
6.577078
11
10.599794
21
6.544898
0
LINE
8
boundary
62
5
39
2
10
10.599794
20
6.544898
11
10.611125
21
6.463491
0
LINE
8
boundary
62
5
39
2
10
10.611125
20
6.463491
11
10.614546
21
6.430845
0
LINE
8
boundary
62
5
39
2
10
10.614546
20
6.430845
11
10.638731
21
6.349983
0
LINE
8
boundary
62
5
39
2
10
10.638731
20
6.349983
11
10.626231
21
6.326086
0
LINE
8
boundary
62
5
39
2
10
10.626231
20
6.326086
11
10.567631
21
6.296961
0
LINE
8
boundary
62
5
39
2
10
10.567631
20
6.296961
11
10.526576
21
6.298175
0
LINE
8
boundary
62
5
39
2
10
10.526576
20
6.298175
11
10.464972
21
6.318469
0
LINE
8
boundary
62
5
39
2
10
10.464972
20
6.318469
11
10.438884
21
6.327288
0
LINE
8
boundary
62
5
39
2
10
10.438884
20
6.327288
11
10.411936
21
6.333524
0
LINE
8
boundary
62
5
39
2
10
10.411936
20
6.333524
11
10.379036
21
6.341875
0
LINE
8
boundary
62
5
39
2
10
10.379036
20
6.341875
11
10.334818
21
6.353458
0
LINE
8
boundary
62
5
39
2
10
10.334818
20
6.353458
11
10.313088
21
6.358003
0
LINE
8
boundary
62
5
39
2
10
10.313088
20
6.358003
11
10.223340
21
6.357088
0
LINE
8
boundary
62
5
39
2
10
10.223340
20
6.357088
11
10.192969
21
6.362793
0
LINE
8
boundary
62
5
39
2
10
10.192969
20
6.362793
11
10.115898
21
6.363995
0
LINE
8
boundary
62
5
39
2
10
10.115898
20
6.363995
11
10.087712
21
6.392984
0
LINE
8
boundary
62
5
39
2
10
10.087712
20
6.392984
11
10.073725
21
6.424883
0
LINE
8
boundary
62
5
39
2
10
10.073725
20
6.424883
11
10.063894
21
6.447304
0
LINE
8
boundary
62
5
39
2
10
10.063894
20
6.447304
11
10.069813
21
6.479345
0
LINE
8
boundary
62
5
39
2
10
10.069813
20
6.479345
11
10.080687
21
6.529043
0
LINE
8
boundary
62
5
39
2
10
10.080687
20
6.529043
11
10.085895
21
6.561084
0
LINE
8
boundary
62
5
39
2
10
10.085895
20
6.561084
11
10.074240
21
6.655503
0
LINE
8
boundary
62
5
39
2
10
10.074240
20
6.655503
11
10.069417
21
6.681786
0
LINE
8
boundary
62
5
39
2
10
10.069417
20
6.681786
11
10.041545
21
6.783193
0
LINE
8
boundary
62
5
39
2
10
10.041545
20
6.783193
11
9.988826
21
6.892290
0
LINE
8
boundary
62
5
39
2
10
9.988826
20
6.892290
11
9.977271
21
6.909348
0
LINE
8
boundary
62
5
39
2
10
9.977271
20
6.909348
11
9.912454
21
7.008225
0
LINE
8
boundary
62
5
39
2
10
9.912454
20
7.008225
11
9.871674
21
7.051910
0
LINE
8
boundary
62
5
39
2
10
9.871674
20
7.051910
11
9.772696
21
7.125564
0
LINE
8
boundary
62
5
39
2
10
9.772696
20
7.125564
11
9.756204
21
7.136980
0
LINE
8
boundary
62
5
39
2
10
9.756204
20
7.136980
11
9.649417
21
7.191385
0
LINE
8
boundary
62
5
39
2
10
9.649417
20
7.191385
11
9.534809
21
7.214467
0
LINE
8
boundary
62
5
39
2
10
9.534809
20
7.214467
11
9.421029
21
7.210321
0
LINE
8
boundary
62
5
39
2
10
9.421029
20
7.210321
11
9.307662
21
7.161551
0
LINE
8
boundary
62
5
39
2
10
9.307662
20
7.161551
11
9.259976
21
7.133395
0
LINE
8
boundary
62
5
39
2
10
9.259976
20
7.133395
11
9.192611
21
7.079515
0
LINE
8
boundary
62
5
39
2
10
9.192611
20
7.079515
11
9.148134
21
7.021102
0
LINE
8
boundary
62
5
39
2
10
9.148134
20
7.021102
11
9.122453
21
6.907804
0
LINE
8
boundary
62
5
39
2
10
9.122453
20
6.907804
11
9.101121
21
6.794810
0
LINE
8
boundary
62
5
39
2
10
9.101121
20
6.794810
11
9.123377
21
6.681030
0
LINE
8
boundary
62
5
39
2
10
9.123377
20
6.681030
11
9.158231
21
6.565220
0
LINE
8
boundary
62
5
39
2
10
9.158231
20
6.565220
11
9.185697
21
6.519277
0
LINE
8
boundary
62
5
39
2
10
9.185697
20
6.519277
11
9.235043
21
6.452637
0
LINE
8
boundary
62
5
39
2
10
9.235043
20
6.452637
11
9.297714
21
6.386449
0
LINE
8
boundary
62
5
39
2
10
9.297714
20
6.386449
11
9.362514
21
6.335782
0
LINE
8
boundary
62
5
39
2
10
9.362514
20
6.335782
11
9.411334
21
6.302515
0
LINE
8
boundary
62
5
39
2
10
9.411334
20
6.302515
11
9.523261
21
6.267897
0
LINE
8
boundary
62
5
39
2
10
9.523261
20
6.267897
11
9.543908
21
6.260164
0
LINE
8
boundary
62
5
39
2
10
9.543908
20
6.260164
11
9.627159
21
6.231662
0
LINE
8
boundary
62
5
39
2
10
9.627159
20
6.231662
11
9.696008
21
6.226953
0
LINE
8
boundary
62
5
39
2
10
9.696008
20
6.226953
11
9.756204
21
6.229474
0
LINE
8
boundary
62
5
39
2
10
9.756204
20
6.229474
11
9.801395
21
6.223982
0
LINE
8
boundary
62
5
39
2
10
9.801395
20
6.223982
11
9.832204
21
6.219744
0
LINE
8
boundary
62
5
39
2
10
9.832204
20
6.219744
11
9.796694
21
6.180796
0
LINE
8
boundary
62
5
39
2
10
9.796694
20
6.180796
11
9.762143
21
6.114143
0
LINE
8
boundary
62
5
39
2
10
9.762143
20
6.114143
11
9.742188
21
6.079536
0
LINE
8
boundary
62
5
39
2
10
9.742188
20
6.079536
11
9.704854
21
6.008478
0
LINE
8
boundary
62
5
39
2
10
9.704854
20
6.008478
11
9.687764
21
5.967457
0
LINE
8
boundary
62
5
39
2
10
9.687764
20
5.967457
11
9.663729
21
5.903131
0
LINE
8
boundary
62
5
39
2
10
9.663729
20
5.903131
11
9.654564
21
5.878404
0
LINE
8
boundary
62
5
39
2
10
9.654564
20
5.878404
11
9.642424
21
5.844465
0
LINE
8
boundary
62
5
39
2
10
9.642424
20
5.844465
11
9.622022
21
5.878404
0
LINE
8
boundary
62
5
39
2
10
9.622022
20
5.878404
11
9.602446
21
5.891802
0
LINE
8
boundary
62
5
39
2
10
9.602446
20
5.891802
11
9.543701
21
5.925179
0
LINE
8
boundary
62
5
39
2
10
9.543701
20
5.925179
11
9.519164
21
5.935230
0
LINE
8
boundary
62
5
39
2
10
9.519164
20
5.935230
11
9.442504
21
5.985917
0
LINE
8
boundary
62
5
39
2
10
9.442504
20
5.985917
11
9.419786
21
5.999296
0
LINE
8
boundary
62
5
39
2
10
9.419786
20
5.999296
11
9.307249
21
6.045301
0
LINE
8
boundary
62
5
39
2
10
9.307249
20
6.045301
11
9.191905
21
6.087624
0
LINE
8
boundary
62
5
39
2
10
9.191905
20
6.087624
11
9.084423
21
6.025009
0
LINE
8
boundary
62
5
39
2
10
9.084423
20
6.025009
11
9.063996
21
6.010511
0
LINE
8
boundary
62
5
39
2
10
9.063996
20
6.010511
11
9.039714
21
5.992184
0
LINE
8
boundary
62
5
39
2
10
9.039714
20
5.992184
11
9.049241
21
5.969325
0
LINE
8
boundary
62
5
39
2
10
9.049241
20
5.969325
11
9.063996
21
5.933919
0
LINE
8
boundary
62
5
39
2
10
9.063996
20
5.933919
11
9.073523
21
5.911060
0
LINE
8
boundary
62
5
39
2
10
9.073523
20
5.911060
11
9.083097
21
5.884711
0
LINE
8
boundary
62
5
39
2
10
9.083097
20
5.884711
11
9.180748
21
5.795959
0
LINE
8
boundary
62
5
39
2
10
9.180748
20
5.795959
11
9.215524
21
5.768738
0
LINE
8
boundary
62
5
39
2
10
9.215524
20
5.768738
11
9.294468
21
5.721374
0
LINE
8
boundary
62
5
39
2
10
9.294468
20
5.721374
11
9.408751
21
5.675845
0
LINE
8
boundary
62
5
39
2
10
9.408751
20
5.675845
11
9.513047
21
5.653038
0
LINE
8
boundary
62
5
39
2
10
9.513047
20
5.653038
11
9.535275
21
5.647737
0
LINE
8
boundary
62
5
39
2
10
9.535275
20
5.647737
11
9.574210
21
5.649353
0
LINE
8
boundary
62
5
39
2
10
9.574210
20
5.649353
11
9.635993
21
5.650844
0
LINE
8
boundary
62
5
39
2
10
9.635993
20
5.650844
11
9.653703
21
5.641358
0
LINE
8
boundary
62
5
39
2
10
9.653703
20
5.641358
11
9.746599
21
5.555477
0
LINE
8
boundary
62
5
39
2
10
9.746599
20
5.555477
11
9.760819
21
5.541295
0
LINE
8
boundary
62
5
39
2
10
9.760819
20
5.541295
11
9.862276
21
5.457068
0
LINE
8
boundary
62
5
39
2
10
9.862276
20
5.457068
11
9.907509
21
5.426905
0
LINE
8
boundary
62
5
39
2
10
9.907509
20
5.426905
11
9.976316
21
5.358677
0
LINE
8
boundary
62
5
39
2
10
9.976316
20
5.358677
11
9.994916
21
5.338466
0
LINE
8
boundary
62
5
39
2
10
9.994916
20
5.338466
11
10.016945
21
5.319238
0
LINE
8
boundary
62
5
39
2
10
10.016945
20
5.319238
11
10.038738
21
5.300211
0
LINE
8
boundary
62
5
39
2
10
10.038738
20
5.300211
11
10.089061
21
5.222350
0
LINE
8
boundary
62
5
39
2
10
10.089061
20
5.222350
11
10.100171
21
5.201634
0
LINE
8
boundary
62
5
39
2
10
10.100171
20
5.201634
11
10.198943
21
5.089065
0
LINE
8
boundary
62
5
39
2
10
10.198943
20
5.089065
11
10.217490
21
5.073364
0
LINE
8
boundary
62
5
39
2
10
10.217490
20
5.073364
11
10.318938
21
4.994286
0
LINE
8
boundary
62
5
39
2
10
10.318938
20
4.994286
11
10.353207
21
4.969176
0
LINE
8
boundary
62
5
39
2
10
10.353207
20
4.969176
11
10.434185
21
4.914863
0
LINE
8
boundary
62
5
39
2
10
10.434185
20
4.914863
11
10.537404
21
4.856490
0
LINE
8
boundary
62
5
39
2
10
10.537404
20
4.856490
11
10.556844
21
4.847781
0
LINE
8
boundary
62
5
39
2
10
10.556844
20
4.847781
11
10.660307
21
4.815585
0
LINE
8
boundary
62
5
39
2
10
10.660307
20
4.815585
11
10.772692
21
4.827531
0
LINE
8
boundary
62
5
39
2
10
10.772692
20
4.827531
11
10.780224
21
4.829774
0
LINE
8
annotation
62
1
39
211
10
9.649723
20
6.561837
11
9.689721
21
6.561837
0
LINE
8
annotation
62
1
39
211
10
9.689721
20
6.561837
11
9.689721
21
6.561837
0
LINE
8
annotation
62
1
39
211
10
9.689721
20
6.561837
11
9.696915
21
6.562482
0
LINE
8
annotation
62
1
39
211
10
9.696915
20
6.562482
11
9.703684
21
6.564342
0
LINE
8
annotation
62
1
39
211
10
9.703684
20
6.564342
11
9.709916
21
6.567303
0
LINE
8
annotation
62
1
39
211
10
9.709916
20
6.567303
11
9.715498
21
6.571249
0
LINE
8
annotation
62
1
39
211
10
9.715498
20
6.571249
11
9.720317
21
6.576068
0
LINE
8
annotation
62
1
39
211
10
9.720317
20
6.576068
11
9.724262
21
6.581644
0
LINE
8
annotation
62
1
39
211
10
9.724262
20
6.581644
11
9.727219
21
6.587864
0
LINE
8
annotation
62
1
39
211
10
9.727219
20
6.587864
11
9.729075
21
6.594614
0
LINE
8
annotation
62
1
39
211
10
9.729075
20
6.594614
11
9.729719
21
6.601779
0
LINE
8
annotation
62
1
39
211
10
9.729719
20
6.601779
11
9.729719
21
6.621806
0
LINE
8
annotation
62
1
39
211
10
9.729719
20
6.621806
11
9.729719
21
6.621806
0
LINE
8
annotation
62
1
39
211
10
9.729719
20
6.621806
11
9.729075
21
6.628968
0
LINE
8
annotation
62
1
39
211
10
9.729075
20
6.628968
11
9.727219
21
6.635716
0
LINE
8
annotation
62
1
39
211
10
9.727219
20
6.635716
11
9.724262
21
6.641936
0
LINE
8
annotation
62
1
39
211
10
9.724262
20
6.641936
11
9.720317
21
6.647513
0
LINE
8
annotation
62
1
39
211
10
9.720317
20
6.647513
11
9.715498
21
6.652332
0
LINE
8
annotation
62
1
39
211
10
9.715498
20
6.652332
11
9.709916
21
6.656280
0
LINE
8
annotation
62
1
39
211
10
9.709916
20
6.656280
11
9.703684
21
6.659242
0
LINE
8
annotation
62
1
39
211
10
9.703684
20
6.659242
11
9.696915
21
6.661102
0
LINE
8
annotation
62
1
39
211
10
9.696915
20
6.661102
11
9.689721
21
6.661748
0
LINE
8
annotation
62
1
39
211
10
9.689721
20
6.661748
11
9.669694
21
6.661748
0
LINE
8
annotation
62
1
39
211
10
9.669694
20
6.661748
11
9.689721
21
6.661748
0
LINE
8
annotation
62
1
39
211
10
9.689721
20
6.661748
11
9.689721
21
6.661748
0
LINE
8
annotation
62
1
39
211
10
9.689721
20
6.661748
11
9.696915
21
6.662394
0
LINE
8
annotation
62
1
39
211
10
9.696915
20
6.662394
11
9.703684
21
6.664256
0
LINE
8
annotation
62
1
39
211
10
9.703684
20
6.664256
11
9.709916
21
6.667220
0
LINE
8
annotation
62
1
39
211
10
9.709916
20
6.667220
11
9.715498
21
6.671174
0
LINE
8
annotation
62
1
39
211
10
9.715498
20
6.671174
11
9.720317
21
6.676003
0
LINE
8
annotation
62
1
39
211
10
9.720317
20
6.676003
11
9.724262
21
6.681593
0
LINE
8
annotation
62
1
39
211
10
9.724262
20
6.681593
11
9.727219
21
6.687833
0
LINE
8
annotation
62
1
39
211
10
9.727219
20
6.687833
11
9.729075
21
6.694607
0
LINE
8
annotation
62
1
39
211
10
9.729075
20
6.694607
11
9.729719
21
6.701803
0
LINE
8
annotation
62
1
39
211
10
9.729719
20
6.701803
11
9.729719
21
6.701803
0
LINE
8
annotation
62
1
39
211
10
9.729719
20
6.701803
11
9.729075
21
6.708965
0
LINE
8
annotation
62
1
39
211
10
9.729075
20
6.708965
11
9.727219
21
6.715713
0
LINE
8
annotation
62
1
39
211
10
9.727219
20
6.715713
11
9.724262
21
6.721933
0
LINE
8
annotation
62
1
39
211
10
9.724262
20
6.721933
11
9.720317
21
6.727509
0
LINE
8
annotation
62
1
39
211
10
9.720317
20
6.727509
11
9.715498
21
6.732329
0
LINE
8
annotation
62
1
39
211
10
9.715498
20
6.732329
11
9.709916
21
6.736277
0
LINE
8
annotation
62
1
39
211
10
9.709916
20
6.736277
11
9.703684
21
6.739238
0
LINE
8
annotation
62
1
39
211
10
9.703684
20
6.739238
11
9.696915
21
6.741099
0
LINE
8
annotation
62
1
39
211
10
9.696915
20
6.741099
11
9.689721
21
6.741745
0
LINE
8
annotation
62
1
39
211
10
9.689721
20
6.741745
11
9.649723
21
6.741745
0
LINE
8
annotation
62
1
39
211
10
9.837314
20
6.561831
11
9.877358
21
6.741954
0
LINE
8
annotation
62
1
39
211
10
9.877358
20
6.741954
11
9.797260
21
6.741954
0
LINE
8
annotation
62
1
39
211
10
9.877358
20
6.661742
11
9.837314
21
6.661742
0
LINE
8
hole
62
5
39
2
10
11.437532
20
5.911557
11
11.277532
21
5.911557
0
LINE
8
hole
62
5
39
2
10
11.277532
20
5.911557
11
11.277532
21
6.071557
0
LINE
8
hole
62
5
39
2
10
11.277532
20
6.071557
11
11.437532
21
6.071557
0
LINE
8
hole
62
5
39
2
10
11.437532
20
6.071557
11
11.437532
21
5.911557
0
LINE
8
boundary
62
5
39
2
10
11.846210
20
4.954909
11
11.855415
21
4.977067
0
LINE
8
boundary
62
5
39
2
10
11.855415
20
4.977067
11
11.863848
21
5.002245
0
LINE
8
boundary
62
5
39
2
10
11.863848
20
5.002245
11
11.881991
21
5.046245
0
LINE
8
boundary
62
5
39
2
10
11.881991
20
5.046245
11
11.895315
21
5.090847
0
LINE
8
boundary
62
5
39
2
10
11.895315
20
5.090847
11
11.896738
21
5.133383
0
LINE
8
boundary
62
5
39
2
10
11.896738
20
5.133383
11
11.900401
21
5.162092
0
LINE
8
boundary
62
5
39
2
10
11.900401
20
5.162092
11
11.902151
21
5.204628
0
LINE
8
boundary
62
5
39
2
10
11.902151
20
5.204628
11
11.899870
21
5.233250
0
LINE
8
boundary
62
5
39
2
10
11.899870
20
5.233250
11
11.906736
21
5.285123
0
LINE
8
boundary
62
5
39
2
10
11.906736
20
5.285123
11
11.904161
21
5.318408
0
LINE
8
boundary
62
5
39
2
10
11.904161
20
5.318408
11
11.899271
21
5.353960
0
LINE
8
boundary
62
5
39
2
10
11.899271
20
5.353960
11
11.896925
21
5.396636
0
LINE
8
boundary
62
5
39
2
10
11.896925
20
5.396636
11
11.892035
21
5.432188
0
LINE
8
boundary
62
5
39
2
10
11.892035
20
5.432188
11
11.884882
21
5.467740
0
LINE
8
boundary
62
5
39
2
10
11.884882
20
5.467740
11
11.876533
21
5.510416
0
LINE
8
boundary
62
5
39
2
10
11.876533
20
5.510416
11
11.869379
21
5.545968
0
LINE
8
boundary
62
5
39
2
10
11.869379
20
5.545968
11
11.861781
21
5.581520
0
LINE
8
boundary
62
5
39
2
10
11.861781
20
5.581520
11
11.853662
21
5.624196
0
LINE
8
boundary
62
5
39
2
10
11.853662
20
5.624196
11
11.846064
21
5.659748
0
LINE
8
boundary
62
5
39
2
10
11.846064
20
5.659748
11
11.839149
21
5.700155
0
LINE
8
boundary
62
5
39
2
10
11.839149
20
5.700155
11
11.836129
21
5.732061
0
LINE
8
boundary
62
5
39
2
10
11.836129
20
5.732061
11
11.828867
21
5.763201
0
LINE
8
boundary
62
5
39
2
10
11.828867
20
5.763201
11
11.811751
21
5.799623
0
LINE
8
boundary
62
5
39
2
10
11.811751
20
5.799623
11
11.795770
21
5.840392
0
LINE
8
boundary
62
5
39
2
10
11.795770
20
5.840392
11
11.774207
21
5.887308
0
LINE
8
boundary
62
5
39
2
10
11.774207
20
5.887308
11
11.752242
21
5.923942
0
LINE
8
boundary
62
5
39
2
10
11.752242
20
5.923942
11
11.734146
21
5.955479
0
LINE
8
boundary
62
5
39
2
10
11.734146
20
5.955479
11
11.715087
21
5.985250
0
LINE
8
boundary
62
5
39
2
10
11.715087
20
5.985250
11
11.700626
21
6.001088
0
LINE
8
boundary
62
5
39
2
10
11.700626
20
6.001088
11
11.674461
21
6.030099
0
LINE
8
boundary
62
5
39
2
10
11.674461
20
6.030099
11
11.646643
21
6.062459
0
LINE
8
boundary
62
5
39
2
10
11.646643
20
6.062459
11
11.620794
21
6.088006
0
LINE
8
boundary
62
5
39
2
10
11.620794
20
6.088006
11
11.601307
21
6.108266
0
LINE
8
boundary
62
5
39
2
10
11.601307
20
6.108266
11
11.533733
21
6.160728
0
LINE
8
boundary
62
5
39
2
10
11.533733
20
6.160728
11
11.487526
21
6.205863
0
LINE
8
boundary
62
5
39
2
10
11.487526
20
6.205863
11
11.435061
21
6.228648
0
LINE
8
boundary
62
5
39
2
10
11.435061
20
6.228648
11
11.400318
21
6.239425
0
LINE
8
boundary
62
5
39
2
10
11.400318
20
6.239425
11
11.373746
21
6.248102
0
LINE
8
boundary
62
5
39
2
10
11.373746
20
6.248102
11
11.348778
21
6.237807
0
LINE
8
boundary
62
5
39
2
10
11.348778
20
6.237807
11
11.326450
21
6.228648
0
LINE
8
boundary
62
5
39
2
10
11.326450
20
6.228648
11
11.290822
21
6.197793
0
LINE
8
boundary
62
5
39
2
10
11.290822
20
6.197793
11
11.259966
21
6.176155
0
LINE
8
boundary
62
5
39
2
10
11.259966
20
6.176155
11
11.226391
21
6.151343
0
LINE
8
boundary
62
5
39
2
10
11.226391
20
6.151343
11
11.151938
21
6.114868
0
LINE
8
boundary
62
5
39
2
10
11.151938
20
6.114868
11
11.125092
21
6.043839
0
LINE
8
boundary
62
5
39
2
10
11.125092
20
6.043839
11
11.115184
21
6.001088
0
LINE
8
boundary
62
5
39
2
10
11.115184
20
6.001088
11
11.095029
21
5.966736
0
LINE
8
boundary
62
5
39
2
10
11.095029
20
5.966736
11
11.080703
21
5.921683
0
LINE
8
boundary
62
5
39
2
10
11.080703
20
5.921683
11
11.064101
21
5.887308
0
LINE
8
boundary
62
5
39
2
10
11.064101
20
5.887308
11
11.050420
21
5.856850
0
LINE
8
boundary
62
5
39
2
10
11.050420
20
5.856850
11
11.032406
21
5.815743
0
LINE
8
boundary
62
5
39
2
10
11.032406
20
5.815743
11
11.024788
21
5.794636
0
LINE
8
boundary
62
5
39
2
10
11.024788
20
5.794636
11
11.017170
21
5.773528
0
LINE
8
boundary
62
5
39
2
10
11.017170
20
5.773528
11
11.009595
21
5.739215
0
LINE
8
boundary
62
5
39
2
10
11.009595
20
5.739215
11
11.008905
21
5.693723
0
LINE
8
boundary
62
5
39
2
10
11.008905
20
5.693723
11
11.003307
21
5.659748
0
LINE
8
boundary
62
5
39
2
10
11.003307
20
5.659748
11
11.003959
21
5.624196
0
LINE
8
boundary
62
5
39
2
10
11.003959
20
5.624196
11
11.005661
21
5.581520
0
LINE
8
boundary
62
5
39
2
10
11.005661
20
5.581520
11
11.006313
21
5.545968
0
LINE
8
boundary
62
5
39
2
10
11.006313
20
5.545968
11
11.010107
21
5.510416
0
LINE
8
boundary
62
5
39
2
10
11.010107
20
5.510416
11
11.012788
21
5.467740
0
LINE
8
boundary
62
5
39
2
10
11.012788
20
5.467740
11
11.016582
21
5.432188
0
LINE
8
boundary
62
5
39
2
10
11.016582
20
5.432188
11
11.028556
21
5.398348
0
LINE
8
boundary
62
5
39
2
10
11.028556
20
5.398348
11
11.039036
21
5.362796
0
LINE
8
boundary
62
5
39
2
10
11.039036
20
5.362796
11
11.047026
21
5.342424
0
LINE
8
boundary
62
5
39
2
10
11.047026
20
5.342424
11
11.053656
21
5.318408
0
LINE
8
boundary
62
5
39
2
10
11.053656
20
5.318408
11
11.067670
21
5.282855
0
LINE
8
boundary
62
5
39
2
10
11.067670
20
5.282855
11
11.089402
21
5.240180
0
LINE
8
boundary
62
5
39
2
10
11.089402
20
5.240180
11
11.103415
21
5.204628
0
LINE
8
boundary
62
5
39
2
10
11.103415
20
5.204628
11
11.119509
21
5.174157
0
LINE
8
boundary
62
5
39
2
10
11.119509
20
5.174157
11
11.135400
21
5.149022
0
LINE
8
boundary
62
5
39
2
10
11.135400
20
5.149022
11
11.146186
21
5.129318
0
LINE
8
boundary
62
5
39
2
10
11.146186
20
5.129318
11
11.160646
21
5.110083
0
LINE
8
boundary
62
5
39
2
10
11.160646
20
5.110083
11
11.175106
21
5.090847
0
LINE
8
boundary
62
5
39
2
10
11.175106
20
5.090847
11
11.198399
21
5.061253
0
LINE
8
boundary
62
5
39
2
10
11.198399
20
5.061253
11
11.228635
21
5.026200
0
LINE
8
boundary
62
5
39
2
10
11.228635
20
5.026200
11
11.259966
21
4.986292
0
LINE
8
boundary
62
5
39
2
10
11.259966
20
4.986292
11
11.308793
21
4.941431
0
LINE
8
boundary
62
5
39
2
10
11.308793
20
4.941431
11
11.336232
21
4.918558
0
LINE
8
boundary
62
5
39
2
10
11.336232
20
4.918558
11
11.373746
21
4.882414
0
LINE
8
boundary
62
5
39
2
10
11.373746
20
4.882414
11
11.404273
21
4.871453
0
LINE
8
boundary
62
5
39
2
10
11.404273
20
4.871453
11
11.425968
21
4.863287
0
LINE
8
boundary
62
5
39
2
10
11.425968
20
4.863287
11
11.464686
21
4.848413
0
LINE
8
boundary
62
5
39
2
10
11.464686
20
4.848413
11
11.487526
21
4.837381
0
LINE
8
boundary
62
5
39
2
10
11.487526
20
4.837381
11
11.520359
21
4.830829
0
LINE
8
boundary
62
5
39
2
10
11.520359
20
4.830829
11
11.554448
21
4.826488
0
LINE
8
boundary
62
5
39
2
10
11.554448
20
4.826488
11
11.601307
21
4.814835
0
LINE
8
boundary
62
5
39
2
10
11.601307
20
4.814835
11
11.643605
21
4.822329
0
LINE
8
boundary
62
5
39
2
10
11.643605
20
4.822329
11
11.665284
21
4.828122
0
LINE
8
boundary
62
5
39
2
10
11.665284
20
4.828122
11
11.715087
21
4.839484
0
LINE
8
boundary
62
5
39
2
10
11.715087
20
4.839484
11
11.761490
21
4.863287
0
LINE
8
boundary
62
5
39
2
10
11.761490
20
4.863287
11
11.801179
21
4.892369
0
LINE
8
boundary
62
5
39
2
10
11.801179
20
4.892369
11
11.828867
21
4.918392
0
LINE
8
boundary
62
5
39
2
10
11.828867
20
4.918392
11
11.846210
21
4.954909
0
LINE
8
annotation
62
1
39
211
10
11.486282
20
5.004274
11
11.487526
21
5.004080
0
LINE
8
annotation
62
1
39
211
10
11.487526
20
5.004080
11
11.488935
21
5.004409
0
LINE
8
annotation
62
1
39
211
10
11.488935
20
5.004409
11
11.599897
21
5.028249
0
LINE
8
annotation
62
1
39
211
10
11.599897
20
5.028249
11
11.601305
21
5.028590
0
LINE
8
annotation
62
1
39
211
10
11.601305
20
5.028590
11
11.603841
21
5.029421
0
LINE
8
annotation
62
1
39
211
10
11.603841
20
5.029421
11
11.712554
21
5.063343
0
LINE
8
annotation
62
1
39
211
10
11.712554
20
5.063343
11
11.715085
21
5.064233
0
LINE
8
annotation
62
1
39
211
10
11.715085
20
5.064233
11
11.716082
21
5.065342
0
LINE
8
annotation
62
1
39
211
10
11.716082
20
5.065342
11
11.737412
21
5.089159
0
LINE
8
annotation
62
1
39
211
10
11.462409
20
5.009844
11
11.486282
21
5.004274
0
LINE
8
annotation
62
1
39
211
10
11.376472
20
5.257866
11
11.376472
21
5.670688
0
LINE
8
annotation
62
1
39
211
10
11.376472
20
5.670688
11
11.284696
21
5.578887
0
LINE
8
annotation
62
1
39
211
10
11.623056
20
5.257866
11
11.714832
21
5.670688
0
LINE
8
annotation
62
1
39
211
10
11.714832
20
5.670688
11
11.531255
21
5.670688
0
LINE
8
annotation
62
1
39
211
10
11.714832
20
5.486852
11
11.623056
21
5.486852
0
LINE
8
hole
62
5
39
2
10
11.693731
20
6.634389
11
11.533731
21
6.634389
0
LINE
8
hole
62
5
39
2
10
11.533731
20
6.634389
11
11.533731
21
6.794389
0
LINE
8
hole
62
5
39
2
10
11.533731
20
6.794389
11
11.693731
21
6.794389
0
LINE
8
hole
62
5
39
2
10
11.693731
20
6.794389
11
11.693731
21
6.634389
0
LINE
8
boundary
62
5
39
2
10
11.752528
20
6.498727
11
11.793530
21
6.553773
0
LINE
8
boundary
62
5
39
2
10
11.793530
20
6.553773
11
11.807021
21
6.573587
0
LINE
8
boundary
62
5
39
2
10
11.807021
20
6.573587
11
11.819767
21
6.592693
0
LINE
8
boundary
62
5
39
2
10
11.819767
20
6.592693
11
11.833983
21
6.620371
0
LINE
8
boundary
62
5
39
2
10
11.833983
20
6.620371
11
11.871363
21
6.694524
0
LINE
8
boundary
62
5
39
2
10
11.871363
20
6.694524
11
11.880709
21
6.714337
0
LINE
8
boundary
62
5
39
2
10
11.880709
20
6.714337
11
11.884767
21
6.808304
0
LINE
8
boundary
62
5
39
2
10
11.884767
20
6.808304
11
11.884249
21
6.847931
0
LINE
8
boundary
62
5
39
2
10
11.884249
20
6.847931
11
11.884932
21
6.922084
0
LINE
8
boundary
62
5
39
2
10
11.884932
20
6.922084
11
11.875894
21
6.961711
0
LINE
8
boundary
62
5
39
2
10
11.875894
20
6.961711
11
11.846524
21
7.035864
0
LINE
8
boundary
62
5
39
2
10
11.846524
20
7.035864
11
11.837898
21
7.055677
0
LINE
8
boundary
62
5
39
2
10
11.837898
20
7.055677
11
11.807222
21
7.100270
0
LINE
8
boundary
62
5
39
2
10
11.807222
20
7.100270
11
11.790998
21
7.120083
0
LINE
8
boundary
62
5
39
2
10
11.790998
20
7.120083
11
11.759642
21
7.156843
0
LINE
8
boundary
62
5
39
2
10
11.759642
20
7.156843
11
11.739829
21
7.176417
0
LINE
8
boundary
62
5
39
2
10
11.739829
20
7.176417
11
11.697031
21
7.210733
0
LINE
8
boundary
62
5
39
2
10
11.697031
20
7.210733
11
11.668557
21
7.226044
0
LINE
8
boundary
62
5
39
2
10
11.668557
20
7.226044
11
11.594404
21
7.254829
0
LINE
8
boundary
62
5
39
2
10
11.594404
20
7.254829
11
11.574590
21
7.263181
0
LINE
8
boundary
62
5
39
2
10
11.574590
20
7.263181
11
11.554751
21
7.268005
0
LINE
8
boundary
62
5
39
2
10
11.554751
20
7.268005
11
11.509312
21
7.279279
0
LINE
8
boundary
62
5
39
2
10
11.509312
20
7.279279
11
11.479752
21
7.286364
0
LINE
8
boundary
62
5
39
2
10
11.479752
20
7.286364
11
11.450435
21
7.287709
0
LINE
8
boundary
62
5
39
2
10
11.450435
20
7.287709
11
11.419507
21
7.279020
0
LINE
8
boundary
62
5
39
2
10
11.419507
20
7.279020
11
11.367529
21
7.262855
0
LINE
8
boundary
62
5
39
2
10
11.367529
20
7.262855
11
11.347030
21
7.257713
0
LINE
8
boundary
62
5
39
2
10
11.347030
20
7.257713
11
11.327217
21
7.251057
0
LINE
8
boundary
62
5
39
2
10
11.327217
20
7.251057
11
11.253064
21
7.227755
0
LINE
8
boundary
62
5
39
2
10
11.253064
20
7.227755
11
11.233250
21
7.221099
0
LINE
8
boundary
62
5
39
2
10
11.233250
20
7.221099
11
11.179753
21
7.177776
0
LINE
8
boundary
62
5
39
2
10
11.179753
20
7.177776
11
11.159939
21
7.159559
0
LINE
8
boundary
62
5
39
2
10
11.159939
20
7.159559
11
11.128127
21
7.119204
0
LINE
8
boundary
62
5
39
2
10
11.128127
20
7.119204
11
11.111933
21
7.099391
0
LINE
8
boundary
62
5
39
2
10
11.111933
20
7.099391
11
11.088228
21
7.065592
0
LINE
8
boundary
62
5
39
2
10
11.088228
20
7.065592
11
11.065250
21
7.032181
0
LINE
8
boundary
62
5
39
2
10
11.065250
20
7.032181
11
11.021735
21
6.961025
0
LINE
8
boundary
62
5
39
2
10
11.021735
20
6.961025
11
11.009313
21
6.941897
0
LINE
8
boundary
62
5
39
2
10
11.009313
20
6.941897
11
11.008159
21
6.901374
0
LINE
8
boundary
62
5
39
2
10
11.008159
20
6.901374
11
11.005690
21
6.854017
0
LINE
8
boundary
62
5
39
2
10
11.005690
20
6.854017
11
11.004354
21
6.833320
0
LINE
8
boundary
62
5
39
2
10
11.004354
20
6.833320
11
11.005690
21
6.773458
0
LINE
8
boundary
62
5
39
2
10
11.005690
20
6.773458
11
11.007724
21
6.734645
0
LINE
8
boundary
62
5
39
2
10
11.007724
20
6.734645
11
11.009302
21
6.714337
0
LINE
8
boundary
62
5
39
2
10
11.009302
20
6.714337
11
11.024918
21
6.664970
0
LINE
8
boundary
62
5
39
2
10
11.024918
20
6.664970
11
11.048857
21
6.600557
0
LINE
8
boundary
62
5
39
2
10
11.048857
20
6.600557
11
11.065509
21
6.579777
0
LINE
8
boundary
62
5
39
2
10
11.065509
20
6.579777
11
11.098996
21
6.535732
0
LINE
8
boundary
62
5
39
2
10
11.098996
20
6.535732
11
11.119470
21
6.508936
0
LINE
8
boundary
62
5
39
2
10
11.119470
20
6.508936
11
11.143996
21
6.486777
0
LINE
8
boundary
62
5
39
2
10
11.143996
20
6.486777
11
11.172698
21
6.468069
0
LINE
8
boundary
62
5
39
2
10
11.172698
20
6.468069
11
11.215133
21
6.440012
0
LINE
8
boundary
62
5
39
2
10
11.215133
20
6.440012
11
11.233250
21
6.428762
0
LINE
8
boundary
62
5
39
2
10
11.233250
20
6.428762
11
11.268524
21
6.414077
0
LINE
8
boundary
62
5
39
2
10
11.268524
20
6.414077
11
11.311757
21
6.393600
0
LINE
8
boundary
62
5
39
2
10
11.311757
20
6.393600
11
11.347030
21
6.381597
0
LINE
8
boundary
62
5
39
2
10
11.347030
20
6.381597
11
11.391508
21
6.378272
0
LINE
8
boundary
62
5
39
2
10
11.391508
20
6.378272
11
11.458420
21
6.373281
0
LINE
8
boundary
62
5
39
2
10
11.458420
20
6.373281
11
11.497795
21
6.384616
0
LINE
8
boundary
62
5
39
2
10
11.497795
20
6.384616
11
11.537606
21
6.396214
0
LINE
8
boundary
62
5
39
2
10
11.537606
20
6.396214
11
11.574590
21
6.407133
0
LINE
8
boundary
62
5
39
2
10
11.574590
20
6.407133
11
11.668634
21
6.432613
0
LINE
8
boundary
62
5
39
2
10
11.668634
20
6.432613
11
11.688370
21
6.439542
0
LINE
8
boundary
62
5
39
2
10
11.688370
20
6.439542
11
11.732715
21
6.476814
0
LINE
8
boundary
62
5
39
2
10
11.732715
20
6.476814
11
11.752528
21
6.498727
0
LINE
8
annotation
62
1
39
211
10
11.214427
20
6.878439
11
11.251114
21
6.878439
0
LINE
8
annotation
62
1
39
211
10
11.251114
20
6.878439
11
11.251114
21
6.878439
0
LINE
8
annotation
62
1
39
211
10
11.251114
20
6.878439
11
11.257712
21
6.879031
0
LINE
8
annotation
62
1
39
211
10
11.257712
20
6.879031
11
11.263921
21
6.880737
0
LINE
8
annotation
62
1
39
211
10
11.263921
20
6.880737
11
11.269637
21
6.883452
0
LINE
8
annotation
62
1
39
211
10
11.269637
20
6.883452
11
11.274756
21
6.887072
0
LINE
8
annotation
62
1
39
211
10
11.274756
20
6.887072
11
11.279177
21
6.891491
0
LINE
8
annotation
62
1
39
211
10
11.279177
20
6.891491
11
11.282795
21
6.896606
0
LINE
8
annotation
62
1
39
211
10
11.282795
20
6.896606
11
11.285507
21
6.902311
0
LINE
8
annotation
62
1
39
211
10
11.285507
20
6.902311
11
11.287210
21
6.908502
0
LINE
8
annotation
62
1
39
211
10
11.287210
20
6.908502
11
11.287800
21
6.915074
0
LINE
8
annotation
62
1
39
211
10
11.287800
20
6.915074
11
11.287800
21
6.933443
0
LINE
8
annotation
62
1
39
211
10
11.287800
20
6.933443
11
11.287800
21
6.933443
0
LINE
8
annotation
62
1
39
211
10
11.287800
20
6.933443
11
11.287210
21
6.940012
0
LINE
8
annotation
62
1
39
211
10
11.287210
20
6.940012
11
11.285507
21
6.946201
0
LINE
8
annotation
62
1
39
211
10
11.285507
20
6.946201
11
11.282795
21
6.951906
0
LINE
8
annotation
62
1
39
211
10
11.282795
20
6.951906
11
11.279177
21
6.957021
0
LINE
8
annotation
62
1
39
211
10
11.279177
20
6.957021
11
11.274756
21
6.961442
0
LINE
8
annotation
62
1
39
211
10
11.274756
20
6.961442
11
11.269637
21
6.965062
0
LINE
8
annotation
62
1
39
211
10
11.269637
20
6.965062
11
11.263921
21
6.967779
0
LINE
8
annotation
62
1
39
211
10
11.263921
20
6.967779
11
11.257712
21
6.969485
0
LINE
8
annotation
62
1
39
211
10
11.257712
20
6.969485
11
11.251114
21
6.970078
0
LINE
8
annotation
62
1
39
211
10
11.251114
20
6.970078
11
11.232745
21
6.970078
0
LINE
8
annotation
62
1
39
211
10
11.232745
20
6.970078
11
11.251114
21
6.970078
0
LINE
8
annotation
62
1
39
211
10
11.251114
20
6.970078
11
11.251114
21
6.970078
0
LINE
8
annotation
62
1
39
211
10
11.251114
20
6.970078
11
11.257712
21
6.970670
0
LINE
8
annotation
62
1
39
211
10
11.257712
20
6.970670
11
11.263921
21
6.972378
0
LINE
8
annotation
62
1
39
211
10
11.263921
20
6.972378
11
11.269637
21
6.975097
0
LINE
8
annotation
62
1
39
211
10
11.269637
20
6.975097
11
11.274756
21
6.978723
0
LINE
8
annotation
62
1
39
211
10
11.274756
20
6.978723
11
11.279177
21
6.983152
0
LINE
8
annotation
62
1
39
211
10
11.279177
20
6.983152
11
11.282795
21
6.988280
0
LINE
8
annotation
62
1
39
211
10
11.282795
20
6.988280
11
11.285507
21
6.994003
0
LINE
8
annotation
62
1
39
211
10
11.285507
20
6.994003
11
11.287210
21
7.000216
0
LINE
8
annotation
62
1
39
211
10
11.287210
20
7.000216
11
11.287800
21
7.006816
0
LINE
8
annotation
62
1
39
211
10
11.287800
20
7.006816
11
11.287800
21
7.006816
0
LINE
8
annotation
62
1
39
211
10
11.287800
20
7.006816
11
11.287210
21
7.013385
0
LINE
8
annotation
62
1
39
211
10
11.287210
20
7.013385
11
11.285507
21
7.019575
0
LINE
8
annotation
62
1
39
211
10
11.285507
20
7.019575
11
11.282795
21
7.025279
0
LINE
8
annotation
62
1
39
211
10
11.282795
20
7.025279
11
11.279177
21
7.030394
0
LINE
8
annotation
62
1
39
211
10
11.279177
20
7.030394
11
11.274756
21
7.034815
0
LINE
8
annotation
62
1
39
211
10
11.274756
20
7.034815
11
11.269637
21
7.038436
0
LINE
8
annotation
62
1
39
211
10
11.269637
20
7.038436
11
11.263921
21
7.041152
0
LINE
8
annotation
62
1
39
211
10
11.263921
20
7.041152
11
11.257712
21
7.042859
0
LINE
8
annotation
62
1
39
211
10
11.257712
20
7.042859
11
11.251114
21
7.043451
0
LINE
8
annotation
62
1
39
211
10
11.251114
20
7.043451
11
11.214427
21
7.043451
0
LINE
8
annotation
62
1
39
211
10
11.376291
20
6.880613
11
11.376291
21
6.880613
0
LINE
8
annotation
62
1
39
211
10
11.376291
20
6.880613
11
11.380130
21
6.879178
0
LINE
8
annotation
62
1
39
211
10
11.380130
20
6.879178
11
11.384068
21
6.878465
0
LINE
8
annotation
62
1
39
211
10
11.384068
20
6.878465
11
11.388015
21
6.878445
0
LINE
8
annotation
62
1
39
211
10
11.388015
20
6.878445
11
11.391883
21
6.879089
0
LINE
8
annotation
62
1
39
211
10
11.391883
20
6.879089
11
11.395581
21
6.880368
0
LINE
8
annotation
62
1
39
211
10
11.395581
20
6.880368
11
11.399022
21
6.882253
0
LINE
8
annotation
62
1
39
211
10
11.399022
20
6.882253
11
11.402115
21
6.884715
0
LINE
8
annotation
62
1
39
211
10
11.402115
20
6.884715
11
11.404773
21
6.887725
0
LINE
8
annotation
62
1
39
211
10
11.404773
20
6.887725
11
11.406906
21
6.891253
0
LINE
8
annotation
62
1
39
211
10
11.406906
20
6.891253
11
11.406906
21
6.891253
0
LINE
8
annotation
62
1
39
211
10
11.406906
20
6.891253
11
11.413270
21
6.906149
0
LINE
8
annotation
62
1
39
211
10
11.413270
20
6.906149
11
11.418042
21
6.921476
0
LINE
8
annotation
62
1
39
211
10
11.418042
20
6.921476
11
11.421224
21
6.937112
0
LINE
8
annotation
62
1
39
211
10
11.421224
20
6.937112
11
11.422815
21
6.952934
0
LINE
8
annotation
62
1
39
211
10
11.422815
20
6.952934
11
11.422815
21
6.968821
0
LINE
8
annotation
62
1
39
211
10
11.422815
20
6.968821
11
11.421224
21
6.984651
0
LINE
8
annotation
62
1
39
211
10
11.421224
20
6.984651
11
11.418042
21
7.000300
0
LINE
8
annotation
62
1
39
211
10
11.418042
20
7.000300
11
11.413270
21
7.015648
0
LINE
8
annotation
62
1
39
211
10
11.413270
20
7.015648
11
11.406906
21
7.030571
0
LINE
8
annotation
62
1
39
211
10
11.406906
20
7.030571
11
11.406906
21
7.030571
0
LINE
8
annotation
62
1
39
211
10
11.406906
20
7.030571
11
11.406097
21
7.032077
0
LINE
8
annotation
62
1
39
211
10
11.406097
20
7.032077
11
11.405179
21
7.033517
0
LINE
8
annotation
62
1
39
211
10
11.405179
20
7.033517
11
11.404160
21
7.034884
0
LINE
8
annotation
62
1
39
211
10
11.404160
20
7.034884
11
11.403047
21
7.036170
0
LINE
8
annotation
62
1
39
211
10
11.403047
20
7.036170
11
11.401847
21
7.037369
0
LINE
8
annotation
62
1
39
211
10
11.401847
20
7.037369
11
11.400565
21
7.038473
0
LINE
8
annotation
62
1
39
211
10
11.400565
20
7.038473
11
11.399210
21
7.039476
0
LINE
8
annotation
62
1
39
211
10
11.399210
20
7.039476
11
11.397789
21
7.040371
0
LINE
8
annotation
62
1
39
211
10
11.397789
20
7.040371
11
11.396307
21
7.041149
0
LINE
8
annotation
62
1
39
211
10
11.396307
20
7.041149
11
11.396307
21
7.041149
0
LINE
8
annotation
62
1
39
211
10
11.396307
20
7.041149
11
11.392437
21
7.042616
0
LINE
8
annotation
62
1
39
211
10
11.392437
20
7.042616
11
11.388476
21
7.043353
0
LINE
8
annotation
62
1
39
211
10
11.388476
20
7.043353
11
11.384512
21
7.043391
0
LINE
8
annotation
62
1
39
211
10
11.384512
20
7.043391
11
11.380634
21
7.042758
0
LINE
8
annotation
62
1
39
211
10
11.380634
20
7.042758
11
11.376928
21
7.041484
0
LINE
8
annotation
62
1
39
211
10
11.376928
20
7.041484
11
11.373484
21
7.039598
0
LINE
8
annotation
62
1
39
211
10
11.373484
20
7.039598
11
11.370389
21
7.037129
0
LINE
8
annotation
62
1
39
211
10
11.370389
20
7.037129
11
11.367731
21
7.034107
0
LINE
8
annotation
62
1
39
211
10
11.367731
20
7.034107
11
11.365599
21
7.030561
0
LINE
8
annotation
62
1
39
211
10
11.365599
20
7.030561
11
11.365599
21
7.030561
0
LINE
8
annotation
62
1
39
211
10
11.365599
20
7.030561
11
11.359266
21
7.015668
0
LINE
8
annotation
62
1
39
211
10
11.359266
20
7.015668
11
11.354516
21
7.000343
0
LINE
8
annotation
62
1
39
211
10
11.354516
20
7.000343
11
11.351349
21
6.984709
0
LINE
8
annotation
62
1
39
211
10
11.351349
20
6.984709
11
11.349766
21
6.968888
0
LINE
8
annotation
62
1
39
211
10
11.349766
20
6.968888
11
11.349766
21
6.953000
0
LINE
8
annotation
62
1
39
211
10
11.349766
20
6.953000
11
11.351349
21
6.937170
0
LINE
8
annotation
62
1
39
211
10
11.351349
20
6.937170
11
11.354516
21
6.921519
0
LINE
8
annotation
62
1
39
211
10
11.354516
20
6.921519
11
11.359266
21
6.906169
0
LINE
8
annotation
62
1
39
211
10
11.359266
20
6.906169
11
11.365599
21
6.891243
0
LINE
8
annotation
62
1
39
211
10
11.365599
20
6.891243
11
11.365599
21
6.891243
0
LINE
8
annotation
62
1
39
211
10
11.365599
20
6.891243
11
11.366405
21
6.889740
0
LINE
8
annotation
62
1
39
211
10
11.366405
20
6.889740
11
11.367316
21
6.888307
0
LINE
8
annotation
62
1
39
211
10
11.367316
20
6.888307
11
11.368327
21
6.886949
0
LINE
8
annotation
62
1
39
211
10
11.368327
20
6.886949
11
11.369435
21
6.885670
0
LINE
8
annotation
62
1
39
211
10
11.369435
20
6.885670
11
11.370636
21
6.884474
0
LINE
8
annotation
62
1
39
211
10
11.370636
20
6.884474
11
11.371925
21
6.883367
0
LINE
8
annotation
62
1
39
211
10
11.371925
20
6.883367
11
11.373300
21
6.882351
0
LINE
8
annotation
62
1
39
211
10
11.373300
20
6.882351
11
11.374757
21
6.881432
0
LINE
8
annotation
62
1
39
211
10
11.374757
20
6.881432
11
11.376291
21
6.880613
0
LINE
8
annotation
62
1
39
211
10
11.575105
20
6.961038
11
11.484771
21
6.961038
0
LINE
8
annotation
62
1
39
211
10
11.673775
20
6.878434
11
11.673775
21
7.043643
0
LINE
8
annotation
62
1
39
211
10
11.673775
20
7.043643
11
11.637047
21
7.006904
0
LINE
8
hole
62
5
39
2
10
9.751808
20
8.328617
11
9.591808
21
8.328617
0
LINE
8
hole
62
5
39
2
10
9.591808
20
8.328617
11
9.591808
21
8.488617
0
LINE
8
hole
62
5
39
2
10
9.591808
20
8.488617
11
9.751808
21
8.488617
0
LINE
8
hole
62
5
39
2
10
9.751808
20
8.488617
11
9.751808
21
8.328617
0
LINE
8
boundary
62
5
39
2
10
10.279568
20
8.115441
11
10.341016
21
8.148328
0
LINE
8
boundary
62
5
39
2
10
10.341016
20
8.148328
11
10.365800
21
8.165338
0
LINE
8
boundary
62
5
39
2
10
10.365800
20
8.165338
11
10.443251
21
8.222179
0
LINE
8
boundary
62
5
39
2
10
10.443251
20
8.222179
11
10.459279
21
8.235675
0
LINE
8
boundary
62
5
39
2
10
10.459279
20
8.235675
11
10.486372
21
8.257747
0
LINE
8
boundary
62
5
39
2
10
10.486372
20
8.257747
11
10.565710
21
8.319055
0
LINE
8
boundary
62
5
39
2
10
10.565710
20
8.319055
11
10.584028
21
8.331197
0
LINE
8
boundary
62
5
39
2
10
10.584028
20
8.331197
11
10.619163
21
8.361755
0
LINE
8
boundary
62
5
39
2
10
10.619163
20
8.361755
11
10.679450
21
8.422712
0
LINE
8
boundary
62
5
39
2
10
10.679450
20
8.422712
11
10.697808
21
8.441171
0
LINE
8
boundary
62
5
39
2
10
10.697808
20
8.441171
11
10.720802
21
8.480861
0
LINE
8
boundary
62
5
39
2
10
10.720802
20
8.480861
11
10.763901
21
8.546481
0
LINE
8
boundary
62
5
39
2
10
10.763901
20
8.546481
11
10.777865
21
8.570561
0
LINE
8
boundary
62
5
39
2
10
10.777865
20
8.570561
11
10.798537
21
8.600305
0
LINE
8
boundary
62
5
39
2
10
10.798537
20
8.600305
11
10.811588
21
8.618115
0
LINE
8
boundary
62
5
39
2
10
10.811588
20
8.618115
11
10.831634
21
8.640665
0
LINE
8
boundary
62
5
39
2
10
10.831634
20
8.640665
11
10.850415
21
8.661791
0
LINE
8
boundary
62
5
39
2
10
10.850415
20
8.661791
11
10.870462
21
8.684341
0
LINE
8
boundary
62
5
39
2
10
10.870462
20
8.684341
11
10.883734
21
8.705062
0
LINE
8
boundary
62
5
39
2
10
10.883734
20
8.705062
11
10.905195
21
8.730904
0
LINE
8
boundary
62
5
39
2
10
10.905195
20
8.730904
11
10.925368
21
8.752210
0
LINE
8
boundary
62
5
39
2
10
10.925368
20
8.752210
11
10.942951
21
8.775166
0
LINE
8
boundary
62
5
39
2
10
10.942951
20
8.775166
11
10.960533
21
8.798121
0
LINE
8
boundary
62
5
39
2
10
10.960533
20
8.798121
11
10.981428
21
8.843814
0
LINE
8
boundary
62
5
39
2
10
10.981428
20
8.843814
11
10.998959
21
8.873037
0
LINE
8
boundary
62
5
39
2
10
10.998959
20
8.873037
11
11.020601
21
8.911901
0
LINE
8
boundary
62
5
39
2
10
11.020601
20
8.911901
11
11.039148
21
8.988829
0
LINE
8
boundary
62
5
39
2
10
11.039148
20
8.988829
11
11.047610
21
9.025681
0
LINE
8
boundary
62
5
39
2
10
11.047610
20
9.025681
11
11.052485
21
9.054276
0
LINE
8
boundary
62
5
39
2
10
11.052485
20
9.054276
11
11.057895
21
9.099268
0
LINE
8
boundary
62
5
39
2
10
11.057895
20
9.099268
11
11.065371
21
9.139462
0
LINE
8
boundary
62
5
39
2
10
11.065371
20
9.139462
11
11.069672
21
9.187432
0
LINE
8
boundary
62
5
39
2
10
11.069672
20
9.187432
11
11.075477
21
9.253242
0
LINE
8
boundary
62
5
39
2
10
11.075477
20
9.253242
11
11.069375
21
9.298045
0
LINE
8
boundary
62
5
39
2
10
11.069375
20
9.298045
11
11.056588
21
9.341172
0
LINE
8
boundary
62
5
39
2
10
11.056588
20
9.341172
11
11.051445
21
9.367022
0
LINE
8
boundary
62
5
39
2
10
11.051445
20
9.367022
11
11.030139
21
9.371480
0
LINE
8
boundary
62
5
39
2
10
11.030139
20
9.371480
11
10.965858
21
9.327296
0
LINE
8
boundary
62
5
39
2
10
10.965858
20
9.327296
11
10.925368
21
9.323968
0
LINE
8
boundary
62
5
39
2
10
10.925368
20
9.323968
11
10.868804
21
9.292615
0
LINE
8
boundary
62
5
39
2
10
10.868804
20
9.292615
11
10.811588
21
9.262666
0
LINE
8
boundary
62
5
39
2
10
10.811588
20
9.262666
11
10.748313
21
9.221237
0
LINE
8
boundary
62
5
39
2
10
10.748313
20
9.221237
11
10.697808
21
9.192328
0
LINE
8
boundary
62
5
39
2
10
10.697808
20
9.192328
11
10.642906
21
9.171228
0
LINE
8
boundary
62
5
39
2
10
10.642906
20
9.171228
11
10.584028
21
9.151204
0
LINE
8
boundary
62
5
39
2
10
10.584028
20
9.151204
11
10.556636
21
9.143667
0
LINE
8
boundary
62
5
39
2
10
10.556636
20
9.143667
11
10.484576
21
9.125133
0
LINE
8
boundary
62
5
39
2
10
10.484576
20
9.125133
11
10.451917
21
9.118590
0
LINE
8
boundary
62
5
39
2
10
10.451917
20
9.118590
11
10.385094
21
9.096018
0
LINE
8
boundary
62
5
39
2
10
10.385094
20
9.096018
11
10.356468
21
9.087794
0
LINE
8
boundary
62
5
39
2
10
10.356468
20
9.087794
11
10.327253
21
9.094850
0
LINE
8
boundary
62
5
39
2
10
10.327253
20
9.094850
11
10.293688
21
9.113240
0
LINE
8
boundary
62
5
39
2
10
10.293688
20
9.113240
11
10.259562
21
9.139462
0
LINE
8
boundary
62
5
39
2
10
10.259562
20
9.139462
11
10.254513
21
9.179569
0
LINE
8
boundary
62
5
39
2
10
10.254513
20
9.179569
11
10.254181
21
9.214258
0
LINE
8
boundary
62
5
39
2
10
10.254181
20
9.214258
11
10.249418
21
9.253242
0
LINE
8
boundary
62
5
39
2
10
10.249418
20
9.253242
11
10.247738
21
9.288654
0
LINE
8
boundary
62
5
39
2
10
10.247738
20
9.288654
11
10.246389
21
9.341066
0
LINE
8
boundary
62
5
39
2
10
10.246389
20
9.341066
11
10.245252
21
9.367022
0
LINE
8
boundary
62
5
39
2
10
10.245252
20
9.367022
11
10.242688
21
9.427701
0
LINE
8
boundary
62
5
39
2
10
10.242688
20
9.427701
11
10.239044
21
9.476880
0
LINE
8
boundary
62
5
39
2
10
10.239044
20
9.476880
11
10.220114
21
9.492868
0
LINE
8
boundary
62
5
39
2
10
10.220114
20
9.492868
11
10.144335
21
9.535007
0
LINE
8
boundary
62
5
39
2
10
10.144335
20
9.535007
11
10.112879
21
9.547616
0
LINE
8
boundary
62
5
39
2
10
10.112879
20
9.547616
11
10.031156
21
9.543058
0
LINE
8
boundary
62
5
39
2
10
10.031156
20
9.543058
11
9.992453
21
9.538235
0
LINE
8
boundary
62
5
39
2
10
9.992453
20
9.538235
11
9.923031
21
9.494382
0
LINE
8
boundary
62
5
39
2
10
9.923031
20
9.494382
11
9.901347
21
9.486217
0
LINE
8
boundary
62
5
39
2
10
9.901347
20
9.486217
11
9.880763
21
9.461760
0
LINE
8
boundary
62
5
39
2
10
9.880763
20
9.461760
11
9.854281
21
9.402294
0
LINE
8
boundary
62
5
39
2
10
9.854281
20
9.402294
11
9.838415
21
9.367022
0
LINE
8
boundary
62
5
39
2
10
9.838415
20
9.367022
11
9.830908
21
9.325290
0
LINE
8
boundary
62
5
39
2
10
9.830908
20
9.325290
11
9.825450
21
9.294973
0
LINE
8
boundary
62
5
39
2
10
9.825450
20
9.294973
11
9.817947
21
9.253242
0
LINE
8
boundary
62
5
39
2
10
9.817947
20
9.253242
11
9.808248
21
9.199347
0
LINE
8
boundary
62
5
39
2
10
9.808248
20
9.199347
11
9.797468
21
9.139462
0
LINE
8
boundary
62
5
39
2
10
9.797468
20
9.139462
11
9.792535
21
9.114129
0
LINE
8
boundary
62
5
39
2
10
9.792535
20
9.114129
11
9.787567
21
9.088453
0
LINE
8
boundary
62
5
39
2
10
9.787567
20
9.088453
11
9.777333
21
9.035916
0
LINE
8
boundary
62
5
39
2
10
9.777333
20
9.035916
11
9.756506
21
9.010392
0
LINE
8
boundary
62
5
39
2
10
9.756506
20
9.010392
11
9.713552
21
8.977440
0
LINE
8
boundary
62
5
39
2
10
9.713552
20
8.977440
11
9.673787
21
8.948619
0
LINE
8
boundary
62
5
39
2
10
9.673787
20
8.948619
11
9.605228
21
8.926151
0
LINE
8
boundary
62
5
39
2
10
9.605228
20
8.926151
11
9.572227
21
8.911901
0
LINE
8
boundary
62
5
39
2
10
9.572227
20
8.911901
11
9.514096
21
8.906317
0
LINE
8
boundary
62
5
39
2
10
9.514096
20
8.906317
11
9.446227
21
8.901438
0
LINE
8
boundary
62
5
39
2
10
9.446227
20
8.901438
11
9.411337
21
8.890458
0
LINE
8
boundary
62
5
39
2
10
9.411337
20
8.890458
11
9.367338
21
8.870386
0
LINE
8
boundary
62
5
39
2
10
9.367338
20
8.870386
11
9.332447
21
8.856921
0
LINE
8
boundary
62
5
39
2
10
9.332447
20
8.856921
11
9.312570
21
8.846615
0
LINE
8
boundary
62
5
39
2
10
9.312570
20
8.846615
11
9.262246
21
8.816915
0
LINE
8
boundary
62
5
39
2
10
9.262246
20
8.816915
11
9.231643
21
8.798121
0
LINE
8
boundary
62
5
39
2
10
9.231643
20
8.798121
11
9.187584
21
8.754593
0
LINE
8
boundary
62
5
39
2
10
9.187584
20
8.754593
11
9.156353
21
8.716880
0
LINE
8
boundary
62
5
39
2
10
9.156353
20
8.716880
11
9.133305
21
8.684341
0
LINE
8
boundary
62
5
39
2
10
9.133305
20
8.684341
11
9.119096
21
8.667124
0
LINE
8
boundary
62
5
39
2
10
9.119096
20
8.667124
11
9.104887
21
8.649907
0
LINE
8
boundary
62
5
39
2
10
9.104887
20
8.649907
11
9.090160
21
8.625669
0
LINE
8
boundary
62
5
39
2
10
9.090160
20
8.625669
11
9.066351
21
8.583986
0
LINE
8
boundary
62
5
39
2
10
9.066351
20
8.583986
11
9.057590
21
8.552015
0
LINE
8
boundary
62
5
39
2
10
9.057590
20
8.552015
11
9.042177
21
8.475328
0
LINE
8
boundary
62
5
39
2
10
9.042177
20
8.475328
11
9.050613
21
8.444490
0
LINE
8
boundary
62
5
39
2
10
9.050613
20
8.444490
11
9.092355
21
8.399839
0
LINE
8
boundary
62
5
39
2
10
9.092355
20
8.399839
11
9.119539
21
8.375679
0
LINE
8
boundary
62
5
39
2
10
9.119539
20
8.375679
11
9.147869
21
8.354141
0
LINE
8
boundary
62
5
39
2
10
9.147869
20
8.354141
11
9.174611
21
8.330002
0
LINE
8
boundary
62
5
39
2
10
9.174611
20
8.330002
11
9.205503
21
8.297127
0
LINE
8
boundary
62
5
39
2
10
9.205503
20
8.297127
11
9.232985
21
8.266848
0
LINE
8
boundary
62
5
39
2
10
9.232985
20
8.266848
11
9.252343
21
8.245219
0
LINE
8
boundary
62
5
39
2
10
9.252343
20
8.245219
11
9.266661
21
8.229221
0
LINE
8
boundary
62
5
39
2
10
9.266661
20
8.229221
11
9.317404
21
8.183435
0
LINE
8
boundary
62
5
39
2
10
9.317404
20
8.183435
11
9.338807
21
8.167178
0
LINE
8
boundary
62
5
39
2
10
9.338807
20
8.167178
11
9.394970
21
8.120648
0
LINE
8
boundary
62
5
39
2
10
9.394970
20
8.120648
11
9.410999
21
8.105957
0
LINE
8
boundary
62
5
39
2
10
9.410999
20
8.105957
11
9.436559
21
8.089150
0
LINE
8
boundary
62
5
39
2
10
9.436559
20
8.089150
11
9.460121
21
8.072822
0
LINE
8
boundary
62
5
39
2
10
9.460121
20
8.072822
11
9.539537
21
8.038233
0
LINE
8
boundary
62
5
39
2
10
9.539537
20
8.038233
11
9.560007
21
8.025173
0
LINE
8
boundary
62
5
39
2
10
9.560007
20
8.025173
11
9.592069
21
8.001661
0
LINE
8
boundary
62
5
39
2
10
9.592069
20
8.001661
11
9.582222
21
7.946178
0
LINE
8
boundary
62
5
39
2
10
9.582222
20
7.946178
11
9.571886
21
7.887881
0
LINE
8
boundary
62
5
39
2
10
9.571886
20
7.887881
11
9.566551
21
7.858311
0
LINE
8
boundary
62
5
39
2
10
9.566551
20
7.858311
11
9.560007
21
7.822039
0
LINE
8
boundary
62
5
39
2
10
9.560007
20
7.822039
11
9.552680
21
7.781428
0
LINE
8
boundary
62
5
39
2
10
9.552680
20
7.781428
11
9.548654
21
7.758993
0
LINE
8
boundary
62
5
39
2
10
9.548654
20
7.758993
11
9.538221
21
7.701051
0
LINE
8
boundary
62
5
39
2
10
9.538221
20
7.701051
11
9.530937
21
7.660321
0
LINE
8
boundary
62
5
39
2
10
9.530937
20
7.660321
11
9.530507
21
7.635337
0
LINE
8
boundary
62
5
39
2
10
9.530507
20
7.635337
11
9.529721
21
7.571524
0
LINE
8
boundary
62
5
39
2
10
9.529721
20
7.571524
11
9.529287
21
7.546541
0
LINE
8
boundary
62
5
39
2
10
9.529287
20
7.546541
11
9.549523
21
7.530410
0
LINE
8
boundary
62
5
39
2
10
9.549523
20
7.530410
11
9.573223
21
7.521003
0
LINE
8
boundary
62
5
39
2
10
9.573223
20
7.521003
11
9.659163
21
7.445534
0
LINE
8
boundary
62
5
39
2
10
9.659163
20
7.445534
11
9.696394
21
7.447216
0
LINE
8
boundary
62
5
39
2
10
9.696394
20
7.447216
11
9.758806
21
7.441981
0
LINE
8
boundary
62
5
39
2
10
9.758806
20
7.441981
11
9.787567
21
7.445857
0
LINE
8
boundary
62
5
39
2
10
9.787567
20
7.445857
11
9.875057
21
7.503231
0
LINE
8
boundary
62
5
39
2
10
9.875057
20
7.503231
11
9.901347
21
7.521542
0
LINE
8
boundary
62
5
39
2
10
9.901347
20
7.521542
11
9.920485
21
7.534041
0
LINE
8
boundary
62
5
39
2
10
9.920485
20
7.534041
11
9.939623
21
7.546541
0
LINE
8
boundary
62
5
39
2
10
9.939623
20
7.546541
11
9.951380
21
7.580290
0
LINE
8
boundary
62
5
39
2
10
9.951380
20
7.580290
11
9.966101
21
7.626571
0
LINE
8
boundary
62
5
39
2
10
9.966101
20
7.626571
11
9.977444
21
7.660321
0
LINE
8
boundary
62
5
39
2
10
9.977444
20
7.660321
11
9.983225
21
7.692062
0
LINE
8
boundary
62
5
39
2
10
9.983225
20
7.692062
11
9.989985
21
7.729251
0
LINE
8
boundary
62
5
39
2
10
9.989985
20
7.729251
11
9.993928
21
7.750956
0
LINE
8
boundary
62
5
39
2
10
9.993928
20
7.750956
11
9.998142
21
7.774101
0
LINE
8
boundary
62
5
39
2
10
9.998142
20
7.774101
11
10.015128
21
7.868265
0
LINE
8
boundary
62
5
39
2
10
10.015128
20
7.868265
11
10.031763
21
7.934134
0
LINE
8
boundary
62
5
39
2
10
10.031763
20
7.934134
11
10.049679
21
8.001661
0
LINE
8
boundary
62
5
39
2
10
10.049679
20
8.001661
11
10.070372
21
8.011731
0
LINE
8
boundary
62
5
39
2
10
10.070372
20
8.011731
11
10.111958
21
8.039669
0
LINE
8
boundary
62
5
39
2
10
10.111958
20
8.039669
11
10.145411
21
8.053905
0
LINE
8
boundary
62
5
39
2
10
10.145411
20
8.053905
11
10.229392
21
8.090740
0
LINE
8
boundary
62
5
39
2
10
10.229392
20
8.090740
11
10.252159
21
8.101127
0
LINE
8
boundary
62
5
39
2
10
10.252159
20
8.101127
11
10.270097
21
8.110495
0
LINE
8
boundary
62
5
39
2
10
10.270097
20
8.110495
11
10.279568
21
8.115441
0
LINE
8
annotation
62
1
39
211
10
10.647394
20
8.644827
11
10.640819
21
8.684340
0
LINE
8
annotation
62
1
39
211
10
10.640819
20
8.684340
11
10.644505
21
8.737645
0
LINE
8
annotation
62
1
39
211
10
10.644505
20
8.737645
11
10.646973
21
8.747286
0
LINE
8
annotation
62
1
39
211
10
10.646973
20
8.747286
11
10.651976
21
8.798120
0
LINE
8
annotation
62
1
39
211
10
10.651976
20
8.798120
11
10.639057
21
8.853151
0
LINE
8
annotation
62
1
39
211
10
10.639057
20
8.853151
11
10.610283
21
8.885647
0
LINE
8
annotation
62
1
39
211
10
10.610283
20
8.885647
11
10.590383
21
8.911903
0
LINE
8
annotation
62
1
39
211
10
10.590383
20
8.911903
11
10.585513
21
8.913147
0
LINE
8
annotation
62
1
39
211
10
10.585513
20
8.913147
11
10.584029
21
8.913286
0
LINE
8
annotation
62
1
39
211
10
10.584029
20
8.913286
11
10.582387
21
8.913297
0
LINE
8
annotation
62
1
39
211
10
10.582387
20
8.913297
11
10.550970
21
8.911903
0
LINE
8
annotation
62
1
39
211
10
10.550970
20
8.911903
11
10.479584
21
8.902565
0
LINE
8
annotation
62
1
39
211
10
10.479584
20
8.902565
11
10.470249
21
8.897356
0
LINE
8
annotation
62
1
39
211
10
10.470249
20
8.897356
11
10.460368
21
8.902022
0
LINE
8
annotation
62
1
39
211
10
10.460368
20
8.902022
11
10.394718
21
8.873653
0
LINE
8
annotation
62
1
39
211
10
10.394718
20
8.873653
11
10.356467
21
8.877968
0
LINE
8
annotation
62
1
39
211
10
10.356467
20
8.877968
11
10.334005
21
8.886860
0
LINE
8
annotation
62
1
39
211
10
10.334005
20
8.886860
11
10.255155
21
8.898324
0
LINE
8
annotation
62
1
39
211
10
10.255155
20
8.898324
11
10.242688
21
8.902271
0
LINE
8
annotation
62
1
39
211
10
10.242688
20
8.902271
11
10.230631
21
8.905180
0
LINE
8
annotation
62
1
39
211
10
10.230631
20
8.905180
11
10.134408
21
8.911900
0
LINE
8
annotation
62
1
39
211
10
10.134408
20
8.911900
11
10.129701
21
8.912283
0
LINE
8
annotation
62
1
39
211
10
10.129701
20
8.912283
11
10.128908
21
8.912361
0
LINE
8
annotation
62
1
39
211
10
10.128908
20
8.912361
11
10.127450
21
8.913443
0
LINE
8
annotation
62
1
39
211
10
10.127450
20
8.913443
11
10.058421
21
8.954049
0
LINE
8
annotation
62
1
39
211
10
10.058421
20
8.954049
11
10.015128
21
9.008631
0
LINE
8
annotation
62
1
39
211
10
10.015128
20
9.008631
11
10.009850
21
9.017121
0
LINE
8
annotation
62
1
39
211
10
10.009850
20
9.017121
11
10.004884
21
9.025680
0
LINE
8
annotation
62
1
39
211
10
10.004884
20
9.025680
11
10.006679
21
9.036138
0
LINE
8
annotation
62
1
39
211
10
10.006679
20
9.036138
11
10.015126
21
9.087072
0
LINE
8
annotation
62
1
39
211
10
10.015126
20
9.087072
11
10.022144
21
9.129115
0
LINE
8
annotation
62
1
39
211
10
10.022144
20
9.129115
11
10.023752
21
9.139460
0
LINE
8
annotation
62
1
39
211
10
10.023752
20
9.139460
11
10.026106
21
9.152510
0
LINE
8
annotation
62
1
39
211
10
10.026106
20
9.152510
11
10.039133
21
9.224708
0
LINE
8
annotation
62
1
39
211
10
10.039133
20
9.224708
11
10.044280
21
9.253243
0
LINE
8
annotation
62
1
39
211
10
10.044280
20
9.253243
11
10.049285
21
9.280966
0
LINE
8
annotation
62
1
39
211
10
10.049285
20
9.280966
11
10.057918
21
9.328768
0
LINE
8
annotation
62
1
39
211
10
10.057918
20
9.328768
11
10.064823
21
9.367022
0
LINE
8
annotation
62
1
39
211
10
10.064823
20
9.367022
11
10.062939
21
9.394598
0
LINE
8
annotation
62
1
39
211
10
9.737965
20
7.594256
11
9.738356
21
7.595749
0
LINE
8
annotation
62
1
39
211
10
9.738356
20
7.595749
11
9.744935
21
7.617690
0
LINE
8
annotation
62
1
39
211
10
9.744935
20
7.617690
11
9.756800
21
7.660322
0
LINE
8
annotation
62
1
39
211
10
9.756800
20
7.660322
11
9.760754
21
7.682185
0
LINE
8
annotation
62
1
39
211
10
9.760754
20
7.682185
11
9.775552
21
7.763063
0
LINE
8
annotation
62
1
39
211
10
9.775552
20
7.763063
11
9.777552
21
7.774100
0
LINE
8
annotation
62
1
39
211
10
9.777552
20
7.774100
11
9.779407
21
7.784388
0
LINE
8
annotation
62
1
39
211
10
9.779407
20
7.784388
11
9.787566
21
7.829596
0
LINE
8
annotation
62
1
39
211
10
9.787566
20
7.829596
11
9.795876
21
7.875620
0
LINE
8
annotation
62
1
39
211
10
9.795876
20
7.875620
11
9.798086
21
7.887879
0
LINE
8
annotation
62
1
39
211
10
9.798086
20
7.887879
11
9.803490
21
7.906285
0
LINE
8
annotation
62
1
39
211
10
9.803490
20
7.906285
11
9.822758
21
7.960980
0
LINE
8
annotation
62
1
39
211
10
9.822758
20
7.960980
11
9.833331
21
8.001660
0
LINE
8
annotation
62
1
39
211
10
9.833331
20
8.001660
11
9.862413
21
8.013191
0
LINE
8
annotation
62
1
39
211
10
9.862413
20
8.013191
11
9.863172
21
8.013761
0
LINE
8
annotation
62
1
39
211
10
9.863172
20
8.013761
11
9.900821
21
8.025230
0
LINE
8
annotation
62
1
39
211
10
9.925086
20
8.573180
11
9.925086
21
8.573180
0
LINE
8
annotation
62
1
39
211
10
9.925086
20
8.573180
11
9.944349
21
8.580359
0
LINE
8
annotation
62
1
39
211
10
9.944349
20
8.580359
11
9.962030
21
8.590061
0
LINE
8
annotation
62
1
39
211
10
9.962030
20
8.590061
11
9.977947
21
8.602042
0
LINE
8
annotation
62
1
39
211
10
9.977947
20
8.602042
11
9.991916
21
8.616052
0
LINE
8
annotation
62
1
39
211
10
9.991916
20
8.616052
11
10.003755
21
8.631845
0
LINE
8
annotation
62
1
39
211
10
10.003755
20
8.631845
11
10.013281
21
8.649174
0
LINE
8
annotation
62
1
39
211
10
10.013281
20
8.649174
11
10.020312
21
8.667791
0
LINE
8
annotation
62
1
39
211
10
10.020312
20
8.667791
11
10.024664
21
8.687449
0
LINE
8
annotation
62
1
39
211
10
10.024664
20
8.687449
11
10.026155
21
8.707902
0
LINE
8
annotation
62
1
39
211
10
10.026155
20
8.707902
11
10.026155
21
8.809067
0
LINE
8
annotation
62
1
39
211
10
10.026155
20
8.809067
11
10.026155
21
8.809067
0
LINE
8
annotation
62
1
39
211
10
10.026155
20
8.809067
11
10.025071
21
8.821185
0
LINE
8
annotation
62
1
39
211
10
10.025071
20
8.821185
11
10.021944
21
8.832594
0
LINE
8
annotation
62
1
39
211
10
10.021944
20
8.832594
11
10.016965
21
8.843101
0
LINE
8
annotation
62
1
39
211
10
10.016965
20
8.843101
11
10.010322
21
8.852517
0
LINE
8
annotation
62
1
39
211
10
10.010322
20
8.852517
11
10.002205
21
8.860649
0
LINE
8
annotation
62
1
39
211
10
10.002205
20
8.860649
11
9.992804
21
8.867307
0
LINE
8
annotation
62
1
39
211
10
9.992804
20
8.867307
11
9.982309
21
8.872299
0
LINE
8
annotation
62
1
39
211
10
9.982309
20
8.872299
11
9.970910
21
8.875435
0
LINE
8
annotation
62
1
39
211
10
9.970910
20
8.875435
11
9.958795
21
8.876523
0
LINE
8
annotation
62
1
39
211
10
9.958795
20
8.876523
11
9.958795
21
8.876523
0
LINE
8
annotation
62
1
39
211
10
9.958795
20
8.876523
11
9.946705
21
8.875435
0
LINE
8
annotation
62
1
39
211
10
9.946705
20
8.875435
11
9.935318
21
8.872299
0
LINE
8
annotation
62
1
39
211
10
9.935318
20
8.872299
11
9.924827
21
8.867307
0
LINE
8
annotation
62
1
39
211
10
9.924827
20
8.867307
11
9.915423
21
8.860649
0
LINE
8
annotation
62
1
39
211
10
9.915423
20
8.860649
11
9.907299
21
8.852517
0
LINE
8
annotation
62
1
39
211
10
9.907299
20
8.852517
11
9.900646
21
8.843101
0
LINE
8
annotation
62
1
39
211
10
9.900646
20
8.843101
11
9.895656
21
8.832594
0
LINE
8
annotation
62
1
39
211
10
9.895656
20
8.832594
11
9.892521
21
8.821185
0
LINE
8
annotation
62
1
39
211
10
9.892521
20
8.821185
11
9.891434
21
8.809067
0
LINE
8
annotation
62
1
39
211
10
9.891434
20
8.809067
11
9.891434
21
8.775339
0
LINE
8
annotation
62
1
39
211
10
9.891434
20
8.775339
11
9.891434
21
8.775339
0
LINE
8
annotation
62
1
39
211
10
9.891434
20
8.775339
11
9.892521
21
8.763221
0
LINE
8
annotation
62
1
39
211
10
9.892521
20
8.763221
11
9.895656
21
8.751814
0
LINE
8
annotation
62
1
39
211
10
9.895656
20
8.751814
11
9.900646
21
8.741309
0
LINE
8
annotation
62
1
39
211
10
9.900646
20
8.741309
11
9.907299
21
8.731897
0
LINE
8
annotation
62
1
39
211
10
9.907299
20
8.731897
11
9.915423
21
8.723767
0
LINE
8
annotation
62
1
39
211
10
9.915423
20
8.723767
11
9.924827
21
8.717113
0
LINE
8
annotation
62
1
39
211
10
9.924827
20
8.717113
11
9.935318
21
8.712123
0
LINE
8
annotation
62
1
39
211
10
9.935318
20
8.712123
11
9.946705
21
8.708989
0
LINE
8
annotation
62
1
39
211
10
9.946705
20
8.708989
11
9.958795
21
8.707902
0
LINE
8
annotation
62
1
39
211
10
9.958795
20
8.707902
11
10.026155
21
8.707902
0
LINE
8
annotation
62
1
39
211
10
9.883016
20
8.535262
11
10.034687
21
8.535262
0
LINE
8
annotation
62
1
39
211
10
10.305819
20
8.724851
11
10.139957
21
8.724851
0
LINE
8
annotation
62
1
39
211
10
10.486990
20
8.573180
11
10.486990
21
8.876523
0
LINE
8
annotation
62
1
39
211
10
10.486990
20
8.876523
11
10.419554
21
8.809067
0
LINE
8
boundary
62
5
39
2
10
11.577928
20
7.499782
11
11.613468
21
7.549544
0
LINE
8
boundary
62
5
39
2
10
11.613468
20
7.549544
11
11.621425
21
7.574490
0
LINE
8
boundary
62
5
39
2
10
11.621425
20
7.574490
11
11.609757
21
7.656213
0
LINE
8
boundary
62
5
39
2
10
11.609757
20
7.656213
11
11.607123
21
7.688270
0
LINE
8
boundary
62
5
39
2
10
11.607123
20
7.688270
11
11.591769
21
7.769993
0
LINE
8
boundary
62
5
39
2
10
11.591769
20
7.769993
11
11.585753
21
7.800429
0
LINE
8
boundary
62
5
39
2
10
11.585753
20
7.800429
11
11.577928
21
7.842895
0
LINE
8
boundary
62
5
39
2
10
11.577928
20
7.842895
11
11.572605
21
7.871348
0
LINE
8
boundary
62
5
39
2
10
11.572605
20
7.871348
11
11.567283
21
7.899802
0
LINE
8
boundary
62
5
39
2
10
11.567283
20
7.899802
11
11.560704
21
7.932174
0
LINE
8
boundary
62
5
39
2
10
11.560704
20
7.932174
11
11.551312
21
7.981210
0
LINE
8
boundary
62
5
39
2
10
11.551312
20
7.981210
11
11.544942
21
8.013582
0
LINE
8
boundary
62
5
39
2
10
11.544942
20
8.013582
11
11.524518
21
8.113606
0
LINE
8
boundary
62
5
39
2
10
11.524518
20
8.113606
11
11.517830
21
8.143391
0
LINE
8
boundary
62
5
39
2
10
11.517830
20
8.143391
11
11.497340
21
8.225113
0
LINE
8
boundary
62
5
39
2
10
11.497340
20
8.225113
11
11.488305
21
8.260991
0
LINE
8
boundary
62
5
39
2
10
11.488305
20
8.260991
11
11.474176
21
8.313117
0
LINE
8
boundary
62
5
39
2
10
11.474176
20
8.313117
11
11.464148
21
8.349853
0
LINE
8
boundary
62
5
39
2
10
11.464148
20
8.349853
11
11.438830
21
8.376501
0
LINE
8
boundary
62
5
39
2
10
11.438830
20
8.376501
11
11.382641
21
8.454387
0
LINE
8
boundary
62
5
39
2
10
11.382641
20
8.454387
11
11.365089
21
8.468702
0
LINE
8
boundary
62
5
39
2
10
11.365089
20
8.468702
11
11.329362
21
8.476452
0
LINE
8
boundary
62
5
39
2
10
11.329362
20
8.476452
11
11.294469
21
8.468702
0
LINE
8
boundary
62
5
39
2
10
11.294469
20
8.468702
11
11.276297
21
8.457076
0
LINE
8
boundary
62
5
39
2
10
11.276297
20
8.457076
11
11.249153
21
8.443469
0
LINE
8
boundary
62
5
39
2
10
11.249153
20
8.443469
11
11.227272
21
8.411131
0
LINE
8
boundary
62
5
39
2
10
11.227272
20
8.411131
11
11.209793
21
8.374465
0
LINE
8
boundary
62
5
39
2
10
11.209793
20
8.374465
11
11.200477
21
8.354922
0
LINE
8
boundary
62
5
39
2
10
11.200477
20
8.354922
11
11.204594
21
8.326344
0
LINE
8
boundary
62
5
39
2
10
11.204594
20
8.326344
11
11.212607
21
8.269720
0
LINE
8
boundary
62
5
39
2
10
11.212607
20
8.269720
11
11.216765
21
8.241142
0
LINE
8
boundary
62
5
39
2
10
11.216765
20
8.241142
11
11.227388
21
8.184833
0
LINE
8
boundary
62
5
39
2
10
11.227388
20
8.184833
11
11.236587
21
8.136062
0
LINE
8
boundary
62
5
39
2
10
11.236587
20
8.136062
11
11.246852
21
8.081695
0
LINE
8
boundary
62
5
39
2
10
11.246852
20
8.081695
11
11.255947
21
8.033533
0
LINE
8
boundary
62
5
39
2
10
11.255947
20
8.033533
11
11.259715
21
8.013582
0
LINE
8
boundary
62
5
39
2
10
11.259715
20
8.013582
11
11.278179
21
7.915831
0
LINE
8
boundary
62
5
39
2
10
11.278179
20
7.915831
11
11.283888
21
7.885595
0
LINE
8
boundary
62
5
39
2
10
11.283888
20
7.885595
11
11.300068
21
7.799949
0
LINE
8
boundary
62
5
39
2
10
11.300068
20
7.799949
11
11.307746
21
7.762233
0
LINE
8
boundary
62
5
39
2
10
11.307746
20
7.762233
11
11.322142
21
7.696031
0
LINE
8
boundary
62
5
39
2
10
11.322142
20
7.696031
11
11.327103
21
7.672242
0
LINE
8
boundary
62
5
39
2
10
11.327103
20
7.672242
11
11.340146
21
7.617250
0
LINE
8
boundary
62
5
39
2
10
11.340146
20
7.617250
11
11.350368
21
7.574051
0
LINE
8
boundary
62
5
39
2
10
11.350368
20
7.574051
11
11.362627
21
7.549113
0
LINE
8
boundary
62
5
39
2
10
11.362627
20
7.549113
11
11.430603
21
7.468992
0
LINE
8
boundary
62
5
39
2
10
11.430603
20
7.468992
11
11.458262
21
7.444682
0
LINE
8
boundary
62
5
39
2
10
11.458262
20
7.444682
11
11.498817
21
7.455172
0
LINE
8
boundary
62
5
39
2
10
11.498817
20
7.455172
11
11.557682
21
7.493760
0
LINE
8
boundary
62
5
39
2
10
11.557682
20
7.493760
11
11.577928
21
7.499782
0
LINE
8
annotation
62
1
39
211
10
11.443004
20
7.598731
11
11.443213
21
7.598079
0
LINE
8
annotation
62
1
39
211
10
11.369933
20
7.777519
11
11.369933
21
7.777519
0
LINE
8
annotation
62
1
39
211
10
11.369933
20
7.777519
11
11.374688
21
7.779291
0
LINE
8
annotation
62
1
39
211
10
11.374688
20
7.779291
11
11.379052
21
7.781686
0
LINE
8
annotation
62
1
39
211
10
11.379052
20
7.781686
11
11.382981
21
7.784643
0
LINE
8
annotation
62
1
39
211
10
11.382981
20
7.784643
11
11.386429
21
7.788102
0
LINE
8
annotation
62
1
39
211
10
11.386429
20
7.788102
11
11.389352
21
7.792000
0
LINE
8
annotation
62
1
39
211
10
11.389352
20
7.792000
11
11.391703
21
7.796277
0
LINE
8
annotation
62
1
39
211
10
11.391703
20
7.796277
11
11.393438
21
7.800873
0
LINE
8
annotation
62
1
39
211
10
11.393438
20
7.800873
11
11.394513
21
7.805725
0
LINE
8
annotation
62
1
39
211
10
11.394513
20
7.805725
11
11.394881
21
7.810773
0
LINE
8
annotation
62
1
39
211
10
11.394881
20
7.810773
11
11.394881
21
7.835744
0
LINE
8
annotation
62
1
39
211
10
11.394881
20
7.835744
11
11.394881
21
7.835744
0
LINE
8
annotation
62
1
39
211
10
11.394881
20
7.835744
11
11.394613
21
7.838736
0
LINE
8
annotation
62
1
39
211
10
11.394613
20
7.838736
11
11.393841
21
7.841552
0
LINE
8
annotation
62
1
39
211
10
11.393841
20
7.841552
11
11.392612
21
7.844145
0
LINE
8
annotation
62
1
39
211
10
11.392612
20
7.844145
11
11.390972
21
7.846469
0
LINE
8
annotation
62
1
39
211
10
11.390972
20
7.846469
11
11.388969
21
7.848477
0
LINE
8
annotation
62
1
39
211
10
11.388969
20
7.848477
11
11.386649
21
7.850120
0
LINE
8
annotation
62
1
39
211
10
11.386649
20
7.850120
11
11.384058
21
7.851352
0
LINE
8
annotation
62
1
39
211
10
11.384058
20
7.851352
11
11.381244
21
7.852126
0
LINE
8
annotation
62
1
39
211
10
11.381244
20
7.852126
11
11.378254
21
7.852395
0
LINE
8
annotation
62
1
39
211
10
11.378254
20
7.852395
11
11.378254
21
7.852395
0
LINE
8
annotation
62
1
39
211
10
11.378254
20
7.852395
11
11.375270
21
7.852126
0
LINE
8
annotation
62
1
39
211
10
11.375270
20
7.852126
11
11.372459
21
7.851352
0
LINE
8
annotation
62
1
39
211
10
11.372459
20
7.851352
11
11.369869
21
7.850120
0
LINE
8
annotation
62
1
39
211
10
11.369869
20
7.850120
11
11.367548
21
7.848477
0
LINE
8
annotation
62
1
39
211
10
11.367548
20
7.848477
11
11.365543
21
7.846469
0
LINE
8
annotation
62
1
39
211
10
11.365543
20
7.846469
11
11.363901
21
7.844145
0
LINE
8
annotation
62
1
39
211
10
11.363901
20
7.844145
11
11.362669
21
7.841552
0
LINE
8
annotation
62
1
39
211
10
11.362669
20
7.841552
11
11.361895
21
7.838736
0
LINE
8
annotation
62
1
39
211
10
11.361895
20
7.838736
11
11.361627
21
7.835744
0
LINE
8
annotation
62
1
39
211
10
11.361627
20
7.835744
11
11.361627
21
7.827419
0
LINE
8
annotation
62
1
39
211
10
11.361627
20
7.827419
11
11.361627
21
7.827419
0
LINE
8
annotation
62
1
39
211
10
11.361627
20
7.827419
11
11.361895
21
7.824428
0
LINE
8
annotation
62
1
39
211
10
11.361895
20
7.824428
11
11.362669
21
7.821612
0
LINE
8
annotation
62
1
39
211
10
11.362669
20
7.821612
11
11.363901
21
7.819019
0
LINE
8
annotation
62
1
39
211
10
11.363901
20
7.819019
11
11.365543
21
7.816696
0
LINE
8
annotation
62
1
39
211
10
11.365543
20
7.816696
11
11.367548
21
7.814690
0
LINE
8
annotation
62
1
39
211
10
11.367548
20
7.814690
11
11.369869
21
7.813047
0
LINE
8
annotation
62
1
39
211
10
11.369869
20
7.813047
11
11.372459
21
7.811815
0
LINE
8
annotation
62
1
39
211
10
11.372459
20
7.811815
11
11.375270
21
7.811042
0
LINE
8
annotation
62
1
39
211
10
11.375270
20
7.811042
11
11.378254
21
7.810773
0
LINE
8
annotation
62
1
39
211
10
11.378254
20
7.810773
11
11.394881
21
7.810773
0
LINE
8
annotation
62
1
39
211
10
11.359549
20
7.768160
11
11.396987
21
7.768160
0
LINE
8
annotation
62
1
39
211
10
11.463912
20
7.814957
11
11.422971
21
7.814957
0
LINE
8
annotation
62
1
39
211
10
11.525243
20
7.777519
11
11.491989
21
7.777519
0
LINE
8
annotation
62
1
39
211
10
11.491989
20
7.777519
11
11.522717
21
7.826987
0
LINE
8
annotation
62
1
39
211
10
11.522717
20
7.826987
11
11.522717
21
7.826987
0
LINE
8
annotation
62
1
39
211
10
11.522717
20
7.826987
11
11.522753
21
7.827032
0
LINE
8
annotation
62
1
39
211
10
11.522753
20
7.827032
11
11.522789
21
7.827078
0
LINE
8
annotation
62
1
39
211
10
11.522789
20
7.827078
11
11.522823
21
7.827124
0
LINE
8
annotation
62
1
39
211
10
11.522823
20
7.827124
11
11.522855
21
7.827172
0
LINE
8
annotation
62
1
39
211
10
11.522855
20
7.827172
11
11.522888
21
7.827222
0
LINE
8
annotation
62
1
39
211
10
11.522888
20
7.827222
11
11.522919
21
7.827273
0
LINE
8
annotation
62
1
39
211
10
11.522919
20
7.827273
11
11.522950
21
7.827326
0
LINE
8
annotation
62
1
39
211
10
11.522950
20
7.827326
11
11.522981
21
7.827383
0
LINE
8
annotation
62
1
39
211
10
11.522981
20
7.827383
11
11.523012
21
7.827442
0
LINE
8
annotation
62
1
39
211
10
11.523012
20
7.827442
11
11.523012
21
7.827442
0
LINE
8
annotation
62
1
39
211
10
11.523012
20
7.827442
11
11.524281
21
7.830166
0
LINE
8
annotation
62
1
39
211
10
11.524281
20
7.830166
11
11.525022
21
7.832990
0
LINE
8
annotation
62
1
39
211
10
11.525022
20
7.832990
11
11.525254
21
7.835850
0
LINE
8
annotation
62
1
39
211
10
11.525254
20
7.835850
11
11.524995
21
7.838681
0
LINE
8
annotation
62
1
39
211
10
11.524995
20
7.838681
11
11.524262
21
7.841421
0
LINE
8
annotation
62
1
39
211
10
11.524262
20
7.841421
11
11.523075
21
7.844006
0
LINE
8
annotation
62
1
39
211
10
11.523075
20
7.844006
11
11.521451
21
7.846371
0
LINE
8
annotation
62
1
39
211
10
11.521451
20
7.846371
11
11.519408
21
7.848453
0
LINE
8
annotation
62
1
39
211
10
11.519408
20
7.848453
11
11.516965
21
7.850187
0
LINE
8
annotation
62
1
39
211
10
11.516965
20
7.850187
11
11.516965
21
7.850187
0
LINE
8
annotation
62
1
39
211
10
11.516965
20
7.850187
11
11.514233
21
7.851438
0
LINE
8
annotation
62
1
39
211
10
11.514233
20
7.851438
11
11.511405
21
7.852168
0
LINE
8
annotation
62
1
39
211
10
11.511405
20
7.852168
11
11.508543
21
7.852393
0
LINE
8
annotation
62
1
39
211
10
11.508543
20
7.852393
11
11.505712
21
7.852130
0
LINE
8
annotation
62
1
39
211
10
11.505712
20
7.852130
11
11.502974
21
7.851396
0
LINE
8
annotation
62
1
39
211
10
11.502974
20
7.851396
11
11.500393
21
7.850206
0
LINE
8
annotation
62
1
39
211
10
11.500393
20
7.850206
11
11.498031
21
7.848577
0
LINE
8
annotation
62
1
39
211
10
11.498031
20
7.848577
11
11.495952
21
7.846526
0
LINE
8
annotation
62
1
39
211
10
11.495952
20
7.846526
11
11.494219
21
7.844069
0
LINE
8
annotation
62
1
39
211
10
11.494219
20
7.844069
11
11.492036
21
7.839881
0
LINE
8
boundary
62
5
39
2
10
11.896425
20
7.450655
11
11.896425
21
8.181905
0
LINE
8
boundary
62
5
39
2
10
11.896425
20
8.181905
11
11.755800
21
8.191280
0
LINE
8
boundary
62
5
39
2
10
11.755800
20
8.191280
11
11.746425
21
7.450655
0
LINE
8
boundary
62
5
39
2
10
11.746425
20
7.450655
11
11.887050
21
7.441280
0
LINE
8
boundary
62
5
39
2
10
11.887050
20
7.441280
11
11.896425
21
7.450655
0
LINE
8
annotation
62
1
39
211
10
11.768754
20
7.815398
11
11.773257
21
7.815398
0
LINE
8
annotation
62
1
39
211
10
11.773257
20
7.815398
11
11.773257
21
7.815398
0
LINE
8
annotation
62
1
39
211
10
11.773257
20
7.815398
11
11.773794
21
7.815446
0
LINE
8
annotation
62
1
39
211
10
11.773794
20
7.815446
11
11.774299
21
7.815586
0
LINE
8
annotation
62
1
39
211
10
11.774299
20
7.815586
11
11.774766
21
7.815808
0
LINE
8
annotation
62
1
39
211
10
11.774766
20
7.815808
11
11.775184
21
7.816104
0
LINE
8
annotation
62
1
39
211
10
11.775184
20
7.816104
11
11.775545
21
7.816466
0
LINE
8
annotation
62
1
39
211
10
11.775545
20
7.816466
11
11.775841
21
7.816885
0
LINE
8
annotation
62
1
39
211
10
11.775841
20
7.816885
11
11.776063
21
7.817353
0
LINE
8
annotation
62
1
39
211
10
11.776063
20
7.817353
11
11.776202
21
7.817860
0
LINE
8
annotation
62
1
39
211
10
11.776202
20
7.817860
11
11.776251
21
7.818400
0
LINE
8
annotation
62
1
39
211
10
11.776251
20
7.818400
11
11.776251
21
7.825889
0
LINE
8
annotation
62
1
39
211
10
11.776251
20
7.825889
11
11.776251
21
7.825889
0
LINE
8
annotation
62
1
39
211
10
11.776251
20
7.825889
11
11.776202
21
7.826428
0
LINE
8
annotation
62
1
39
211
10
11.776202
20
7.826428
11
11.776063
21
7.826936
0
LINE
8
annotation
62
1
39
211
10
11.776063
20
7.826936
11
11.775841
21
7.827403
0
LINE
8
annotation
62
1
39
211
10
11.775841
20
7.827403
11
11.775545
21
7.827823
0
LINE
8
annotation
62
1
39
211
10
11.775545
20
7.827823
11
11.775184
21
7.828184
0
LINE
8
annotation
62
1
39
211
10
11.775184
20
7.828184
11
11.774766
21
7.828481
0
LINE
8
annotation
62
1
39
211
10
11.774766
20
7.828481
11
11.774299
21
7.828703
0
LINE
8
annotation
62
1
39
211
10
11.774299
20
7.828703
11
11.773794
21
7.828843
0
LINE
8
annotation
62
1
39
211
10
11.773794
20
7.828843
11
11.773257
21
7.828891
0
LINE
8
annotation
62
1
39
211
10
11.773257
20
7.828891
11
11.768754
21
7.828891
0
LINE
8
annotation
62
1
39
211
10
11.768754
20
7.828891
11
11.768754
21
7.815390
0
LINE
8
annotation
62
1
39
211
10
11.768754
20
7.815390
11
11.768754
21
7.815398
0
LINE
8
annotation
62
1
39
211
10
11.781313
20
7.818392
11
11.781313
21
7.818392
0
LINE
8
annotation
62
1
39
211
10
11.781313
20
7.818392
11
11.781362
21
7.817853
0
LINE
8
annotation
62
1
39
211
10
11.781362
20
7.817853
11
11.781501
21
7.817345
0
LINE
8
annotation
62
1
39
211
10
11.781501
20
7.817345
11
11.781723
21
7.816877
0
LINE
8
annotation
62
1
39
211
10
11.781723
20
7.816877
11
11.782019
21
7.816458
0
LINE
8
annotation
62
1
39
211
10
11.782019
20
7.816458
11
11.782381
21
7.816096
0
LINE
8
annotation
62
1
39
211
10
11.782381
20
7.816096
11
11.782800
21
7.815800
0
LINE
8
annotation
62
1
39
211
10
11.782800
20
7.815800
11
11.783268
21
7.815578
0
LINE
8
annotation
62
1
39
211
10
11.783268
20
7.815578
11
11.783776
21
7.815438
0
LINE
8
annotation
62
1
39
211
10
11.783776
20
7.815438
11
11.784316
21
7.815390
0
LINE
8
annotation
62
1
39
211
10
11.784316
20
7.815390
11
11.784316
21
7.815390
0
LINE
8
annotation
62
1
39
211
10
11.784316
20
7.815390
11
11.784855
21
7.815438
0
LINE
8
annotation
62
1
39
211
10
11.784855
20
7.815438
11
11.785363
21
7.815578
0
LINE
8
annotation
62
1
39
211
10
11.785363
20
7.815578
11
11.785830
21
7.815800
0
LINE
8
annotation
62
1
39
211
10
11.785830
20
7.815800
11
11.786249
21
7.816096
0
LINE
8
annotation
62
1
39
211
10
11.786249
20
7.816096
11
11.786611
21
7.816458
0
LINE
8
annotation
62
1
39
211
10
11.786611
20
7.816458
11
11.786907
21
7.816877
0
LINE
8
annotation
62
1
39
211
10
11.786907
20
7.816877
11
11.787129
21
7.817345
0
LINE
8
annotation
62
1
39
211
10
11.787129
20
7.817345
11
11.787269
21
7.817853
0
LINE
8
annotation
62
1
39
211
10
11.787269
20
7.817853
11
11.787317
21
7.818392
0
LINE
8
annotation
62
1
39
211
10
11.787317
20
7.818392
11
11.787317
21
7.821386
0
LINE
8
annotation
62
1
39
211
10
11.787317
20
7.821386
11
11.787317
21
7.821386
0
LINE
8
annotation
62
1
39
211
10
11.787317
20
7.821386
11
11.787269
21
7.821925
0
LINE
8
annotation
62
1
39
211
10
11.787269
20
7.821925
11
11.787129
21
7.822432
0
LINE
8
annotation
62
1
39
211
10
11.787129
20
7.822432
11
11.786907
21
7.822899
0
LINE
8
annotation
62
1
39
211
10
11.786907
20
7.822899
11
11.786611
21
7.823316
0
LINE
8
annotation
62
1
39
211
10
11.786611
20
7.823316
11
11.786249
21
7.823677
0
LINE
8
annotation
62
1
39
211
10
11.786249
20
7.823677
11
11.785830
21
7.823972
0
LINE
8
annotation
62
1
39
211
10
11.785830
20
7.823972
11
11.785362
21
7.824193
0
LINE
8
annotation
62
1
39
211
10
11.785362
20
7.824193
11
11.784855
21
7.824332
0
LINE
8
annotation
62
1
39
211
10
11.784855
20
7.824332
11
11.784316
21
7.824380
0
LINE
8
annotation
62
1
39
211
10
11.784316
20
7.824380
11
11.784316
21
7.824380
0
LINE
8
annotation
62
1
39
211
10
11.784316
20
7.824380
11
11.783776
21
7.824332
0
LINE
8
annotation
62
1
39
211
10
11.783776
20
7.824332
11
11.783268
21
7.824193
0
LINE
8
annotation
62
1
39
211
10
11.783268
20
7.824193
11
11.782800
21
7.823972
0
LINE
8
annotation
62
1
39
211
10
11.782800
20
7.823972
11
11.782381
21
7.823677
0
LINE
8
annotation
62
1
39
211
10
11.782381
20
7.823677
11
11.782019
21
7.823316
0
LINE
8
annotation
62
1
39
211
10
11.782019
20
7.823316
11
11.781723
21
7.822899
0
LINE
8
annotation
62
1
39
211
10
11.781723
20
7.822899
11
11.781501
21
7.822432
0
LINE
8
annotation
62
1
39
211
10
11.781501
20
7.822432
11
11.781362
21
7.821925
0
LINE
8
annotation
62
1
39
211
10
11.781362
20
7.821925
11
11.781313
21
7.821386
0
LINE
8
annotation
62
1
39
211
10
11.781313
20
7.821386
11
11.781313
21
7.818392
0
LINE
8
annotation
62
1
39
211
10
11.801386
20
7.824380
11
11.799131
21
7.815390
0
LINE
8
annotation
62
1
39
211
10
11.799131
20
7.815390
11
11.796884
21
7.821386
0
LINE
8
annotation
62
1
39
211
10
11.796884
20
7.821386
11
11.794637
21
7.815390
0
LINE
8
annotation
62
1
39
211
10
11.794637
20
7.815390
11
11.792380
21
7.824380
0
LINE
8
annotation
62
1
39
211
10
11.806450
20
7.819893
11
11.812446
21
7.819893
0
LINE
8
annotation
62
1
39
211
10
11.812446
20
7.819893
11
11.812446
21
7.821397
0
LINE
8
annotation
62
1
39
211
10
11.812446
20
7.821397
11
11.812446
21
7.821397
0
LINE
8
annotation
62
1
39
211
10
11.812446
20
7.821397
11
11.812398
21
7.821935
0
LINE
8
annotation
62
1
39
211
10
11.812398
20
7.821935
11
11.812259
21
7.822442
0
LINE
8
annotation
62
1
39
211
10
11.812259
20
7.822442
11
11.812037
21
7.822909
0
LINE
8
annotation
62
1
39
211
10
11.812037
20
7.822909
11
11.811741
21
7.823328
0
LINE
8
annotation
62
1
39
211
10
11.811741
20
7.823328
11
11.811380
21
7.823689
0
LINE
8
annotation
62
1
39
211
10
11.811380
20
7.823689
11
11.810962
21
7.823985
0
LINE
8
annotation
62
1
39
211
10
11.810962
20
7.823985
11
11.810495
21
7.824208
0
LINE
8
annotation
62
1
39
211
10
11.810495
20
7.824208
11
11.809987
21
7.824347
0
LINE
8
annotation
62
1
39
211
10
11.809987
20
7.824347
11
11.809448
21
7.824395
0
LINE
8
annotation
62
1
39
211
10
11.809448
20
7.824395
11
11.809448
21
7.824395
0
LINE
8
annotation
62
1
39
211
10
11.809448
20
7.824395
11
11.808910
21
7.824347
0
LINE
8
annotation
62
1
39
211
10
11.808910
20
7.824347
11
11.808403
21
7.824208
0
LINE
8
annotation
62
1
39
211
10
11.808403
20
7.824208
11
11.807936
21
7.823985
0
LINE
8
annotation
62
1
39
211
10
11.807936
20
7.823985
11
11.807518
21
7.823689
0
LINE
8
annotation
62
1
39
211
10
11.807518
20
7.823689
11
11.807156
21
7.823328
0
LINE
8
annotation
62
1
39
211
10
11.807156
20
7.823328
11
11.806860
21
7.822909
0
LINE
8
annotation
62
1
39
211
10
11.806860
20
7.822909
11
11.806638
21
7.822442
0
LINE
8
annotation
62
1
39
211
10
11.806638
20
7.822442
11
11.806498
21
7.821935
0
LINE
8
annotation
62
1
39
211
10
11.806498
20
7.821935
11
11.806450
21
7.821397
0
LINE
8
annotation
62
1
39
211
10
11.806450
20
7.821397
11
11.806450
21
7.817649
0
LINE
8
annotation
62
1
39
211
10
11.806450
20
7.817649
11
11.806450
21
7.817649
0
LINE
8
annotation
62
1
39
211
10
11.806450
20
7.817649
11
11.806486
21
7.817242
0
LINE
8
annotation
62
1
39
211
10
11.806486
20
7.817242
11
11.806591
21
7.816859
0
LINE
8
annotation
62
1
39
211
10
11.806591
20
7.816859
11
11.806757
21
7.816507
0
LINE
8
annotation
62
1
39
211
10
11.806757
20
7.816507
11
11.806979
21
7.816192
0
LINE
8
annotation
62
1
39
211
10
11.806979
20
7.816192
11
11.807251
21
7.815920
0
LINE
8
annotation
62
1
39
211
10
11.807251
20
7.815920
11
11.807565
21
7.815697
0
LINE
8
annotation
62
1
39
211
10
11.807565
20
7.815697
11
11.807916
21
7.815530
0
LINE
8
annotation
62
1
39
211
10
11.807916
20
7.815530
11
11.808297
21
7.815426
0
LINE
8
annotation
62
1
39
211
10
11.808297
20
7.815426
11
11.808701
21
7.815389
0
LINE
8
annotation
62
1
39
211
10
11.808701
20
7.815389
11
11.812445
21
7.815389
0
LINE
8
annotation
62
1
39
211
10
11.819018
20
7.815388
11
11.819018
21
7.815388
0
LINE
8
annotation
62
1
39
211
10
11.819018
20
7.815388
11
11.818746
21
7.815412
0
LINE
8
annotation
62
1
39
211
10
11.818746
20
7.815412
11
11.818490
21
7.815482
0
LINE
8
annotation
62
1
39
211
10
11.818490
20
7.815482
11
11.818255
21
7.815593
0
LINE
8
annotation
62
1
39
211
10
11.818255
20
7.815593
11
11.818044
21
7.815741
0
LINE
8
annotation
62
1
39
211
10
11.818044
20
7.815741
11
11.817863
21
7.815923
0
LINE
8
annotation
62
1
39
211
10
11.817863
20
7.815923
11
11.817714
21
7.816134
0
LINE
8
annotation
62
1
39
211
10
11.817714
20
7.816134
11
11.817603
21
7.816369
0
LINE
8
annotation
62
1
39
211
10
11.817603
20
7.816369
11
11.817533
21
7.816625
0
LINE
8
annotation
62
1
39
211
10
11.817533
20
7.816625
11
11.817509
21
7.816897
0
LINE
8
annotation
62
1
39
211
10
11.817509
20
7.816897
11
11.817509
21
7.828902
0
LINE
8
annotation
62
1
39
211
10
11.831465
20
7.822140
11
11.824083
21
7.822140
0
LINE
8
annotation
62
1
39
211
10
11.841031
20
7.828891
11
11.841031
21
7.828891
0
LINE
8
annotation
62
1
39
211
10
11.841031
20
7.828891
11
11.840172
21
7.828569
0
LINE
8
annotation
62
1
39
211
10
11.840172
20
7.828569
11
11.839384
21
7.828135
0
LINE
8
annotation
62
1
39
211
10
11.839384
20
7.828135
11
11.838674
21
7.827600
0
LINE
8
annotation
62
1
39
211
10
11.838674
20
7.827600
11
11.838052
21
7.826975
0
LINE
8
annotation
62
1
39
211
10
11.838052
20
7.826975
11
11.837524
21
7.826271
0
LINE
8
annotation
62
1
39
211
10
11.837524
20
7.826271
11
11.837100
21
7.825498
0
LINE
8
annotation
62
1
39
211
10
11.837100
20
7.825498
11
11.836787
21
7.824668
0
LINE
8
annotation
62
1
39
211
10
11.836787
20
7.824668
11
11.836593
21
7.823791
0
LINE
8
annotation
62
1
39
211
10
11.836593
20
7.823791
11
11.836527
21
7.822879
0
LINE
8
annotation
62
1
39
211
10
11.836527
20
7.822879
11
11.836527
21
7.818391
0
LINE
8
annotation
62
1
39
211
10
11.836527
20
7.818391
11
11.836527
21
7.818391
0
LINE
8
annotation
62
1
39
211
10
11.836527
20
7.818391
11
11.836575
21
7.817852
0
LINE
8
annotation
62
1
39
211
10
11.836575
20
7.817852
11
11.836715
21
7.817344
0
LINE
8
annotation
62
1
39
211
10
11.836715
20
7.817344
11
11.836937
21
7.816877
0
LINE
8
annotation
62
1
39
211
10
11.836937
20
7.816877
11
11.837233
21
7.816458
0
LINE
8
annotation
62
1
39
211
10
11.837233
20
7.816458
11
11.837595
21
7.816096
0
LINE
8
annotation
62
1
39
211
10
11.837595
20
7.816096
11
11.838013
21
7.815800
0
LINE
8
annotation
62
1
39
211
10
11.838013
20
7.815800
11
11.838480
21
7.815577
0
LINE
8
annotation
62
1
39
211
10
11.838480
20
7.815577
11
11.838987
21
7.815438
0
LINE
8
annotation
62
1
39
211
10
11.838987
20
7.815438
11
11.839525
21
7.815390
0
LINE
8
annotation
62
1
39
211
10
11.839525
20
7.815390
11
11.839525
21
7.815390
0
LINE
8
annotation
62
1
39
211
10
11.839525
20
7.815390
11
11.840064
21
7.815438
0
LINE
8
annotation
62
1
39
211
10
11.840064
20
7.815438
11
11.840572
21
7.815577
0
LINE
8
annotation
62
1
39
211
10
11.840572
20
7.815577
11
11.841039
21
7.815800
0
LINE
8
annotation
62
1
39
211
10
11.841039
20
7.815800
11
11.841457
21
7.816096
0
LINE
8
annotation
62
1
39
211
10
11.841457
20
7.816096
11
11.841819
21
7.816458
0
LINE
8
annotation
62
1
39
211
10
11.841819
20
7.816458
11
11.842114
21
7.816877
0
LINE
8
annotation
62
1
39
211
10
11.842114
20
7.816877
11
11.842336
21
7.817344
0
LINE
8
annotation
62
1
39
211
10
11.842336
20
7.817344
11
11.842475
21
7.817852
0
LINE
8
annotation
62
1
39
211
10
11.842475
20
7.817852
11
11.842523
21
7.818391
0
LINE
8
annotation
62
1
39
211
10
11.842523
20
7.818391
11
11.842523
21
7.819885
0
LINE
8
annotation
62
1
39
211
10
11.842523
20
7.819885
11
11.842523
21
7.819885
0
LINE
8
annotation
62
1
39
211
10
11.842523
20
7.819885
11
11.842475
21
7.820424
0
LINE
8
annotation
62
1
39
211
10
11.842475
20
7.820424
11
11.842336
21
7.820931
0
LINE
8
annotation
62
1
39
211
10
11.842336
20
7.820931
11
11.842114
21
7.821397
0
LINE
8
annotation
62
1
39
211
10
11.842114
20
7.821397
11
11.841819
21
7.821815
0
LINE
8
annotation
62
1
39
211
10
11.841819
20
7.821815
11
11.841457
21
7.822176
0
LINE
8
annotation
62
1
39
211
10
11.841457
20
7.822176
11
11.841039
21
7.822471
0
LINE
8
annotation
62
1
39
211
10
11.841039
20
7.822471
11
11.840572
21
7.822692
0
LINE
8
annotation
62
1
39
211
10
11.840572
20
7.822692
11
11.840064
21
7.822830
0
LINE
8
annotation
62
1
39
211
10
11.840064
20
7.822830
11
11.839525
21
7.822879
0
LINE
8
annotation
62
1
39
211
10
11.839525
20
7.822879
11
11.836527
21
7.822879
0
LINE
8
annotation
62
1
39
211
10
11.836152
20
7.813702
11
11.842902
21
7.813702
0
LINE
8
annotation
62
1
39
211
10
11.850588
20
7.815390
11
11.850588
21
7.828891
0
LINE
8
annotation
62
1
39
211
10
11.850588
20
7.828891
11
11.847587
21
7.825889
0
LINE
8
annotation
62
1
39
211
10
11.863034
20
7.822140
11
11.855652
21
7.822140
0
LINE
8
annotation
62
1
39
211
10
11.868096
20
7.815390
11
11.871094
21
7.815390
0
LINE
8
annotation
62
1
39
211
10
11.871094
20
7.815390
11
11.871094
21
7.815390
0
LINE
8
annotation
62
1
39
211
10
11.871094
20
7.815390
11
11.871632
21
7.815438
0
LINE
8
annotation
62
1
39
211
10
11.871632
20
7.815438
11
11.872139
21
7.815577
0
LINE
8
annotation
62
1
39
211
10
11.872139
20
7.815577
11
11.872606
21
7.815800
0
LINE
8
annotation
62
1
39
211
10
11.872606
20
7.815800
11
11.873025
21
7.816096
0
LINE
8
annotation
62
1
39
211
10
11.873025
20
7.816096
11
11.873386
21
7.816458
0
LINE
8
annotation
62
1
39
211
10
11.873386
20
7.816458
11
11.873682
21
7.816877
0
LINE
8
annotation
62
1
39
211
10
11.873682
20
7.816877
11
11.873904
21
7.817344
0
LINE
8
annotation
62
1
39
211
10
11.873904
20
7.817344
11
11.874044
21
7.817852
0
LINE
8
annotation
62
1
39
211
10
11.874044
20
7.817852
11
11.874092
21
7.818391
0
LINE
8
annotation
62
1
39
211
10
11.874092
20
7.818391
11
11.874092
21
7.819885
0
LINE
8
annotation
62
1
39
211
10
11.874092
20
7.819885
11
11.874092
21
7.819885
0
LINE
8
annotation
62
1
39
211
10
11.874092
20
7.819885
11
11.874044
21
7.820424
0
LINE
8
annotation
62
1
39
211
10
11.874044
20
7.820424
11
11.873905
21
7.820931
0
LINE
8
annotation
62
1
39
211
10
11.873905
20
7.820931
11
11.873683
21
7.821397
0
LINE
8
annotation
62
1
39
211
10
11.873683
20
7.821397
11
11.873387
21
7.821815
0
LINE
8
annotation
62
1
39
211
10
11.873387
20
7.821815
11
11.873025
21
7.822176
0
LINE
8
annotation
62
1
39
211
10
11.873025
20
7.822176
11
11.872607
21
7.822471
0
LINE
8
annotation
62
1
39
211
10
11.872607
20
7.822471
11
11.872140
21
7.822692
0
LINE
8
annotation
62
1
39
211
10
11.872140
20
7.822692
11
11.871633
21
7.822830
0
LINE
8
annotation
62
1
39
211
10
11.871633
20
7.822830
11
11.871094
21
7.822879
0
LINE
8
annotation
62
1
39
211
10
11.871094
20
7.822879
11
11.868096
21
7.822879
0
LINE
8
annotation
62
1
39
211
10
11.868096
20
7.822879
11
11.868096
21
7.828891
0
LINE
8
annotation
62
1
39
211
10
11.868096
20
7.828891
11
11.874092
21
7.828891
0
LINE
8
boundary
62
5
39
2
10
11.896425
20
8.325655
11
11.896425
21
8.456905
0
LINE
8
boundary
62
5
39
2
10
11.896425
20
8.456905
11
11.755800
21
8.466280
0
LINE
8
boundary
62
5
39
2
10
11.755800
20
8.466280
11
11.746425
21
8.325655
0
LINE
8
boundary
62
5
39
2
10
11.746425
20
8.325655
11
11.887050
21
8.316280
0
LINE
8
boundary
62
5
39
2
10
11.887050
20
8.316280
11
11.896425
21
8.325655
0
LINE
8
annotation
62
1
39
211
10
11.780433
20
8.388231
11
11.784036
21
8.388231
0
LINE
8
annotation
62
1
39
211
10
11.784036
20
8.388231
11
11.784036
21
8.388231
0
LINE
8
annotation
62
1
39
211
10
11.784036
20
8.388231
11
11.784465
21
8.388269
0
LINE
8
annotation
62
1
39
211
10
11.784465
20
8.388269
11
11.784870
21
8.388381
0
LINE
8
annotation
62
1
39
211
10
11.784870
20
8.388381
11
11.785243
21
8.388559
0
LINE
8
annotation
62
1
39
211
10
11.785243
20
8.388559
11
11.785577
21
8.388795
0
LINE
8
annotation
62
1
39
211
10
11.785577
20
8.388795
11
11.785866
21
8.389085
0
LINE
8
annotation
62
1
39
211
10
11.785866
20
8.389085
11
11.786103
21
8.389420
0
LINE
8
annotation
62
1
39
211
10
11.786103
20
8.389420
11
11.786280
21
8.389794
0
LINE
8
annotation
62
1
39
211
10
11.786280
20
8.389794
11
11.786392
21
8.390200
0
LINE
8
annotation
62
1
39
211
10
11.786392
20
8.390200
11
11.786431
21
8.390632
0
LINE
8
annotation
62
1
39
211
10
11.786431
20
8.390632
11
11.786431
21
8.396623
0
LINE
8
annotation
62
1
39
211
10
11.786431
20
8.396623
11
11.786431
21
8.396623
0
LINE
8
annotation
62
1
39
211
10
11.786431
20
8.396623
11
11.786392
21
8.397054
0
LINE
8
annotation
62
1
39
211
10
11.786392
20
8.397054
11
11.786280
21
8.397461
0
LINE
8
annotation
62
1
39
211
10
11.786280
20
8.397461
11
11.786103
21
8.397835
0
LINE
8
annotation
62
1
39
211
10
11.786103
20
8.397835
11
11.785866
21
8.398170
0
LINE
8
annotation
62
1
39
211
10
11.785866
20
8.398170
11
11.785577
21
8.398460
0
LINE
8
annotation
62
1
39
211
10
11.785577
20
8.398460
11
11.785243
21
8.398697
0
LINE
8
annotation
62
1
39
211
10
11.785243
20
8.398697
11
11.784870
21
8.398874
0
LINE
8
annotation
62
1
39
211
10
11.784870
20
8.398874
11
11.784465
21
8.398986
0
LINE
8
annotation
62
1
39
211
10
11.784465
20
8.398986
11
11.784036
21
8.399025
0
LINE
8
annotation
62
1
39
211
10
11.784036
20
8.399025
11
11.780433
21
8.399025
0
LINE
8
annotation
62
1
39
211
10
11.780433
20
8.399025
11
11.780433
21
8.388224
0
LINE
8
annotation
62
1
39
211
10
11.780433
20
8.388224
11
11.780433
21
8.388231
0
LINE
8
annotation
62
1
39
211
10
11.790481
20
8.390626
11
11.790481
21
8.390626
0
LINE
8
annotation
62
1
39
211
10
11.790481
20
8.390626
11
11.790520
21
8.390194
0
LINE
8
annotation
62
1
39
211
10
11.790520
20
8.390194
11
11.790631
21
8.389788
0
LINE
8
annotation
62
1
39
211
10
11.790631
20
8.389788
11
11.790809
21
8.389414
0
LINE
8
annotation
62
1
39
211
10
11.790809
20
8.389414
11
11.791046
21
8.389079
0
LINE
8
annotation
62
1
39
211
10
11.791046
20
8.389079
11
11.791335
21
8.388789
0
LINE
8
annotation
62
1
39
211
10
11.791335
20
8.388789
11
11.791671
21
8.388552
0
LINE
8
annotation
62
1
39
211
10
11.791671
20
8.388552
11
11.792045
21
8.388374
0
LINE
8
annotation
62
1
39
211
10
11.792045
20
8.388374
11
11.792451
21
8.388263
0
LINE
8
annotation
62
1
39
211
10
11.792451
20
8.388263
11
11.792883
21
8.388224
0
LINE
8
annotation
62
1
39
211
10
11.792883
20
8.388224
11
11.792883
21
8.388224
0
LINE
8
annotation
62
1
39
211
10
11.792883
20
8.388224
11
11.793314
21
8.388263
0
LINE
8
annotation
62
1
39
211
10
11.793314
20
8.388263
11
11.793720
21
8.388374
0
LINE
8
annotation
62
1
39
211
10
11.793720
20
8.388374
11
11.794094
21
8.388552
0
LINE
8
annotation
62
1
39
211
10
11.794094
20
8.388552
11
11.794430
21
8.388789
0
LINE
8
annotation
62
1
39
211
10
11.794430
20
8.388789
11
11.794719
21
8.389079
0
LINE
8
annotation
62
1
39
211
10
11.794719
20
8.389079
11
11.794956
21
8.389414
0
LINE
8
annotation
62
1
39
211
10
11.794956
20
8.389414
11
11.795134
21
8.389788
0
LINE
8
annotation
62
1
39
211
10
11.795134
20
8.389788
11
11.795245
21
8.390194
0
LINE
8
annotation
62
1
39
211
10
11.795245
20
8.390194
11
11.795284
21
8.390626
0
LINE
8
annotation
62
1
39
211
10
11.795284
20
8.390626
11
11.795284
21
8.393021
0
LINE
8
annotation
62
1
39
211
10
11.795284
20
8.393021
11
11.795284
21
8.393021
0
LINE
8
annotation
62
1
39
211
10
11.795284
20
8.393021
11
11.795245
21
8.393452
0
LINE
8
annotation
62
1
39
211
10
11.795245
20
8.393452
11
11.795134
21
8.393858
0
LINE
8
annotation
62
1
39
211
10
11.795134
20
8.393858
11
11.794956
21
8.394231
0
LINE
8
annotation
62
1
39
211
10
11.794956
20
8.394231
11
11.794719
21
8.394565
0
LINE
8
annotation
62
1
39
211
10
11.794719
20
8.394565
11
11.794429
21
8.394854
0
LINE
8
annotation
62
1
39
211
10
11.794429
20
8.394854
11
11.794094
21
8.395090
0
LINE
8
annotation
62
1
39
211
10
11.794094
20
8.395090
11
11.793720
21
8.395266
0
LINE
8
annotation
62
1
39
211
10
11.793720
20
8.395266
11
11.793314
21
8.395377
0
LINE
8
annotation
62
1
39
211
10
11.793314
20
8.395377
11
11.792883
21
8.395416
0
LINE
8
annotation
62
1
39
211
10
11.792883
20
8.395416
11
11.792883
21
8.395416
0
LINE
8
annotation
62
1
39
211
10
11.792883
20
8.395416
11
11.792451
21
8.395377
0
LINE
8
annotation
62
1
39
211
10
11.792451
20
8.395377
11
11.792045
21
8.395266
0
LINE
8
annotation
62
1
39
211
10
11.792045
20
8.395266
11
11.791671
21
8.395090
0
LINE
8
annotation
62
1
39
211
10
11.791671
20
8.395090
11
11.791335
21
8.394854
0
LINE
8
annotation
62
1
39
211
10
11.791335
20
8.394854
11
11.791046
21
8.394565
0
LINE
8
annotation
62
1
39
211
10
11.791046
20
8.394565
11
11.790809
21
8.394231
0
LINE
8
annotation
62
1
39
211
10
11.790809
20
8.394231
11
11.790631
21
8.393858
0
LINE
8
annotation
62
1
39
211
10
11.790631
20
8.393858
11
11.790520
21
8.393452
0
LINE
8
annotation
62
1
39
211
10
11.790520
20
8.393452
11
11.790481
21
8.393021
0
LINE
8
annotation
62
1
39
211
10
11.790481
20
8.393021
11
11.790481
21
8.390626
0
LINE
8
annotation
62
1
39
211
10
11.806539
20
8.395416
11
11.804735
21
8.388224
0
LINE
8
annotation
62
1
39
211
10
11.804735
20
8.388224
11
11.802937
21
8.393021
0
LINE
8
annotation
62
1
39
211
10
11.802937
20
8.393021
11
11.801139
21
8.388224
0
LINE
8
annotation
62
1
39
211
10
11.801139
20
8.388224
11
11.799334
21
8.395416
0
LINE
8
annotation
62
1
39
211
10
11.810590
20
8.391826
11
11.815387
21
8.391826
0
LINE
8
annotation
62
1
39
211
10
11.815387
20
8.391826
11
11.815387
21
8.393030
0
LINE
8
annotation
62
1
39
211
10
11.815387
20
8.393030
11
11.815387
21
8.393030
0
LINE
8
annotation
62
1
39
211
10
11.815387
20
8.393030
11
11.815348
21
8.393460
0
LINE
8
annotation
62
1
39
211
10
11.815348
20
8.393460
11
11.815237
21
8.393866
0
LINE
8
annotation
62
1
39
211
10
11.815237
20
8.393866
11
11.815060
21
8.394239
0
LINE
8
annotation
62
1
39
211
10
11.815060
20
8.394239
11
11.814823
21
8.394574
0
LINE
8
annotation
62
1
39
211
10
11.814823
20
8.394574
11
11.814534
21
8.394864
0
LINE
8
annotation
62
1
39
211
10
11.814534
20
8.394864
11
11.814200
21
8.395100
0
LINE
8
annotation
62
1
39
211
10
11.814200
20
8.395100
11
11.813826
21
8.395278
0
LINE
8
annotation
62
1
39
211
10
11.813826
20
8.395278
11
11.813420
21
8.395390
0
LINE
8
annotation
62
1
39
211
10
11.813420
20
8.395390
11
11.812989
21
8.395428
0
LINE
8
annotation
62
1
39
211
10
11.812989
20
8.395428
11
11.812989
21
8.395428
0
LINE
8
annotation
62
1
39
211
10
11.812989
20
8.395428
11
11.812558
21
8.395390
0
LINE
8
annotation
62
1
39
211
10
11.812558
20
8.395390
11
11.812153
21
8.395278
0
LINE
8
annotation
62
1
39
211
10
11.812153
20
8.395278
11
11.811779
21
8.395100
0
LINE
8
annotation
62
1
39
211
10
11.811779
20
8.395100
11
11.811444
21
8.394864
0
LINE
8
annotation
62
1
39
211
10
11.811444
20
8.394864
11
11.811155
21
8.394574
0
LINE
8
annotation
62
1
39
211
10
11.811155
20
8.394574
11
11.810918
21
8.394239
0
LINE
8
annotation
62
1
39
211
10
11.810918
20
8.394239
11
11.810740
21
8.393866
0
LINE
8
annotation
62
1
39
211
10
11.810740
20
8.393866
11
11.810629
21
8.393460
0
LINE
8
annotation
62
1
39
211
10
11.810629
20
8.393460
11
11.810590
21
8.393030
0
LINE
8
annotation
62
1
39
211
10
11.810590
20
8.393030
11
11.810590
21
8.390031
0
LINE
8
annotation
62
1
39
211
10
11.810590
20
8.390031
11
11.810590
21
8.390031
0
LINE
8
annotation
62
1
39
211
10
11.810590
20
8.390031
11
11.810619
21
8.389706
0
LINE
8
annotation
62
1
39
211
10
11.810619
20
8.389706
11
11.810703
21
8.389400
0
LINE
8
annotation
62
1
39
211
10
11.810703
20
8.389400
11
11.810836
21
8.389118
0
LINE
8
annotation
62
1
39
211
10
11.810836
20
8.389118
11
11.811014
21
8.388866
0
LINE
8
annotation
62
1
39
211
10
11.811014
20
8.388866
11
11.811231
21
8.388648
0
LINE
8
annotation
62
1
39
211
10
11.811231
20
8.388648
11
11.811482
21
8.388470
0
LINE
8
annotation
62
1
39
211
10
11.811482
20
8.388470
11
11.811763
21
8.388336
0
LINE
8
annotation
62
1
39
211
10
11.811763
20
8.388336
11
11.812067
21
8.388253
0
LINE
8
annotation
62
1
39
211
10
11.812067
20
8.388253
11
11.812391
21
8.388223
0
LINE
8
annotation
62
1
39
211
10
11.812391
20
8.388223
11
11.815386
21
8.388223
0
LINE
8
annotation
62
1
39
211
10
11.820645
20
8.388222
11
11.820645
21
8.388222
0
LINE
8
annotation
62
1
39
211
10
11.820645
20
8.388222
11
11.820427
21
8.388241
0
LINE
8
annotation
62
1
39
211
10
11.820427
20
8.388241
11
11.820223
21
8.388297
0
LINE
8
annotation
62
1
39
211
10
11.820223
20
8.388297
11
11.820034
21
8.388386
0
LINE
8
annotation
62
1
39
211
10
11.820034
20
8.388386
11
11.819866
21
8.388505
0
LINE
8
annotation
62
1
39
211
10
11.819866
20
8.388505
11
11.819720
21
8.388650
0
LINE
8
annotation
62
1
39
211
10
11.819720
20
8.388650
11
11.819602
21
8.388819
0
LINE
8
annotation
62
1
39
211
10
11.819602
20
8.388819
11
11.819512
21
8.389007
0
LINE
8
annotation
62
1
39
211
10
11.819512
20
8.389007
11
11.819457
21
8.389212
0
LINE
8
annotation
62
1
39
211
10
11.819457
20
8.389212
11
11.819437
21
8.389430
0
LINE
8
annotation
62
1
39
211
10
11.819437
20
8.389430
11
11.819437
21
8.399033
0
LINE
8
annotation
62
1
39
211
10
11.830602
20
8.393624
11
11.824697
21
8.393624
0
LINE
8
annotation
62
1
39
211
10
11.834652
20
8.388224
11
11.837050
21
8.388224
0
LINE
8
annotation
62
1
39
211
10
11.837050
20
8.388224
11
11.837050
21
8.388224
0
LINE
8
annotation
62
1
39
211
10
11.837050
20
8.388224
11
11.837481
21
8.388262
0
LINE
8
annotation
62
1
39
211
10
11.837481
20
8.388262
11
11.837886
21
8.388374
0
LINE
8
annotation
62
1
39
211
10
11.837886
20
8.388374
11
11.838260
21
8.388552
0
LINE
8
annotation
62
1
39
211
10
11.838260
20
8.388552
11
11.838595
21
8.388789
0
LINE
8
annotation
62
1
39
211
10
11.838595
20
8.388789
11
11.838884
21
8.389078
0
LINE
8
annotation
62
1
39
211
10
11.838884
20
8.389078
11
11.839121
21
8.389413
0
LINE
8
annotation
62
1
39
211
10
11.839121
20
8.389413
11
11.839299
21
8.389787
0
LINE
8
annotation
62
1
39
211
10
11.839299
20
8.389787
11
11.839410
21
8.390194
0
LINE
8
annotation
62
1
39
211
10
11.839410
20
8.390194
11
11.839449
21
8.390625
0
LINE
8
annotation
62
1
39
211
10
11.839449
20
8.390625
11
11.839449
21
8.391820
0
LINE
8
annotation
62
1
39
211
10
11.839449
20
8.391820
11
11.839449
21
8.391820
0
LINE
8
annotation
62
1
39
211
10
11.839449
20
8.391820
11
11.839410
21
8.392251
0
LINE
8
annotation
62
1
39
211
10
11.839410
20
8.392251
11
11.839299
21
8.392657
0
LINE
8
annotation
62
1
39
211
10
11.839299
20
8.392657
11
11.839121
21
8.393030
0
LINE
8
annotation
62
1
39
211
10
11.839121
20
8.393030
11
11.838884
21
8.393364
0
LINE
8
annotation
62
1
39
211
10
11.838884
20
8.393364
11
11.838595
21
8.393653
0
LINE
8
annotation
62
1
39
211
10
11.838595
20
8.393653
11
11.838260
21
8.393889
0
LINE
8
annotation
62
1
39
211
10
11.838260
20
8.393889
11
11.837887
21
8.394065
0
LINE
8
annotation
62
1
39
211
10
11.837887
20
8.394065
11
11.837481
21
8.394176
0
LINE
8
annotation
62
1
39
211
10
11.837481
20
8.394176
11
11.837050
21
8.394215
0
LINE
8
annotation
62
1
39
211
10
11.837050
20
8.394215
11
11.834652
21
8.394215
0
LINE
8
annotation
62
1
39
211
10
11.834652
20
8.394215
11
11.834652
21
8.399025
0
LINE
8
annotation
62
1
39
211
10
11.834652
20
8.399025
11
11.839449
21
8.399025
0
LINE
8
annotation
62
1
39
211
10
11.843499
20
8.388224
11
11.845898
21
8.388224
0
LINE
8
annotation
62
1
39
211
10
11.845898
20
8.388224
11
11.845898
21
8.388224
0
LINE
8
annotation
62
1
39
211
10
11.845898
20
8.388224
11
11.846328
21
8.388262
0
LINE
8
annotation
62
1
39
211
10
11.846328
20
8.388262
11
11.846734
21
8.388374
0
LINE
8
annotation
62
1
39
211
10
11.846734
20
8.388374
11
11.847107
21
8.388552
0
LINE
8
annotation
62
1
39
211
10
11.847107
20
8.388552
11
11.847442
21
8.388789
0
LINE
8
annotation
62
1
39
211
10
11.847442
20
8.388789
11
11.847731
21
8.389078
0
LINE
8
annotation
62
1
39
211
10
11.847731
20
8.389078
11
11.847968
21
8.389413
0
LINE
8
annotation
62
1
39
211
10
11.847968
20
8.389413
11
11.848146
21
8.389787
0
LINE
8
annotation
62
1
39
211
10
11.848146
20
8.389787
11
11.848258
21
8.390194
0
LINE
8
annotation
62
1
39
211
10
11.848258
20
8.390194
11
11.848296
21
8.390625
0
LINE
8
annotation
62
1
39
211
10
11.848296
20
8.390625
11
11.848296
21
8.391820
0
LINE
8
annotation
62
1
39
211
10
11.848296
20
8.391820
11
11.848296
21
8.391820
0
LINE
8
annotation
62
1
39
211
10
11.848296
20
8.391820
11
11.848258
21
8.392251
0
LINE
8
annotation
62
1
39
211
10
11.848258
20
8.392251
11
11.848146
21
8.392657
0
LINE
8
annotation
62
1
39
211
10
11.848146
20
8.392657
11
11.847968
21
8.393030
0
LINE
8
annotation
62
1
39
211
10
11.847968
20
8.393030
11
11.847732
21
8.393364
0
LINE
8
annotation
62
1
39
211
10
11.847732
20
8.393364
11
11.847442
21
8.393653
0
LINE
8
annotation
62
1
39
211
10
11.847442
20
8.393653
11
11.847108
21
8.393889
0
LINE
8
annotation
62
1
39
211
10
11.847108
20
8.393889
11
11.846734
21
8.394065
0
LINE
8
annotation
62
1
39
211
10
11.846734
20
8.394065
11
11.846328
21
8.394176
0
LINE
8
annotation
62
1
39
211
10
11.846328
20
8.394176
11
11.845898
21
8.394215
0
LINE
8
annotation
62
1
39
211
10
11.845898
20
8.394215
11
11.843499
21
8.394215
0
LINE
8
annotation
62
1
39
211
10
11.843499
20
8.394215
11
11.843499
21
8.399025
0
LINE
8
annotation
62
1
39
211
10
11.843499
20
8.399025
11
11.848296
21
8.399025
0
LINE
8
annotation
62
1
39
211
10
11.858254
20
8.393624
11
11.852348
21
8.393624
0
LINE
8
annotation
62
1
39
211
10
11.867101
20
8.388224
11
11.862304
21
8.388224
0
LINE
8
annotation
62
1
39
211
10
11.862304
20
8.388224
11
11.866736
21
8.395360
0
LINE
8
annotation
62
1
39
211
10
11.866736
20
8.395360
11
11.866736
21
8.395360
0
LINE
8
annotation
62
1
39
211
10
11.866736
20
8.395360
11
11.866742
21
8.395366
0
LINE
8
annotation
62
1
39
211
10
11.866742
20
8.395366
11
11.866747
21
8.395373
0
LINE
8
annotation
62
1
39
211
10
11.866747
20
8.395373
11
11.866752
21
8.395380
0
LINE
8
annotation
62
1
39
211
10
11.866752
20
8.395380
11
11.866756
21
8.395386
0
LINE
8
annotation
62
1
39
211
10
11.866756
20
8.395386
11
11.866761
21
8.395394
0
LINE
8
annotation
62
1
39
211
10
11.866761
20
8.395394
11
11.866766
21
8.395401
0
LINE
8
annotation
62
1
39
211
10
11.866766
20
8.395401
11
11.866770
21
8.395409
0
LINE
8
annotation
62
1
39
211
10
11.866770
20
8.395409
11
11.866775
21
8.395417
0
LINE
8
annotation
62
1
39
211
10
11.866775
20
8.395417
11
11.866779
21
8.395425
0
LINE
8
annotation
62
1
39
211
10
11.866779
20
8.395425
11
11.866779
21
8.395425
0
LINE
8
annotation
62
1
39
211
10
11.866779
20
8.395425
11
11.866962
21
8.395818
0
LINE
8
annotation
62
1
39
211
10
11.866962
20
8.395818
11
11.867069
21
8.396226
0
LINE
8
annotation
62
1
39
211
10
11.867069
20
8.396226
11
11.867102
21
8.396638
0
LINE
8
annotation
62
1
39
211
10
11.867102
20
8.396638
11
11.867065
21
8.397047
0
LINE
8
annotation
62
1
39
211
10
11.867065
20
8.397047
11
11.866959
21
8.397442
0
LINE
8
annotation
62
1
39
211
10
11.866959
20
8.397442
11
11.866788
21
8.397815
0
LINE
8
annotation
62
1
39
211
10
11.866788
20
8.397815
11
11.866554
21
8.398156
0
LINE
8
annotation
62
1
39
211
10
11.866554
20
8.398156
11
11.866259
21
8.398456
0
LINE
8
annotation
62
1
39
211
10
11.866259
20
8.398456
11
11.865907
21
8.398706
0
LINE
8
annotation
62
1
39
211
10
11.865907
20
8.398706
11
11.865907
21
8.398706
0
LINE
8
annotation
62
1
39
211
10
11.865907
20
8.398706
11
11.865513
21
8.398887
0
LINE
8
annotation
62
1
39
211
10
11.865513
20
8.398887
11
11.865105
21
8.398992
0
LINE
8
annotation
62
1
39
211
10
11.865105
20
8.398992
11
11.864692
21
8.399025
0
LINE
8
annotation
62
1
39
211
10
11.864692
20
8.399025
11
11.864283
21
8.398987
0
LINE
8
annotation
62
1
39
211
10
11.864283
20
8.398987
11
11.863888
21
8.398881
0
LINE
8
annotation
62
1
39
211
10
11.863888
20
8.398881
11
11.863516
21
8.398709
0
LINE
8
annotation
62
1
39
211
10
11.863516
20
8.398709
11
11.863175
21
8.398474
0
LINE
8
annotation
62
1
39
211
10
11.863175
20
8.398474
11
11.862875
21
8.398178
0
LINE
8
annotation
62
1
39
211
10
11.862875
20
8.398178
11
11.862626
21
8.397824
0
LINE
8
annotation
62
1
39
211
10
11.862626
20
8.397824
11
11.862311
21
8.397220
0
LINE
8
boundary
62
5
39
2
10
11.644903
20
8.664135
11
11.652800
21
8.687633
0
LINE
8
boundary
62
5
39
2
10
11.652800
20
8.687633
11
11.637082
21
8.784220
0
LINE
8
boundary
62
5
39
2
10
11.637082
20
8.784220
11
11.617222
21
8.856223
0
LINE
8
boundary
62
5
39
2
10
11.617222
20
8.856223
11
11.605589
21
8.898738
0
LINE
8
boundary
62
5
39
2
10
11.605589
20
8.898738
11
11.591646
21
8.948112
0
LINE
8
boundary
62
5
39
2
10
11.591646
20
8.948112
11
11.573454
21
9.012518
0
LINE
8
boundary
62
5
39
2
10
11.573454
20
9.012518
11
11.561922
21
9.053299
0
LINE
8
boundary
62
5
39
2
10
11.561922
20
9.053299
11
11.550733
21
9.092805
0
LINE
8
boundary
62
5
39
2
10
11.550733
20
9.092805
11
11.541255
21
9.126298
0
LINE
8
boundary
62
5
39
2
10
11.541255
20
9.126298
11
11.522565
21
9.191815
0
LINE
8
boundary
62
5
39
2
10
11.522565
20
9.191815
11
11.515448
21
9.216317
0
LINE
8
boundary
62
5
39
2
10
11.515448
20
9.216317
11
11.508480
21
9.240078
0
LINE
8
boundary
62
5
39
2
10
11.508480
20
9.240078
11
11.492986
21
9.287503
0
LINE
8
boundary
62
5
39
2
10
11.492986
20
9.287503
11
11.470894
21
9.353858
0
LINE
8
boundary
62
5
39
2
10
11.470894
20
9.353858
11
11.453422
21
9.399439
0
LINE
8
boundary
62
5
39
2
10
11.453422
20
9.399439
11
11.440283
21
9.431795
0
LINE
8
boundary
62
5
39
2
10
11.440283
20
9.431795
11
11.426049
21
9.467638
0
LINE
8
boundary
62
5
39
2
10
11.426049
20
9.467638
11
11.408785
21
9.490690
0
LINE
8
boundary
62
5
39
2
10
11.408785
20
9.490690
11
11.368340
21
9.499993
0
LINE
8
boundary
62
5
39
2
10
11.368340
20
9.499993
11
11.331857
21
9.520478
0
LINE
8
boundary
62
5
39
2
10
11.331857
20
9.520478
11
11.295005
21
9.529029
0
LINE
8
boundary
62
5
39
2
10
11.295005
20
9.529029
11
11.235811
21
9.482603
0
LINE
8
boundary
62
5
39
2
10
11.235811
20
9.482603
11
11.217545
21
9.467638
0
LINE
8
boundary
62
5
39
2
10
11.217545
20
9.467638
11
11.216192
21
9.439891
0
LINE
8
boundary
62
5
39
2
10
11.216192
20
9.439891
11
11.202951
21
9.381605
0
LINE
8
boundary
62
5
39
2
10
11.202951
20
9.381605
11
11.200477
21
9.353858
0
LINE
8
boundary
62
5
39
2
10
11.200477
20
9.353858
11
11.206219
21
9.260465
0
LINE
8
boundary
62
5
39
2
10
11.206219
20
9.260465
11
11.210245
21
9.240078
0
LINE
8
boundary
62
5
39
2
10
11.210245
20
9.240078
11
11.213135
21
9.219887
0
LINE
8
boundary
62
5
39
2
10
11.213135
20
9.219887
11
11.215486
21
9.146489
0
LINE
8
boundary
62
5
39
2
10
11.215486
20
9.146489
11
11.218377
21
9.126298
0
LINE
8
boundary
62
5
39
2
10
11.218377
20
9.126298
11
11.222349
21
9.106107
0
LINE
8
boundary
62
5
39
2
10
11.222349
20
9.106107
11
11.233422
21
9.032709
0
LINE
8
boundary
62
5
39
2
10
11.233422
20
9.032709
11
11.237394
21
9.012518
0
LINE
8
boundary
62
5
39
2
10
11.237394
20
9.012518
11
11.242132
21
8.992432
0
LINE
8
boundary
62
5
39
2
10
11.242132
20
8.992432
11
11.259164
21
8.912532
0
LINE
8
boundary
62
5
39
2
10
11.259164
20
8.912532
11
11.274680
21
8.860554
0
LINE
8
boundary
62
5
39
2
10
11.274680
20
8.860554
11
11.286801
21
8.823142
0
LINE
8
boundary
62
5
39
2
10
11.286801
20
8.823142
11
11.295005
21
8.797534
0
LINE
8
boundary
62
5
39
2
10
11.295005
20
8.797534
11
11.305635
21
8.770851
0
LINE
8
boundary
62
5
39
2
10
11.305635
20
8.770851
11
11.328553
21
8.699358
0
LINE
8
boundary
62
5
39
2
10
11.328553
20
8.699358
11
11.337903
21
8.671178
0
LINE
8
boundary
62
5
39
2
10
11.337903
20
8.671178
11
11.399814
21
8.618072
0
LINE
8
boundary
62
5
39
2
10
11.399814
20
8.618072
11
11.428976
21
8.606117
0
LINE
8
boundary
62
5
39
2
10
11.428976
20
8.606117
11
11.502373
21
8.618946
0
LINE
8
boundary
62
5
39
2
10
11.502373
20
8.618946
11
11.522565
21
8.615013
0
LINE
8
boundary
62
5
39
2
10
11.522565
20
8.615013
11
11.550047
21
8.623609
0
LINE
8
boundary
62
5
39
2
10
11.550047
20
8.623609
11
11.605233
21
8.652372
0
LINE
8
boundary
62
5
39
2
10
11.605233
20
8.652372
11
11.636345
21
8.662757
0
LINE
8
boundary
62
5
39
2
10
11.636345
20
8.662757
11
11.644903
21
8.664135
0
LINE
8
annotation
62
1
39
211
10
11.311992
20
9.063502
11
11.311992
21
9.063502
0
LINE
8
annotation
62
1
39
211
10
11.311992
20
9.063502
11
11.312230
21
9.060848
0
LINE
8
annotation
62
1
39
211
10
11.312230
20
9.060848
11
11.312917
21
9.058353
0
LINE
8
annotation
62
1
39
211
10
11.312917
20
9.058353
11
11.314010
21
9.056056
0
LINE
8
annotation
62
1
39
211
10
11.314010
20
9.056056
11
11.315468
21
9.054000
0
LINE
8
annotation
62
1
39
211
10
11.315468
20
9.054000
11
11.317248
21
9.052225
0
LINE
8
annotation
62
1
39
211
10
11.317248
20
9.052225
11
11.319308
21
9.050773
0
LINE
8
annotation
62
1
39
211
10
11.319308
20
9.050773
11
11.321606
21
9.049685
0
LINE
8
annotation
62
1
39
211
10
11.321606
20
9.049685
11
11.324101
21
9.049002
0
LINE
8
annotation
62
1
39
211
10
11.324101
20
9.049002
11
11.326749
21
9.048765
0
LINE
8
annotation
62
1
39
211
10
11.326749
20
9.048765
11
11.326749
21
9.048765
0
LINE
8
annotation
62
1
39
211
10
11.326749
20
9.048765
11
11.329398
21
9.049002
0
LINE
8
annotation
62
1
39
211
10
11.329398
20
9.049002
11
11.331893
21
9.049685
0
LINE
8
annotation
62
1
39
211
10
11.331893
20
9.049685
11
11.334191
21
9.050773
0
LINE
8
annotation
62
1
39
211
10
11.334191
20
9.050773
11
11.336251
21
9.052225
0
LINE
8
annotation
62
1
39
211
10
11.336251
20
9.052225
11
11.338031
21
9.054000
0
LINE
8
annotation
62
1
39
211
10
11.338031
20
9.054000
11
11.339489
21
9.056056
0
LINE
8
annotation
62
1
39
211
10
11.339489
20
9.056056
11
11.340582
21
9.058353
0
LINE
8
annotation
62
1
39
211
10
11.340582
20
9.058353
11
11.341269
21
9.060848
0
LINE
8
annotation
62
1
39
211
10
11.341269
20
9.060848
11
11.341507
21
9.063502
0
LINE
8
annotation
62
1
39
211
10
11.341507
20
9.063502
11
11.341507
21
9.070853
0
LINE
8
annotation
62
1
39
211
10
11.341507
20
9.070853
11
11.341507
21
9.070853
0
LINE
8
annotation
62
1
39
211
10
11.341507
20
9.070853
11
11.341269
21
9.073508
0
LINE
8
annotation
62
1
39
211
10
11.341269
20
9.073508
11
11.340582
21
9.076007
0
LINE
8
annotation
62
1
39
211
10
11.340582
20
9.076007
11
11.339490
21
9.078308
0
LINE
8
annotation
62
1
39
211
10
11.339490
20
9.078308
11
11.338032
21
9.080371
0
LINE
8
annotation
62
1
39
211
10
11.338032
20
9.080371
11
11.336253
21
9.082151
0
LINE
8
annotation
62
1
39
211
10
11.336253
20
9.082151
11
11.334193
21
9.083609
0
LINE
8
annotation
62
1
39
211
10
11.334193
20
9.083609
11
11.331894
21
9.084703
0
LINE
8
annotation
62
1
39
211
10
11.331894
20
9.084703
11
11.329399
21
9.085389
0
LINE
8
annotation
62
1
39
211
10
11.329399
20
9.085389
11
11.326749
21
9.085627
0
LINE
8
annotation
62
1
39
211
10
11.326749
20
9.085627
11
11.326749
21
9.085627
0
LINE
8
annotation
62
1
39
211
10
11.326749
20
9.085627
11
11.324100
21
9.085389
0
LINE
8
annotation
62
1
39
211
10
11.324100
20
9.085389
11
11.321605
21
9.084702
0
LINE
8
annotation
62
1
39
211
10
11.321605
20
9.084702
11
11.319306
21
9.083609
0
LINE
8
annotation
62
1
39
211
10
11.319306
20
9.083609
11
11.317246
21
9.082150
0
LINE
8
annotation
62
1
39
211
10
11.317246
20
9.082150
11
11.315466
21
9.080369
0
LINE
8
annotation
62
1
39
211
10
11.315466
20
9.080369
11
11.314009
21
9.078307
0
LINE
8
annotation
62
1
39
211
10
11.314009
20
9.078307
11
11.312917
21
9.076005
0
LINE
8
annotation
62
1
39
211
10
11.312917
20
9.076005
11
11.312230
21
9.073507
0
LINE
8
annotation
62
1
39
211
10
11.312230
20
9.073507
11
11.311992
21
9.070853
0
LINE
8
annotation
62
1
39
211
10
11.311992
20
9.070853
11
11.311992
21
9.063502
0
LINE
8
annotation
62
1
39
211
10
11.341507
20
9.100406
11
11.341507
21
9.100406
0
LINE
8
annotation
62
1
39
211
10
11.341507
20
9.100406
11
11.341269
21
9.103048
0
LINE
8
annotation
62
1
39
211
10
11.341269
20
9.103048
11
11.340582
21
9.105538
0
LINE
8
annotation
62
1
39
211
10
11.340582
20
9.105538
11
11.339490
21
9.107833
0
LINE
8
annotation
62
1
39
211
10
11.339490
20
9.107833
11
11.338032
21
9.109890
0
LINE
8
annotation
62
1
39
211
10
11.338032
20
9.109890
11
11.336253
21
9.111668
0
LINE
8
annotation
62
1
39
211
10
11.336253
20
9.111668
11
11.334193
21
9.113125
0
LINE
8
annotation
62
1
39
211
10
11.334193
20
9.113125
11
11.331894
21
9.114217
0
LINE
8
annotation
62
1
39
211
10
11.331894
20
9.114217
11
11.329399
21
9.114904
0
LINE
8
annotation
62
1
39
211
10
11.329399
20
9.114904
11
11.326749
21
9.115142
0
LINE
8
annotation
62
1
39
211
10
11.326749
20
9.115142
11
11.326749
21
9.115142
0
LINE
8
annotation
62
1
39
211
10
11.326749
20
9.115142
11
11.324100
21
9.114904
0
LINE
8
annotation
62
1
39
211
10
11.324100
20
9.114904
11
11.321605
21
9.114217
0
LINE
8
annotation
62
1
39
211
10
11.321605
20
9.114217
11
11.319306
21
9.113125
0
LINE
8
annotation
62
1
39
211
10
11.319306
20
9.113125
11
11.317246
21
9.111668
0
LINE
8
annotation
62
1
39
211
10
11.317246
20
9.111668
11
11.315466
21
9.109890
0
LINE
8
annotation
62
1
39
211
10
11.315466
20
9.109890
11
11.314009
21
9.107833
0
LINE
8
annotation
62
1
39
211
10
11.314009
20
9.107833
11
11.312917
21
9.105538
0
LINE
8
annotation
62
1
39
211
10
11.312917
20
9.105538
11
11.312230
21
9.103048
0
LINE
8
annotation
62
1
39
211
10
11.312230
20
9.103048
11
11.311992
21
9.100406
0
LINE
8
annotation
62
1
39
211
10
11.311992
20
9.100406
11
11.311992
21
9.100406
0
LINE
8
annotation
62
1
39
211
10
11.311992
20
9.100406
11
11.312230
21
9.097751
0
LINE
8
annotation
62
1
39
211
10
11.312230
20
9.097751
11
11.312917
21
9.095251
0
LINE
8
annotation
62
1
39
211
10
11.312917
20
9.095251
11
11.314010
21
9.092949
0
LINE
8
annotation
62
1
39
211
10
11.314010
20
9.092949
11
11.315468
21
9.090887
0
LINE
8
annotation
62
1
39
211
10
11.315468
20
9.090887
11
11.317248
21
9.089105
0
LINE
8
annotation
62
1
39
211
10
11.317248
20
9.089105
11
11.319308
21
9.087646
0
LINE
8
annotation
62
1
39
211
10
11.319308
20
9.087646
11
11.321606
21
9.086553
0
LINE
8
annotation
62
1
39
211
10
11.321606
20
9.086553
11
11.324101
21
9.085866
0
LINE
8
annotation
62
1
39
211
10
11.324101
20
9.085866
11
11.326749
21
9.085627
0
LINE
8
annotation
62
1
39
211
10
11.326749
20
9.085627
11
11.326749
21
9.085627
0
LINE
8
annotation
62
1
39
211
10
11.326749
20
9.085627
11
11.329398
21
9.085866
0
LINE
8
annotation
62
1
39
211
10
11.329398
20
9.085866
11
11.331893
21
9.086553
0
LINE
8
annotation
62
1
39
211
10
11.331893
20
9.086553
11
11.334191
21
9.087646
0
LINE
8
annotation
62
1
39
211
10
11.334191
20
9.087646
11
11.336251
21
9.089105
0
LINE
8
annotation
62
1
39
211
10
11.336251
20
9.089105
11
11.338031
21
9.090887
0
LINE
8
annotation
62
1
39
211
10
11.338031
20
9.090887
11
11.339489
21
9.092949
0
LINE
8
annotation
62
1
39
211
10
11.339489
20
9.092949
11
11.340582
21
9.095251
0
LINE
8
annotation
62
1
39
211
10
11.340582
20
9.095251
11
11.341269
21
9.097751
0
LINE
8
annotation
62
1
39
211
10
11.341269
20
9.097751
11
11.341507
21
9.100406
0
LINE
8
annotation
62
1
39
211
10
11.402771
20
9.081995
11
11.366434
21
9.081995
0
LINE
8
annotation
62
1
39
211
10
11.457206
20
9.048767
11
11.427691
21
9.048767
0
LINE
8
annotation
62
1
39
211
10
11.427691
20
9.048767
11
11.454964
21
9.092672
0
LINE
8
annotation
62
1
39
211
10
11.454964
20
9.092672
11
11.454964
21
9.092672
0
LINE
8
annotation
62
1
39
211
10
11.454964
20
9.092672
11
11.454997
21
9.092712
0
LINE
8
annotation
62
1
39
211
10
11.454997
20
9.092712
11
11.455028
21
9.092753
0
LINE
8
annotation
62
1
39
211
10
11.455028
20
9.092753
11
11.455058
21
9.092794
0
LINE
8
annotation
62
1
39
211
10
11.455058
20
9.092794
11
11.455087
21
9.092837
0
LINE
8
annotation
62
1
39
211
10
11.455087
20
9.092837
11
11.455116
21
9.092881
0
LINE
8
annotation
62
1
39
211
10
11.455116
20
9.092881
11
11.455144
21
9.092926
0
LINE
8
annotation
62
1
39
211
10
11.455144
20
9.092926
11
11.455171
21
9.092974
0
LINE
8
annotation
62
1
39
211
10
11.455171
20
9.092974
11
11.455199
21
9.093024
0
LINE
8
annotation
62
1
39
211
10
11.455199
20
9.093024
11
11.455227
21
9.093076
0
LINE
8
annotation
62
1
39
211
10
11.455227
20
9.093076
11
11.455227
21
9.093076
0
LINE
8
annotation
62
1
39
211
10
11.455227
20
9.093076
11
11.456353
21
9.095494
0
LINE
8
annotation
62
1
39
211
10
11.456353
20
9.095494
11
11.457010
21
9.098000
0
LINE
8
annotation
62
1
39
211
10
11.457010
20
9.098000
11
11.457216
21
9.100538
0
LINE
8
annotation
62
1
39
211
10
11.457216
20
9.100538
11
11.456986
21
9.103052
0
LINE
8
annotation
62
1
39
211
10
11.456986
20
9.103052
11
11.456336
21
9.105484
0
LINE
8
annotation
62
1
39
211
10
11.456336
20
9.105484
11
11.455282
21
9.107777
0
LINE
8
annotation
62
1
39
211
10
11.455282
20
9.107777
11
11.453840
21
9.109877
0
LINE
8
annotation
62
1
39
211
10
11.453840
20
9.109877
11
11.452027
21
9.111724
0
LINE
8
annotation
62
1
39
211
10
11.452027
20
9.111724
11
11.449859
21
9.113264
0
LINE
8
annotation
62
1
39
211
10
11.449859
20
9.113264
11
11.449859
21
9.113264
0
LINE
8
annotation
62
1
39
211
10
11.449859
20
9.113264
11
11.447434
21
9.114374
0
LINE
8
annotation
62
1
39
211
10
11.447434
20
9.114374
11
11.444924
21
9.115022
0
LINE
8
annotation
62
1
39
211
10
11.444924
20
9.115022
11
11.442385
21
9.115222
0
LINE
8
annotation
62
1
39
211
10
11.442385
20
9.115222
11
11.439872
21
9.114988
0
LINE
8
annotation
62
1
39
211
10
11.439872
20
9.114988
11
11.437441
21
9.114337
0
LINE
8
annotation
62
1
39
211
10
11.437441
20
9.114337
11
11.435150
21
9.113280
0
LINE
8
annotation
62
1
39
211
10
11.435150
20
9.113280
11
11.433054
21
9.111835
0
LINE
8
annotation
62
1
39
211
10
11.433054
20
9.111835
11
11.431209
21
9.110015
0
LINE
8
annotation
62
1
39
211
10
11.431209
20
9.110015
11
11.429671
21
9.107834
0
LINE
8
annotation
62
1
39
211
10
11.429671
20
9.107834
11
11.427733
21
9.104116
0
LINE
8
boundary
62
5
39
2
10
11.891029
20
8.639261
11
11.905487
21
8.663905
0
LINE
8
boundary
62
5
39
2
10
11.905487
20
8.663905
11
11.893245
21
8.689435
0
LINE
8
boundary
62
5
39
2
10
11.893245
20
8.689435
11
11.861890
21
8.761851
0
LINE
8
boundary
62
5
39
2
10
11.861890
20
8.761851
11
11.805698
21
8.720097
0
LINE
8
boundary
62
5
39
2
10
11.805698
20
8.720097
11
11.780274
21
8.663905
0
LINE
8
boundary
62
5
39
2
10
11.780274
20
8.663905
11
11.831771
21
8.631690
0
LINE
8
boundary
62
5
39
2
10
11.831771
20
8.631690
11
11.861890
21
8.606117
0
LINE
8
boundary
62
5
39
2
10
11.861890
20
8.606117
11
11.891029
21
8.639261
0
LINE
8
annotation
62
1
39
211
10
11.824071
20
8.665469
11
11.814110
21
8.665469
0
LINE
8
annotation
62
1
39
211
10
11.814110
20
8.665469
11
11.823314
21
8.680287
0
LINE
8
annotation
62
1
39
211
10
11.823314
20
8.680287
11
11.823314
21
8.680287
0
LINE
8
annotation
62
1
39
211
10
11.823314
20
8.680287
11
11.823325
21
8.680300
0
LINE
8
annotation
62
1
39
211
10
11.823325
20
8.680300
11
11.823336
21
8.680314
0
LINE
8
annotation
62
1
39
211
10
11.823336
20
8.680314
11
11.823346
21
8.680328
0
LINE
8
annotation
62
1
39
211
10
11.823346
20
8.680328
11
11.823356
21
8.680342
0
LINE
8
annotation
62
1
39
211
10
11.823356
20
8.680342
11
11.823366
21
8.680357
0
LINE
8
annotation
62
1
39
211
10
11.823366
20
8.680357
11
11.823375
21
8.680372
0
LINE
8
annotation
62
1
39
211
10
11.823375
20
8.680372
11
11.823384
21
8.680389
0
LINE
8
annotation
62
1
39
211
10
11.823384
20
8.680389
11
11.823394
21
8.680405
0
LINE
8
annotation
62
1
39
211
10
11.823394
20
8.680405
11
11.823403
21
8.680423
0
LINE
8
annotation
62
1
39
211
10
11.823403
20
8.680423
11
11.823403
21
8.680423
0
LINE
8
annotation
62
1
39
211
10
11.823403
20
8.680423
11
11.823783
21
8.681239
0
LINE
8
annotation
62
1
39
211
10
11.823783
20
8.681239
11
11.824005
21
8.682085
0
LINE
8
annotation
62
1
39
211
10
11.824005
20
8.682085
11
11.824074
21
8.682941
0
LINE
8
annotation
62
1
39
211
10
11.824074
20
8.682941
11
11.823997
21
8.683790
0
LINE
8
annotation
62
1
39
211
10
11.823997
20
8.683790
11
11.823777
21
8.684610
0
LINE
8
annotation
62
1
39
211
10
11.823777
20
8.684610
11
11.823422
21
8.685385
0
LINE
8
annotation
62
1
39
211
10
11.823422
20
8.685385
11
11.822935
21
8.686093
0
LINE
8
annotation
62
1
39
211
10
11.822935
20
8.686093
11
11.822323
21
8.686717
0
LINE
8
annotation
62
1
39
211
10
11.822323
20
8.686717
11
11.821591
21
8.687236
0
LINE
8
annotation
62
1
39
211
10
11.821591
20
8.687236
11
11.821591
21
8.687236
0
LINE
8
annotation
62
1
39
211
10
11.821591
20
8.687236
11
11.820773
21
8.687611
0
LINE
8
annotation
62
1
39
211
10
11.820773
20
8.687611
11
11.819926
21
8.687829
0
LINE
8
annotation
62
1
39
211
10
11.819926
20
8.687829
11
11.819069
21
8.687897
0
LINE
8
annotation
62
1
39
211
10
11.819069
20
8.687897
11
11.818221
21
8.687818
0
LINE
8
annotation
62
1
39
211
10
11.818221
20
8.687818
11
11.817401
21
8.687598
0
LINE
8
annotation
62
1
39
211
10
11.817401
20
8.687598
11
11.816627
21
8.687242
0
LINE
8
annotation
62
1
39
211
10
11.816627
20
8.687242
11
11.815920
21
8.686754
0
LINE
8
annotation
62
1
39
211
10
11.815920
20
8.686754
11
11.815297
21
8.686140
0
LINE
8
annotation
62
1
39
211
10
11.815297
20
8.686140
11
11.814778
21
8.685404
0
LINE
8
annotation
62
1
39
211
10
11.814778
20
8.685404
11
11.814124
21
8.684149
0
LINE
8
annotation
62
1
39
211
10
11.839964
20
8.687897
11
11.839964
21
8.687897
0
LINE
8
annotation
62
1
39
211
10
11.839964
20
8.687897
11
11.838538
21
8.687362
0
LINE
8
annotation
62
1
39
211
10
11.838538
20
8.687362
11
11.837228
21
8.686642
0
LINE
8
annotation
62
1
39
211
10
11.837228
20
8.686642
11
11.836050
21
8.685753
0
LINE
8
annotation
62
1
39
211
10
11.836050
20
8.685753
11
11.835016
21
8.684715
0
LINE
8
annotation
62
1
39
211
10
11.835016
20
8.684715
11
11.834140
21
8.683545
0
LINE
8
annotation
62
1
39
211
10
11.834140
20
8.683545
11
11.833435
21
8.682261
0
LINE
8
annotation
62
1
39
211
10
11.833435
20
8.682261
11
11.832915
21
8.680882
0
LINE
8
annotation
62
1
39
211
10
11.832915
20
8.680882
11
11.832593
21
8.679426
0
LINE
8
annotation
62
1
39
211
10
11.832593
20
8.679426
11
11.832483
21
8.677910
0
LINE
8
annotation
62
1
39
211
10
11.832483
20
8.677910
11
11.832483
21
8.670456
0
LINE
8
annotation
62
1
39
211
10
11.832483
20
8.670456
11
11.832483
21
8.670456
0
LINE
8
annotation
62
1
39
211
10
11.832483
20
8.670456
11
11.832564
21
8.669560
0
LINE
8
annotation
62
1
39
211
10
11.832564
20
8.669560
11
11.832795
21
8.668716
0
LINE
8
annotation
62
1
39
211
10
11.832795
20
8.668716
11
11.833164
21
8.667939
0
LINE
8
annotation
62
1
39
211
10
11.833164
20
8.667939
11
11.833656
21
8.667244
0
LINE
8
annotation
62
1
39
211
10
11.833656
20
8.667244
11
11.834257
21
8.666643
0
LINE
8
annotation
62
1
39
211
10
11.834257
20
8.666643
11
11.834952
21
8.666150
0
LINE
8
annotation
62
1
39
211
10
11.834952
20
8.666150
11
11.835728
21
8.665782
0
LINE
8
annotation
62
1
39
211
10
11.835728
20
8.665782
11
11.836570
21
8.665550
0
LINE
8
annotation
62
1
39
211
10
11.836570
20
8.665550
11
11.837464
21
8.665469
0
LINE
8
annotation
62
1
39
211
10
11.837464
20
8.665469
11
11.837464
21
8.665469
0
LINE
8
annotation
62
1
39
211
10
11.837464
20
8.665469
11
11.838359
21
8.665550
0
LINE
8
annotation
62
1
39
211
10
11.838359
20
8.665550
11
11.839202
21
8.665782
0
LINE
8
annotation
62
1
39
211
10
11.839202
20
8.665782
11
11.839978
21
8.666150
0
LINE
8
annotation
62
1
39
211
10
11.839978
20
8.666150
11
11.840673
21
8.666643
0
LINE
8
annotation
62
1
39
211
10
11.840673
20
8.666643
11
11.841273
21
8.667244
0
LINE
8
annotation
62
1
39
211
10
11.841273
20
8.667244
11
11.841764
21
8.667939
0
LINE
8
annotation
62
1
39
211
10
11.841764
20
8.667939
11
11.842133
21
8.668716
0
LINE
8
annotation
62
1
39
211
10
11.842133
20
8.668716
11
11.842364
21
8.669560
0
LINE
8
annotation
62
1
39
211
10
11.842364
20
8.669560
11
11.842444
21
8.670456
0
LINE
8
annotation
62
1
39
211
10
11.842444
20
8.670456
11
11.842444
21
8.672937
0
LINE
8
annotation
62
1
39
211
10
11.842444
20
8.672937
11
11.842444
21
8.672937
0
LINE
8
annotation
62
1
39
211
10
11.842444
20
8.672937
11
11.842364
21
8.673832
0
LINE
8
annotation
62
1
39
211
10
11.842364
20
8.673832
11
11.842133
21
8.674674
0
LINE
8
annotation
62
1
39
211
10
11.842133
20
8.674674
11
11.841764
21
8.675449
0
LINE
8
annotation
62
1
39
211
10
11.841764
20
8.675449
11
11.841273
21
8.676143
0
LINE
8
annotation
62
1
39
211
10
11.841273
20
8.676143
11
11.840673
21
8.676742
0
LINE
8
annotation
62
1
39
211
10
11.840673
20
8.676742
11
11.839978
21
8.677232
0
LINE
8
annotation
62
1
39
211
10
11.839978
20
8.677232
11
11.839202
21
8.677599
0
LINE
8
annotation
62
1
39
211
10
11.839202
20
8.677599
11
11.838359
21
8.677830
0
LINE
8
annotation
62
1
39
211
10
11.838359
20
8.677830
11
11.837464
21
8.677910
0
LINE
8
annotation
62
1
39
211
10
11.837464
20
8.677910
11
11.832483
21
8.677910
0
LINE
8
annotation
62
1
39
211
10
11.831859
20
8.662666
11
11.843073
21
8.662666
0
LINE
8
annotation
62
1
39
211
10
11.863120
20
8.676683
11
11.850857
21
8.676683
0
LINE
8
annotation
62
1
39
211
10
11.876515
20
8.665469
11
11.876515
21
8.687897
0
LINE
8
annotation
62
1
39
211
10
11.876515
20
8.687897
11
11.871529
21
8.682910
0
LINE
8
hole
62
5
39
2
10
9.847017
20
10.550067
11
9.687017
21
10.550067
0
LINE
8
hole
62
5
39
2
10
9.687017
20
10.550067
11
9.687017
21
10.710067
0
LINE
8
hole
62
5
39
2
10
9.687017
20
10.710067
11
9.847017
21
10.710067
0
LINE
8
hole
62
5
39
2
10
9.847017
20
10.710067
11
9.847017
21
10.550067
0
LINE
8
boundary
62
5
39
2
10
10.728262
20
10.638701
11
10.743347
21
10.652495
0
LINE
8
boundary
62
5
39
2
10
10.743347
20
10.652495
11
10.776079
21
10.678230
0
LINE
8
boundary
62
5
39
2
10
10.776079
20
10.678230
11
10.766685
21
10.716290
0
LINE
8
boundary
62
5
39
2
10
10.766685
20
10.716290
11
10.773174
21
10.738537
0
LINE
8
boundary
62
5
39
2
10
10.773174
20
10.738537
11
10.754848
21
10.792010
0
LINE
8
boundary
62
5
39
2
10
10.754848
20
10.792010
11
10.744020
21
10.838565
0
LINE
8
boundary
62
5
39
2
10
10.744020
20
10.838565
11
10.736029
21
10.905790
0
LINE
8
boundary
62
5
39
2
10
10.736029
20
10.905790
11
10.739714
21
10.959093
0
LINE
8
boundary
62
5
39
2
10
10.739714
20
10.959093
11
10.747183
21
11.019571
0
LINE
8
boundary
62
5
39
2
10
10.747183
20
11.019571
11
10.734267
21
11.074601
0
LINE
8
boundary
62
5
39
2
10
10.734267
20
11.074601
11
10.705492
21
11.107095
0
LINE
8
boundary
62
5
39
2
10
10.705492
20
11.107095
11
10.685591
21
11.133351
0
LINE
8
boundary
62
5
39
2
10
10.685591
20
11.133351
11
10.646179
21
11.133351
0
LINE
8
boundary
62
5
39
2
10
10.646179
20
11.133351
11
10.574793
21
11.124015
0
LINE
8
boundary
62
5
39
2
10
10.574793
20
11.124015
11
10.489925
21
11.095102
0
LINE
8
boundary
62
5
39
2
10
10.489925
20
11.095102
11
10.451677
21
11.099416
0
LINE
8
boundary
62
5
39
2
10
10.451677
20
11.099416
11
10.429214
21
11.108310
0
LINE
8
boundary
62
5
39
2
10
10.429214
20
11.108310
11
10.350365
21
11.119773
0
LINE
8
boundary
62
5
39
2
10
10.350365
20
11.119773
11
10.325841
21
11.126627
0
LINE
8
boundary
62
5
39
2
10
10.325841
20
11.126627
11
10.229619
21
11.133351
0
LINE
8
boundary
62
5
39
2
10
10.229619
20
11.133351
11
10.153629
21
11.175497
0
LINE
8
boundary
62
5
39
2
10
10.153629
20
11.175497
11
10.110336
21
11.230078
0
LINE
8
boundary
62
5
39
2
10
10.110336
20
11.230078
11
10.101889
21
11.257586
0
LINE
8
boundary
62
5
39
2
10
10.101889
20
11.257586
11
10.110336
21
11.308522
0
LINE
8
boundary
62
5
39
2
10
10.110336
20
11.308522
11
10.117354
21
11.350565
0
LINE
8
boundary
62
5
39
2
10
10.117354
20
11.350565
11
10.121314
21
11.373957
0
LINE
8
boundary
62
5
39
2
10
10.121314
20
11.373957
11
10.134343
21
11.446158
0
LINE
8
boundary
62
5
39
2
10
10.134343
20
11.446158
11
10.139489
21
11.474691
0
LINE
8
boundary
62
5
39
2
10
10.139489
20
11.474691
11
10.144495
21
11.502414
0
LINE
8
boundary
62
5
39
2
10
10.144495
20
11.502414
11
10.153129
21
11.550215
0
LINE
8
boundary
62
5
39
2
10
10.153129
20
11.550215
11
10.160033
21
11.588471
0
LINE
8
boundary
62
5
39
2
10
10.160033
20
11.588471
11
10.156856
21
11.634991
0
LINE
8
boundary
62
5
39
2
10
10.156856
20
11.634991
11
10.155689
21
11.656898
0
LINE
8
boundary
62
5
39
2
10
10.155689
20
11.656898
11
10.152678
21
11.702251
0
LINE
8
boundary
62
5
39
2
10
10.152678
20
11.702251
11
10.110336
21
11.725279
0
LINE
8
boundary
62
5
39
2
10
10.110336
20
11.725279
11
10.064391
21
11.741672
0
LINE
8
boundary
62
5
39
2
10
10.064391
20
11.741672
11
9.996556
21
11.758918
0
LINE
8
boundary
62
5
39
2
10
9.996556
20
11.758918
11
9.944308
21
11.753172
0
LINE
8
boundary
62
5
39
2
10
9.944308
20
11.753172
11
9.882776
21
11.743950
0
LINE
8
boundary
62
5
39
2
10
9.882776
20
11.743950
11
9.834272
21
11.729544
0
LINE
8
boundary
62
5
39
2
10
9.834272
20
11.729544
11
9.775547
21
11.702251
0
LINE
8
boundary
62
5
39
2
10
9.775547
20
11.702251
11
9.736304
21
11.616257
0
LINE
8
boundary
62
5
39
2
10
9.736304
20
11.616257
11
9.723230
21
11.588471
0
LINE
8
boundary
62
5
39
2
10
9.723230
20
11.588471
11
9.713252
21
11.532727
0
LINE
8
boundary
62
5
39
2
10
9.713252
20
11.532727
11
9.702856
21
11.474691
0
LINE
8
boundary
62
5
39
2
10
9.702856
20
11.474691
11
9.697171
21
11.443153
0
LINE
8
boundary
62
5
39
2
10
9.697171
20
11.443153
11
9.688237
21
11.394108
0
LINE
8
boundary
62
5
39
2
10
9.688237
20
11.394108
11
9.682250
21
11.360911
0
LINE
8
boundary
62
5
39
2
10
9.682250
20
11.360911
11
9.674926
21
11.333623
0
LINE
8
boundary
62
5
39
2
10
9.674926
20
11.333623
11
9.655216
21
11.267698
0
LINE
8
boundary
62
5
39
2
10
9.655216
20
11.267698
11
9.647848
21
11.247131
0
LINE
8
boundary
62
5
39
2
10
9.647848
20
11.247131
11
9.613898
21
11.229869
0
LINE
8
boundary
62
5
39
2
10
9.613898
20
11.229869
11
9.591530
21
11.217328
0
LINE
8
boundary
62
5
39
2
10
9.591530
20
11.217328
11
9.541436
21
11.205428
0
LINE
8
boundary
62
5
39
2
10
9.541436
20
11.205428
11
9.489187
21
11.200395
0
LINE
8
boundary
62
5
39
2
10
9.489187
20
11.200395
11
9.427656
21
11.195170
0
LINE
8
boundary
62
5
39
2
10
9.427656
20
11.195170
11
9.367721
21
11.183275
0
LINE
8
boundary
62
5
39
2
10
9.367721
20
11.183275
11
9.313876
21
11.177372
0
LINE
8
boundary
62
5
39
2
10
9.313876
20
11.177372
11
9.273850
21
11.165732
0
LINE
8
boundary
62
5
39
2
10
9.273850
20
11.165732
11
9.203905
21
11.136432
0
LINE
8
boundary
62
5
39
2
10
9.203905
20
11.136432
11
9.133603
21
11.086184
0
LINE
8
boundary
62
5
39
2
10
9.133603
20
11.086184
11
9.086316
21
11.026119
0
LINE
8
boundary
62
5
39
2
10
9.086316
20
11.026119
11
9.065110
21
10.932998
0
LINE
8
boundary
62
5
39
2
10
9.065110
20
10.932998
11
9.061671
21
10.905790
0
LINE
8
boundary
62
5
39
2
10
9.061671
20
10.905790
11
9.047202
21
10.843787
0
LINE
8
boundary
62
5
39
2
10
9.047202
20
10.843787
11
9.039714
21
10.792010
0
LINE
8
boundary
62
5
39
2
10
9.039714
20
10.792010
11
9.050528
21
10.739762
0
LINE
8
boundary
62
5
39
2
10
9.050528
20
10.739762
11
9.060973
21
10.678230
0
LINE
8
boundary
62
5
39
2
10
9.060973
20
10.678230
11
9.073439
21
10.638299
0
LINE
8
boundary
62
5
39
2
10
9.073439
20
10.638299
11
9.086316
21
10.607319
0
LINE
8
boundary
62
5
39
2
10
9.086316
20
10.607319
11
9.105513
21
10.585884
0
LINE
8
boundary
62
5
39
2
10
9.105513
20
10.585884
11
9.124711
21
10.564450
0
LINE
8
boundary
62
5
39
2
10
9.124711
20
10.564450
11
9.157241
21
10.528897
0
LINE
8
boundary
62
5
39
2
10
9.157241
20
10.528897
11
9.200096
21
10.481122
0
LINE
8
boundary
62
5
39
2
10
9.200096
20
10.481122
11
9.214079
21
10.465896
0
LINE
8
boundary
62
5
39
2
10
9.214079
20
10.465896
11
9.228062
21
10.450670
0
LINE
8
boundary
62
5
39
2
10
9.228062
20
10.450670
11
9.262527
21
10.430025
0
LINE
8
boundary
62
5
39
2
10
9.262527
20
10.430025
11
9.313876
21
10.399912
0
LINE
8
boundary
62
5
39
2
10
9.313876
20
10.399912
11
9.373217
21
10.363416
0
LINE
8
boundary
62
5
39
2
10
9.373217
20
10.363416
11
9.416757
21
10.336890
0
LINE
8
boundary
62
5
39
2
10
9.416757
20
10.336890
11
9.421309
21
10.314560
0
LINE
8
boundary
62
5
39
2
10
9.421309
20
10.314560
11
9.427656
21
10.293658
0
LINE
8
boundary
62
5
39
2
10
9.427656
20
10.293658
11
9.454573
21
10.248953
0
LINE
8
boundary
62
5
39
2
10
9.454573
20
10.248953
11
9.475098
21
10.223110
0
LINE
8
boundary
62
5
39
2
10
9.475098
20
10.223110
11
9.475319
21
10.187958
0
LINE
8
boundary
62
5
39
2
10
9.475319
20
10.187958
11
9.479557
21
10.161357
0
LINE
8
boundary
62
5
39
2
10
9.479557
20
10.161357
11
9.477095
21
10.109330
0
LINE
8
boundary
62
5
39
2
10
9.477095
20
10.109330
11
9.480664
21
10.067768
0
LINE
8
boundary
62
5
39
2
10
9.480664
20
10.067768
11
9.478028
21
10.043653
0
LINE
8
boundary
62
5
39
2
10
9.478028
20
10.043653
11
9.482158
21
9.995550
0
LINE
8
boundary
62
5
39
2
10
9.482158
20
9.995550
11
9.486060
21
9.943301
0
LINE
8
boundary
62
5
39
2
10
9.486060
20
9.943301
11
9.488857
21
9.881770
0
LINE
8
boundary
62
5
39
2
10
9.488857
20
9.881770
11
9.498482
21
9.829521
0
LINE
8
boundary
62
5
39
2
10
9.498482
20
9.829521
11
9.508120
21
9.767990
0
LINE
8
boundary
62
5
39
2
10
9.508120
20
9.767990
11
9.523138
21
9.748407
0
LINE
8
boundary
62
5
39
2
10
9.523138
20
9.748407
11
9.541436
21
9.724038
0
LINE
8
boundary
62
5
39
2
10
9.541436
20
9.724038
11
9.602266
21
9.695704
0
LINE
8
boundary
62
5
39
2
10
9.602266
20
9.695704
11
9.655216
21
9.672616
0
LINE
8
boundary
62
5
39
2
10
9.655216
20
9.672616
11
9.704932
21
9.698335
0
LINE
8
boundary
62
5
39
2
10
9.704932
20
9.698335
11
9.768996
21
9.729187
0
LINE
8
boundary
62
5
39
2
10
9.768996
20
9.729187
11
9.801540
21
9.753165
0
LINE
8
boundary
62
5
39
2
10
9.801540
20
9.753165
11
9.820672
21
9.767990
0
LINE
8
boundary
62
5
39
2
10
9.820672
20
9.767990
11
9.833566
21
9.817200
0
LINE
8
boundary
62
5
39
2
10
9.833566
20
9.817200
11
9.840146
21
9.839140
0
LINE
8
boundary
62
5
39
2
10
9.840146
20
9.839140
11
9.852008
21
9.881770
0
LINE
8
boundary
62
5
39
2
10
9.852008
20
9.881770
11
9.855963
21
9.903633
0
LINE
8
boundary
62
5
39
2
10
9.855963
20
9.903633
11
9.870762
21
9.984512
0
LINE
8
boundary
62
5
39
2
10
9.870762
20
9.984512
11
9.874618
21
10.005837
0
LINE
8
boundary
62
5
39
2
10
9.874618
20
10.005837
11
9.882776
21
10.051045
0
LINE
8
boundary
62
5
39
2
10
9.882776
20
10.051045
11
9.891083
21
10.097071
0
LINE
8
boundary
62
5
39
2
10
9.891083
20
10.097071
11
9.898698
21
10.127736
0
LINE
8
boundary
62
5
39
2
10
9.898698
20
10.127736
11
9.917966
21
10.182430
0
LINE
8
boundary
62
5
39
2
10
9.917966
20
10.182430
11
9.928541
21
10.223110
0
LINE
8
boundary
62
5
39
2
10
9.928541
20
10.223110
11
9.957621
21
10.234640
0
LINE
8
boundary
62
5
39
2
10
9.957621
20
10.234640
11
9.996556
21
10.246841
0
LINE
8
boundary
62
5
39
2
10
9.996556
20
10.246841
11
10.048805
21
10.263885
0
LINE
8
boundary
62
5
39
2
10
10.048805
20
10.263885
11
10.110336
21
10.284662
0
LINE
8
boundary
62
5
39
2
10
10.110336
20
10.284662
11
10.163271
21
10.304567
0
LINE
8
boundary
62
5
39
2
10
10.163271
20
10.304567
11
10.224116
21
10.326411
0
LINE
8
boundary
62
5
39
2
10
10.224116
20
10.326411
11
10.252639
21
10.336890
0
LINE
8
boundary
62
5
39
2
10
10.252639
20
10.336890
11
10.290651
21
10.361317
0
LINE
8
boundary
62
5
39
2
10
10.290651
20
10.361317
11
10.337897
21
10.393405
0
LINE
8
boundary
62
5
39
2
10
10.337897
20
10.393405
11
10.383317
21
10.425748
0
LINE
8
boundary
62
5
39
2
10
10.383317
20
10.425748
11
10.418471
21
10.450670
0
LINE
8
boundary
62
5
39
2
10
10.418471
20
10.450670
11
10.435074
21
10.464056
0
LINE
8
boundary
62
5
39
2
10
10.435074
20
10.464056
11
10.451677
21
10.477441
0
LINE
8
boundary
62
5
39
2
10
10.451677
20
10.477441
11
10.499304
21
10.505220
0
LINE
8
boundary
62
5
39
2
10
10.499304
20
10.505220
11
10.515869
21
10.519567
0
LINE
8
boundary
62
5
39
2
10
10.515869
20
10.519567
11
10.565457
21
10.551704
0
LINE
8
boundary
62
5
39
2
10
10.565457
20
10.551704
11
10.583583
21
10.564450
0
LINE
8
boundary
62
5
39
2
10
10.583583
20
10.564450
11
10.615855
21
10.576647
0
LINE
8
boundary
62
5
39
2
10
10.615855
20
10.576647
11
10.679237
21
10.601595
0
LINE
8
boundary
62
5
39
2
10
10.679237
20
10.601595
11
10.728262
21
10.638701
0
LINE
8
annotation
62
1
39
211
10
10.596074
20
10.812522
11
10.590767
21
10.812671
0
LINE
8
annotation
62
1
39
211
10
10.590767
20
10.812671
11
10.565457
21
10.816965
0
LINE
8
annotation
62
1
39
211
10
10.565457
20
10.816965
11
10.544171
21
10.825559
0
LINE
8
annotation
62
1
39
211
10
10.544171
20
10.825559
11
10.479048
21
10.835051
0
LINE
8
annotation
62
1
39
211
10
10.479048
20
10.835051
11
10.451675
21
10.848931
0
LINE
8
annotation
62
1
39
211
10
10.451675
20
10.848931
11
10.400460
21
10.879992
0
LINE
8
annotation
62
1
39
211
10
10.400460
20
10.879992
11
10.361917
21
10.905789
0
LINE
8
annotation
62
1
39
211
10
10.361917
20
10.905789
11
10.347869
21
10.916554
0
LINE
8
annotation
62
1
39
211
10
10.347869
20
10.916554
11
10.337898
21
10.922598
0
LINE
8
annotation
62
1
39
211
10
10.337898
20
10.922598
11
10.294943
21
10.957373
0
LINE
8
annotation
62
1
39
211
10
10.294943
20
10.957373
11
10.289512
21
10.961822
0
LINE
8
annotation
62
1
39
211
10
10.289512
20
10.961822
11
10.283025
21
10.967192
0
LINE
8
annotation
62
1
39
211
10
10.283025
20
10.967192
11
10.265792
21
10.980457
0
LINE
8
annotation
62
1
39
211
10
10.020614
20
11.101818
11
9.996555
21
11.109718
0
LINE
8
annotation
62
1
39
211
10
9.996555
20
11.109718
11
9.962238
21
11.121533
0
LINE
8
annotation
62
1
39
211
10
9.962238
20
11.121533
11
9.927917
21
11.133351
0
LINE
8
annotation
62
1
39
211
10
9.927917
20
11.133351
11
9.914674
21
11.162601
0
LINE
8
annotation
62
1
39
211
10
9.914674
20
11.162601
11
9.911718
21
11.166539
0
LINE
8
annotation
62
1
39
211
10
9.911718
20
11.166539
11
9.882774
21
11.236219
0
LINE
8
annotation
62
1
39
211
10
9.882774
20
11.236219
11
9.880591
21
11.241673
0
LINE
8
annotation
62
1
39
211
10
9.880591
20
11.241673
11
9.878406
21
11.247132
0
LINE
8
annotation
62
1
39
211
10
9.878406
20
11.247132
11
9.880097
21
11.256796
0
LINE
8
annotation
62
1
39
211
10
9.880097
20
11.256796
11
9.882777
21
11.272073
0
LINE
8
annotation
62
1
39
211
10
9.882777
20
11.272073
11
9.896049
21
11.347640
0
LINE
8
annotation
62
1
39
211
10
9.896049
20
11.347640
11
9.898388
21
11.360911
0
LINE
8
annotation
62
1
39
211
10
9.898388
20
11.360911
11
9.901822
21
11.379959
0
LINE
8
annotation
62
1
39
211
10
9.901822
20
11.379959
11
9.913386
21
11.444080
0
LINE
8
annotation
62
1
39
211
10
9.913386
20
11.444080
11
9.918910
21
11.474690
0
LINE
8
annotation
62
1
39
211
10
9.918910
20
11.474690
11
9.926350
21
11.515893
0
LINE
8
annotation
62
1
39
211
10
9.926350
20
11.515893
11
9.926504
21
11.516727
0
LINE
8
annotation
62
1
39
211
10
9.926504
20
11.516727
11
9.928740
21
11.529115
0
LINE
8
annotation
62
1
39
211
10
9.928740
20
11.529115
11
9.939456
21
11.588469
0
LINE
8
annotation
62
1
39
211
10
9.939456
20
11.588469
11
9.936648
21
11.598970
0
LINE
8
annotation
62
1
39
211
10
9.633092
20
9.988633
11
9.637838
21
9.995549
0
LINE
8
annotation
62
1
39
211
10
9.637838
20
9.995549
11
9.646001
21
10.016083
0
LINE
8
annotation
62
1
39
211
10
9.646001
20
10.016083
11
9.655216
21
10.044652
0
LINE
8
annotation
62
1
39
211
10
9.655216
20
10.044652
11
9.667540
21
10.097004
0
LINE
8
annotation
62
1
39
211
10
9.667540
20
10.097004
11
9.670098
21
10.109330
0
LINE
8
annotation
62
1
39
211
10
9.670098
20
10.109330
11
9.680235
21
10.146681
0
LINE
8
annotation
62
1
39
211
10
9.680235
20
10.146681
11
9.689749
21
10.188222
0
LINE
8
annotation
62
1
39
211
10
9.689749
20
10.188222
11
9.689845
21
10.188477
0
LINE
8
annotation
62
1
39
211
10
9.689845
20
10.188477
11
9.702799
21
10.223109
0
LINE
8
annotation
62
1
39
211
10
9.702799
20
10.223109
11
9.735897
21
10.234051
0
LINE
8
annotation
62
1
39
211
10
9.735897
20
10.234051
11
9.768997
21
10.244991
0
LINE
8
annotation
62
1
39
211
10
9.768997
20
10.244991
11
9.780131
21
10.248406
0
LINE
8
annotation
62
1
39
211
10
10.060915
20
10.766104
11
10.060915
21
10.991447
0
LINE
8
annotation
62
1
39
211
10
10.060915
20
10.991447
11
10.010818
21
10.941336
0
LINE
8
annotation
62
1
39
211
10
10.181608
20
10.769076
11
10.181608
21
10.769076
0
LINE
8
annotation
62
1
39
211
10
10.181608
20
10.769076
11
10.186845
21
10.767118
0
LINE
8
annotation
62
1
39
211
10
10.186845
20
10.767118
11
10.192216
21
10.766146
0
LINE
8
annotation
62
1
39
211
10
10.192216
20
10.766146
11
10.197600
21
10.766118
0
LINE
8
annotation
62
1
39
211
10
10.197600
20
10.766118
11
10.202875
21
10.766997
0
LINE
8
annotation
62
1
39
211
10
10.202875
20
10.766997
11
10.207920
21
10.768742
0
LINE
8
annotation
62
1
39
211
10
10.207920
20
10.768742
11
10.212612
21
10.771313
0
LINE
8
annotation
62
1
39
211
10
10.212612
20
10.771313
11
10.216832
21
10.774671
0
LINE
8
annotation
62
1
39
211
10
10.216832
20
10.774671
11
10.220457
21
10.778777
0
LINE
8
annotation
62
1
39
211
10
10.220457
20
10.778777
11
10.223367
21
10.783589
0
LINE
8
annotation
62
1
39
211
10
10.223367
20
10.783589
11
10.223367
21
10.783589
0
LINE
8
annotation
62
1
39
211
10
10.223367
20
10.783589
11
10.232047
21
10.803907
0
LINE
8
annotation
62
1
39
211
10
10.232047
20
10.803907
11
10.238557
21
10.824813
0
LINE
8
annotation
62
1
39
211
10
10.238557
20
10.824813
11
10.242897
21
10.846140
0
LINE
8
annotation
62
1
39
211
10
10.242897
20
10.846140
11
10.245067
21
10.867721
0
LINE
8
annotation
62
1
39
211
10
10.245067
20
10.867721
11
10.245067
21
10.889391
0
LINE
8
annotation
62
1
39
211
10
10.245067
20
10.889391
11
10.242897
21
10.910982
0
LINE
8
annotation
62
1
39
211
10
10.242897
20
10.910982
11
10.238557
21
10.932328
0
LINE
8
annotation
62
1
39
211
10
10.238557
20
10.932328
11
10.232047
21
10.953262
0
LINE
8
annotation
62
1
39
211
10
10.232047
20
10.953262
11
10.223367
21
10.973618
0
LINE
8
annotation
62
1
39
211
10
10.223367
20
10.973618
11
10.223367
21
10.973618
0
LINE
8
annotation
62
1
39
211
10
10.223367
20
10.973618
11
10.222263
21
10.975672
0
LINE
8
annotation
62
1
39
211
10
10.222263
20
10.975672
11
10.221011
21
10.977636
0
LINE
8
annotation
62
1
39
211
10
10.221011
20
10.977636
11
10.219622
21
10.979500
0
LINE
8
annotation
62
1
39
211
10
10.219622
20
10.979500
11
10.218103
21
10.981254
0
LINE
8
annotation
62
1
39
211
10
10.218103
20
10.981254
11
10.216466
21
10.982890
0
LINE
8
annotation
62
1
39
211
10
10.216466
20
10.982890
11
10.214718
21
10.984396
0
LINE
8
annotation
62
1
39
211
10
10.214718
20
10.984396
11
10.212870
21
10.985764
0
LINE
8
annotation
62
1
39
211
10
10.212870
20
10.985764
11
10.210931
21
10.986984
0
LINE
8
annotation
62
1
39
211
10
10.210931
20
10.986984
11
10.208910
21
10.988046
0
LINE
8
annotation
62
1
39
211
10
10.208910
20
10.988046
11
10.208910
21
10.988046
0
LINE
8
annotation
62
1
39
211
10
10.208910
20
10.988046
11
10.203631
21
10.990046
0
LINE
8
annotation
62
1
39
211
10
10.203631
20
10.990046
11
10.198228
21
10.991052
0
LINE
8
annotation
62
1
39
211
10
10.198228
20
10.991052
11
10.192822
21
10.991104
0
LINE
8
annotation
62
1
39
211
10
10.192822
20
10.991104
11
10.187532
21
10.990241
0
LINE
8
annotation
62
1
39
211
10
10.187532
20
10.990241
11
10.182477
21
10.988503
0
LINE
8
annotation
62
1
39
211
10
10.182477
20
10.988503
11
10.177780
21
10.985930
0
LINE
8
annotation
62
1
39
211
10
10.177780
20
10.985930
11
10.173558
21
10.982563
0
LINE
8
annotation
62
1
39
211
10
10.173558
20
10.982563
11
10.169933
21
10.978441
0
LINE
8
annotation
62
1
39
211
10
10.169933
20
10.978441
11
10.167024
21
10.973603
0
LINE
8
annotation
62
1
39
211
10
10.167024
20
10.973603
11
10.167024
21
10.973603
0
LINE
8
annotation
62
1
39
211
10
10.167024
20
10.973603
11
10.158386
21
10.953290
0
LINE
8
annotation
62
1
39
211
10
10.158386
20
10.953290
11
10.151907
21
10.932387
0
LINE
8
annotation
62
1
39
211
10
10.151907
20
10.932387
11
10.147588
21
10.911062
0
LINE
8
annotation
62
1
39
211
10
10.147588
20
10.911062
11
10.145429
21
10.889482
0
LINE
8
annotation
62
1
39
211
10
10.145429
20
10.889482
11
10.145429
21
10.867812
0
LINE
8
annotation
62
1
39
211
10
10.145429
20
10.867812
11
10.147588
21
10.846220
0
LINE
8
annotation
62
1
39
211
10
10.147588
20
10.846220
11
10.151907
21
10.824872
0
LINE
8
annotation
62
1
39
211
10
10.151907
20
10.824872
11
10.158386
21
10.803935
0
LINE
8
annotation
62
1
39
211
10
10.158386
20
10.803935
11
10.167024
21
10.783575
0
LINE
8
annotation
62
1
39
211
10
10.167024
20
10.783575
11
10.167024
21
10.783575
0
LINE
8
annotation
62
1
39
211
10
10.167024
20
10.783575
11
10.168124
21
10.781525
0
LINE
8
annotation
62
1
39
211
10
10.168124
20
10.781525
11
10.169366
21
10.779571
0
LINE
8
annotation
62
1
39
211
10
10.169366
20
10.779571
11
10.170745
21
10.777718
0
LINE
8
annotation
62
1
39
211
10
10.170745
20
10.777718
11
10.172256
21
10.775974
0
LINE
8
annotation
62
1
39
211
10
10.172256
20
10.775974
11
10.173894
21
10.774343
0
LINE
8
annotation
62
1
39
211
10
10.173894
20
10.774343
11
10.175654
21
10.772832
0
LINE
8
annotation
62
1
39
211
10
10.175654
20
10.772832
11
10.177529
21
10.771447
0
LINE
8
annotation
62
1
39
211
10
10.177529
20
10.771447
11
10.179515
21
10.770193
0
LINE
8
annotation
62
1
39
211
10
10.179515
20
10.770193
11
10.181608
21
10.769076
0
LINE
8
annotation
62
1
39
211
10
10.452788
20
10.878775
11
10.329574
21
10.878775
0
LINE
8
annotation
62
1
39
211
10
10.587374
20
10.766104
11
10.587374
21
10.991447
0
LINE
8
annotation
62
1
39
211
10
10.587374
20
10.991447
11
10.537278
21
10.941336
0
LINE
8
hole
62
5
39
2
10
11.620146
20
9.856245
11
11.460146
21
9.856245
0
LINE
8
hole
62
5
39
2
10
11.460146
20
9.856245
11
11.460146
21
10.016245
0
LINE
8
hole
62
5
39
2
10
11.460146
20
10.016245
11
11.620146
21
10.016245
0
LINE
8
hole
62
5
39
2
10
11.620146
20
10.016245
11
11.620146
21
9.856245
0
LINE
8
boundary
62
5
39
2
10
11.818233
20
9.792913
11
11.825469
21
9.813800
0
LINE
8
boundary
62
5
39
2
10
11.825469
20
9.813800
11
11.841554
21
9.872065
0
LINE
8
boundary
62
5
39
2
10
11.841554
20
9.872065
11
11.848129
21
9.911453
0
LINE
8
boundary
62
5
39
2
10
11.848129
20
9.911453
11
11.860831
21
9.964280
0
LINE
8
boundary
62
5
39
2
10
11.860831
20
9.964280
11
11.870638
21
10.025233
0
LINE
8
boundary
62
5
39
2
10
11.870638
20
10.025233
11
11.872146
21
10.055413
0
LINE
8
boundary
62
5
39
2
10
11.872146
20
10.055413
11
11.868267
21
10.098500
0
LINE
8
boundary
62
5
39
2
10
11.868267
20
10.098500
11
11.871443
21
10.139013
0
LINE
8
boundary
62
5
39
2
10
11.871443
20
10.139013
11
11.862659
21
10.181021
0
LINE
8
boundary
62
5
39
2
10
11.862659
20
10.181021
11
11.852608
21
10.210785
0
LINE
8
boundary
62
5
39
2
10
11.852608
20
10.210785
11
11.843824
21
10.252793
0
LINE
8
boundary
62
5
39
2
10
11.843824
20
10.252793
11
11.827252
21
10.300747
0
LINE
8
boundary
62
5
39
2
10
11.827252
20
10.300747
11
11.814316
21
10.338928
0
LINE
8
boundary
62
5
39
2
10
11.814316
20
10.338928
11
11.808177
21
10.366573
0
LINE
8
boundary
62
5
39
2
10
11.808177
20
10.366573
11
11.797730
21
10.408084
0
LINE
8
boundary
62
5
39
2
10
11.797730
20
10.408084
11
11.778632
21
10.480353
0
LINE
8
boundary
62
5
39
2
10
11.778632
20
10.480353
11
11.768799
21
10.522361
0
LINE
8
boundary
62
5
39
2
10
11.768799
20
10.522361
11
11.761020
21
10.552125
0
LINE
8
boundary
62
5
39
2
10
11.761020
20
10.552125
11
11.751186
21
10.594133
0
LINE
8
boundary
62
5
39
2
10
11.751186
20
10.594133
11
11.729730
21
10.648034
0
LINE
8
boundary
62
5
39
2
10
11.729730
20
10.648034
11
11.720420
21
10.665882
0
LINE
8
boundary
62
5
39
2
10
11.720420
20
10.665882
11
11.703946
21
10.707913
0
LINE
8
boundary
62
5
39
2
10
11.703946
20
10.707913
11
11.685797
21
10.742009
0
LINE
8
boundary
62
5
39
2
10
11.685797
20
10.742009
11
11.665487
21
10.774323
0
LINE
8
boundary
62
5
39
2
10
11.665487
20
10.774323
11
11.636726
21
10.821693
0
LINE
8
boundary
62
5
39
2
10
11.636726
20
10.821693
11
11.614196
21
10.857316
0
LINE
8
boundary
62
5
39
2
10
11.614196
20
10.857316
11
11.586756
21
10.896880
0
LINE
8
boundary
62
5
39
2
10
11.586756
20
10.896880
11
11.567903
21
10.916177
0
LINE
8
boundary
62
5
39
2
10
11.567903
20
10.916177
11
11.549049
21
10.935474
0
LINE
8
boundary
62
5
39
2
10
11.549049
20
10.935474
11
11.519356
21
10.966058
0
LINE
8
boundary
62
5
39
2
10
11.519356
20
10.966058
11
11.472976
21
11.010443
0
LINE
8
boundary
62
5
39
2
10
11.472976
20
11.010443
11
11.429985
21
11.027909
0
LINE
8
boundary
62
5
39
2
10
11.429985
20
11.027909
11
11.379434
21
11.049254
0
LINE
8
boundary
62
5
39
2
10
11.379434
20
11.049254
11
11.359196
21
11.058462
0
LINE
8
boundary
62
5
39
2
10
11.359196
20
11.058462
11
11.307500
21
11.049254
0
LINE
8
boundary
62
5
39
2
10
11.307500
20
11.049254
11
11.264658
21
11.041720
0
LINE
8
boundary
62
5
39
2
10
11.264658
20
11.041720
11
11.215818
21
11.031455
0
LINE
8
boundary
62
5
39
2
10
11.215818
20
11.031455
11
11.176114
21
11.022507
0
LINE
8
boundary
62
5
39
2
10
11.176114
20
11.022507
11
11.131635
21
11.012310
0
LINE
8
boundary
62
5
39
2
10
11.131635
20
11.012310
11
11.095360
21
10.981673
0
LINE
8
boundary
62
5
39
2
10
11.095360
20
10.981673
11
11.045016
21
10.935474
0
LINE
8
boundary
62
5
39
2
10
11.045016
20
10.935474
11
11.017855
21
10.906828
0
LINE
8
boundary
62
5
39
2
10
11.017855
20
10.906828
11
10.996526
21
10.869144
0
LINE
8
boundary
62
5
39
2
10
10.996526
20
10.869144
11
10.970567
21
10.821693
0
LINE
8
boundary
62
5
39
2
10
10.970567
20
10.821693
11
10.953722
21
10.781835
0
LINE
8
boundary
62
5
39
2
10
10.953722
20
10.781835
11
10.939149
21
10.747379
0
LINE
8
boundary
62
5
39
2
10
10.939149
20
10.747379
11
10.922506
21
10.707913
0
LINE
8
boundary
62
5
39
2
10
10.922506
20
10.707913
11
10.912558
21
10.670272
0
LINE
8
boundary
62
5
39
2
10
10.912558
20
10.670272
11
10.904075
21
10.626401
0
LINE
8
boundary
62
5
39
2
10
10.904075
20
10.626401
11
10.901079
21
10.594133
0
LINE
8
boundary
62
5
39
2
10
10.901079
20
10.594133
11
10.904075
21
10.573472
0
LINE
8
boundary
62
5
39
2
10
10.904075
20
10.573472
11
10.910130
21
10.528698
0
LINE
8
boundary
62
5
39
2
10
10.910130
20
10.528698
11
10.915592
21
10.480353
0
LINE
8
boundary
62
5
39
2
10
10.915592
20
10.480353
11
10.922253
21
10.449191
0
LINE
8
boundary
62
5
39
2
10
10.922253
20
10.449191
11
10.930938
21
10.408688
0
LINE
8
boundary
62
5
39
2
10
10.930938
20
10.408688
11
10.939925
21
10.366573
0
LINE
8
boundary
62
5
39
2
10
10.939925
20
10.366573
11
10.950447
21
10.324565
0
LINE
8
boundary
62
5
39
2
10
10.950447
20
10.324565
11
10.957049
21
10.294801
0
LINE
8
boundary
62
5
39
2
10
10.957049
20
10.294801
11
10.967571
21
10.252793
0
LINE
8
boundary
62
5
39
2
10
10.967571
20
10.252793
11
10.982634
21
10.210785
0
LINE
8
boundary
62
5
39
2
10
10.982634
20
10.210785
11
10.989220
21
10.181021
0
LINE
8
boundary
62
5
39
2
10
10.989220
20
10.181021
11
11.004282
21
10.139013
0
LINE
8
boundary
62
5
39
2
10
11.004282
20
10.139013
11
11.013541
21
10.118198
0
LINE
8
boundary
62
5
39
2
10
11.013541
20
10.118198
11
11.038614
21
10.076190
0
LINE
8
boundary
62
5
39
2
10
11.038614
20
10.076190
11
11.047832
21
10.057867
0
LINE
8
boundary
62
5
39
2
10
11.047832
20
10.057867
11
11.068590
21
10.025233
0
LINE
8
boundary
62
5
39
2
10
11.068590
20
10.025233
11
11.089840
21
9.998832
0
LINE
8
boundary
62
5
39
2
10
11.089840
20
9.998832
11
11.110386
21
9.972888
0
LINE
8
boundary
62
5
39
2
10
11.110386
20
9.972888
11
11.131635
21
9.946487
0
LINE
8
boundary
62
5
39
2
10
11.131635
20
9.946487
11
11.146216
21
9.930880
0
LINE
8
boundary
62
5
39
2
10
11.146216
20
9.930880
11
11.164468
21
9.911453
0
LINE
8
boundary
62
5
39
2
10
11.164468
20
9.911453
11
11.191896
21
9.885292
0
LINE
8
boundary
62
5
39
2
10
11.191896
20
9.885292
11
11.217988
21
9.859491
0
LINE
8
boundary
62
5
39
2
10
11.217988
20
9.859491
11
11.245415
21
9.833330
0
LINE
8
boundary
62
5
39
2
10
11.245415
20
9.833330
11
11.276372
21
9.815203
0
LINE
8
boundary
62
5
39
2
10
11.276372
20
9.815203
11
11.301351
21
9.797673
0
LINE
8
boundary
62
5
39
2
10
11.301351
20
9.797673
11
11.330273
21
9.773606
0
LINE
8
boundary
62
5
39
2
10
11.330273
20
9.773606
11
11.359196
21
9.749540
0
LINE
8
boundary
62
5
39
2
10
11.359196
20
9.749540
11
11.396734
21
9.734170
0
LINE
8
boundary
62
5
39
2
10
11.396734
20
9.734170
11
11.416172
21
9.724478
0
LINE
8
boundary
62
5
39
2
10
11.416172
20
9.724478
11
11.444583
21
9.710911
0
LINE
8
boundary
62
5
39
2
10
11.444583
20
9.710911
11
11.472976
21
9.699055
0
LINE
8
boundary
62
5
39
2
10
11.472976
20
9.699055
11
11.540183
21
9.683893
0
LINE
8
boundary
62
5
39
2
10
11.540183
20
9.683893
11
11.568161
21
9.677377
0
LINE
8
boundary
62
5
39
2
10
11.568161
20
9.677377
11
11.604428
21
9.677713
0
LINE
8
boundary
62
5
39
2
10
11.604428
20
9.677713
11
11.623676
21
9.683893
0
LINE
8
boundary
62
5
39
2
10
11.623676
20
9.683893
11
11.681197
21
9.706923
0
LINE
8
boundary
62
5
39
2
10
11.681197
20
9.706923
11
11.700536
21
9.713886
0
LINE
8
boundary
62
5
39
2
10
11.700536
20
9.713886
11
11.752928
21
9.741247
0
LINE
8
boundary
62
5
39
2
10
11.752928
20
9.741247
11
11.792788
21
9.772811
0
LINE
8
boundary
62
5
39
2
10
11.792788
20
9.772811
11
11.814316
21
9.788153
0
LINE
8
boundary
62
5
39
2
10
11.814316
20
9.788153
11
11.818233
21
9.792913
0
LINE
8
annotation
62
1
39
211
10
11.700534
20
9.966557
11
11.712403
21
9.991546
0
LINE
8
annotation
62
1
39
211
10
11.474109
20
9.863202
11
11.515274
21
9.870495
0
LINE
8
annotation
62
1
39
211
10
11.515274
20
9.870495
11
11.516997
21
9.870949
0
LINE
8
annotation
62
1
39
211
10
11.516997
20
9.870949
11
11.536954
21
9.876289
0
LINE
8
annotation
62
1
39
211
10
11.536954
20
9.876289
11
11.586755
21
9.887649
0
LINE
8
annotation
62
1
39
211
10
11.586755
20
9.887649
11
11.602767
21
9.894306
0
LINE
8
annotation
62
1
39
211
10
11.602767
20
9.894306
11
11.633158
21
9.911452
0
LINE
8
annotation
62
1
39
211
10
11.633158
20
9.911452
11
11.672847
21
9.940534
0
LINE
8
annotation
62
1
39
211
10
11.672847
20
9.940534
11
11.700534
21
9.966557
0
LINE
8
annotation
62
1
39
211
10
11.109984
20
10.374028
11
11.109984
21
10.573610
0
LINE
8
annotation
62
1
39
211
10
11.109984
20
10.573610
11
11.065614
21
10.529228
0
LINE
8
annotation
62
1
39
211
10
11.251394
20
10.573610
11
11.251394
21
10.573610
0
LINE
8
annotation
62
1
39
211
10
11.251394
20
10.573610
11
11.238697
21
10.568849
0
LINE
8
annotation
62
1
39
211
10
11.238697
20
10.568849
11
11.227047
21
10.562435
0
LINE
8
annotation
62
1
39
211
10
11.227047
20
10.562435
11
11.216562
21
10.554528
0
LINE
8
annotation
62
1
39
211
10
11.216562
20
10.554528
11
11.207361
21
10.545289
0
LINE
8
annotation
62
1
39
211
10
11.207361
20
10.545289
11
11.199566
21
10.534878
0
LINE
8
annotation
62
1
39
211
10
11.199566
20
10.534878
11
11.193294
21
10.523456
0
LINE
8
annotation
62
1
39
211
10
11.193294
20
10.523456
11
11.188666
21
10.511184
0
LINE
8
annotation
62
1
39
211
10
11.188666
20
10.511184
11
11.185802
21
10.498223
0
LINE
8
annotation
62
1
39
211
10
11.185802
20
10.498223
11
11.184821
21
10.484733
0
LINE
8
annotation
62
1
39
211
10
11.184821
20
10.484733
11
11.184821
21
10.418398
0
LINE
8
annotation
62
1
39
211
10
11.184821
20
10.418398
11
11.184821
21
10.418398
0
LINE
8
annotation
62
1
39
211
10
11.184821
20
10.418398
11
11.185536
21
10.410425
0
LINE
8
annotation
62
1
39
211
10
11.185536
20
10.410425
11
11.187599
21
10.402920
0
LINE
8
annotation
62
1
39
211
10
11.187599
20
10.402920
11
11.190882
21
10.396008
0
LINE
8
annotation
62
1
39
211
10
11.190882
20
10.396008
11
11.195259
21
10.389815
0
LINE
8
annotation
62
1
39
211
10
11.195259
20
10.389815
11
11.200604
21
10.384467
0
LINE
8
annotation
62
1
39
211
10
11.200604
20
10.384467
11
11.206792
21
10.380088
0
LINE
8
annotation
62
1
39
211
10
11.206792
20
10.380088
11
11.213694
21
10.376805
0
LINE
8
annotation
62
1
39
211
10
11.213694
20
10.376805
11
11.221186
21
10.374743
0
LINE
8
annotation
62
1
39
211
10
11.221186
20
10.374743
11
11.229140
21
10.374028
0
LINE
8
annotation
62
1
39
211
10
11.229140
20
10.374028
11
11.229140
21
10.374028
0
LINE
8
annotation
62
1
39
211
10
11.229140
20
10.374028
11
11.237111
21
10.374743
0
LINE
8
annotation
62
1
39
211
10
11.237111
20
10.374743
11
11.244612
21
10.376805
0
LINE
8
annotation
62
1
39
211
10
11.244612
20
10.376805
11
11.251517
21
10.380088
0
LINE
8
annotation
62
1
39
211
10
11.251517
20
10.380088
11
11.257702
21
10.384467
0
LINE
8
annotation
62
1
39
211
10
11.257702
20
10.384467
11
11.263042
21
10.389815
0
LINE
8
annotation
62
1
39
211
10
11.263042
20
10.389815
11
11.267413
21
10.396008
0
LINE
8
annotation
62
1
39
211
10
11.267413
20
10.396008
11
11.270689
21
10.402920
0
LINE
8
annotation
62
1
39
211
10
11.270689
20
10.402920
11
11.272746
21
10.410425
0
LINE
8
annotation
62
1
39
211
10
11.272746
20
10.410425
11
11.273460
21
10.418398
0
LINE
8
annotation
62
1
39
211
10
11.273460
20
10.418398
11
11.273460
21
10.440476
0
LINE
8
annotation
62
1
39
211
10
11.273460
20
10.440476
11
11.273460
21
10.440476
0
LINE
8
annotation
62
1
39
211
10
11.273460
20
10.440476
11
11.272746
21
10.448445
0
LINE
8
annotation
62
1
39
211
10
11.272746
20
10.448445
11
11.270689
21
10.455939
0
LINE
8
annotation
62
1
39
211
10
11.270689
20
10.455939
11
11.267413
21
10.462836
0
LINE
8
annotation
62
1
39
211
10
11.267413
20
10.462836
11
11.263042
21
10.469011
0
LINE
8
annotation
62
1
39
211
10
11.263042
20
10.469011
11
11.257702
21
10.474341
0
LINE
8
annotation
62
1
39
211
10
11.257702
20
10.474341
11
11.251517
21
10.478702
0
LINE
8
annotation
62
1
39
211
10
11.251517
20
10.478702
11
11.244612
21
10.481970
0
LINE
8
annotation
62
1
39
211
10
11.244612
20
10.481970
11
11.237111
21
10.484022
0
LINE
8
annotation
62
1
39
211
10
11.237111
20
10.484022
11
11.229140
21
10.484733
0
LINE
8
annotation
62
1
39
211
10
11.229140
20
10.484733
11
11.184821
21
10.484733
0
LINE
8
annotation
62
1
39
211
10
11.179270
20
10.349080
11
11.279061
21
10.349080
0
LINE
8
annotation
62
1
39
211
10
11.457450
20
10.473819
11
11.348322
21
10.473819
0
LINE
8
annotation
62
1
39
211
10
11.620928
20
10.374026
11
11.532289
21
10.374026
0
LINE
8
annotation
62
1
39
211
10
11.532289
20
10.374026
11
11.614195
21
10.505883
0
LINE
8
annotation
62
1
39
211
10
11.614195
20
10.505883
11
11.614195
21
10.505883
0
LINE
8
annotation
62
1
39
211
10
11.614195
20
10.505883
11
11.614292
21
10.506005
0
LINE
8
annotation
62
1
39
211
10
11.614292
20
10.506005
11
11.614386
21
10.506127
0
LINE
8
annotation
62
1
39
211
10
11.614386
20
10.506127
11
11.614477
21
10.506251
0
LINE
8
annotation
62
1
39
211
10
11.614477
20
10.506251
11
11.614565
21
10.506378
0
LINE
8
annotation
62
1
39
211
10
11.614565
20
10.506378
11
11.614650
21
10.506510
0
LINE
8
annotation
62
1
39
211
10
11.614650
20
10.506510
11
11.614734
21
10.506646
0
LINE
8
annotation
62
1
39
211
10
11.614734
20
10.506646
11
11.614817
21
10.506789
0
LINE
8
annotation
62
1
39
211
10
11.614817
20
10.506789
11
11.614900
21
10.506939
0
LINE
8
annotation
62
1
39
211
10
11.614900
20
10.506939
11
11.614983
21
10.507098
0
LINE
8
annotation
62
1
39
211
10
11.614983
20
10.507098
11
11.614983
21
10.507098
0
LINE
8
annotation
62
1
39
211
10
11.614983
20
10.507098
11
11.618365
21
10.514359
0
LINE
8
annotation
62
1
39
211
10
11.618365
20
10.514359
11
11.620341
21
10.521885
0
LINE
8
annotation
62
1
39
211
10
11.620341
20
10.521885
11
11.620958
21
10.529508
0
LINE
8
annotation
62
1
39
211
10
11.620958
20
10.529508
11
11.620267
21
10.537056
0
LINE
8
annotation
62
1
39
211
10
11.620267
20
10.537056
11
11.618314
21
10.544359
0
LINE
8
annotation
62
1
39
211
10
11.618314
20
10.544359
11
11.615149
21
10.551248
0
LINE
8
annotation
62
1
39
211
10
11.615149
20
10.551248
11
11.610820
21
10.557552
0
LINE
8
annotation
62
1
39
211
10
11.610820
20
10.557552
11
11.605375
21
10.563101
0
LINE
8
annotation
62
1
39
211
10
11.605375
20
10.563101
11
11.598862
21
10.567726
0
LINE
8
annotation
62
1
39
211
10
11.598862
20
10.567726
11
11.598862
21
10.567726
0
LINE
8
annotation
62
1
39
211
10
11.598862
20
10.567726
11
11.591581
21
10.571059
0
LINE
8
annotation
62
1
39
211
10
11.591581
20
10.571059
11
11.584043
21
10.573005
0
LINE
8
annotation
62
1
39
211
10
11.584043
20
10.573005
11
11.576416
21
10.573605
0
LINE
8
annotation
62
1
39
211
10
11.576416
20
10.573605
11
11.568869
21
10.572904
0
LINE
8
annotation
62
1
39
211
10
11.568869
20
10.572904
11
11.561571
21
10.570946
0
LINE
8
annotation
62
1
39
211
10
11.561571
20
10.570946
11
11.554690
21
10.567775
0
LINE
8
annotation
62
1
39
211
10
11.554690
20
10.567775
11
11.548394
21
10.563433
0
LINE
8
annotation
62
1
39
211
10
11.548394
20
10.563433
11
11.542853
21
10.557966
0
LINE
8
annotation
62
1
39
211
10
11.542853
20
10.557966
11
11.538234
21
10.551417
0
LINE
8
annotation
62
1
39
211
10
11.538234
20
10.551417
11
11.532414
21
10.540253
0
LINE
8
hole
62
5
39
2
10
11.383801
20
11.507443
11
11.223801
21
11.507443
0
LINE
8
hole
62
5
39
2
10
11.223801
20
11.507443
11
11.223801
21
11.667443
0
LINE
8
hole
62
5
39
2
10
11.223801
20
11.667443
11
11.383801
21
11.667443
0
LINE
8
hole
62
5
39
2
10
11.383801
20
11.667443
11
11.383801
21
11.507443
0
LINE
8
boundary
62
5
39
2
10
11.726289
20
11.514184
11
11.749969
21
11.573476
0
LINE
8
boundary
62
5
39
2
10
11.749969
20
11.573476
11
11.765650
21
11.639750
0
LINE
8
boundary
62
5
39
2
10
11.765650
20
11.639750
11
11.747612
21
11.684954
0
LINE
8
boundary
62
5
39
2
10
11.747612
20
11.684954
11
11.726289
21
11.734202
0
LINE
8
boundary
62
5
39
2
10
11.726289
20
11.734202
11
11.715361
21
11.753530
0
LINE
8
boundary
62
5
39
2
10
11.715361
20
11.753530
11
11.675520
21
11.799188
0
LINE
8
boundary
62
5
39
2
10
11.675520
20
11.799188
11
11.660228
21
11.814871
0
LINE
8
boundary
62
5
39
2
10
11.660228
20
11.814871
11
11.612509
21
11.866216
0
LINE
8
boundary
62
5
39
2
10
11.612509
20
11.866216
11
11.525967
21
11.859883
0
LINE
8
boundary
62
5
39
2
10
11.525967
20
11.859883
11
11.498729
21
11.858502
0
LINE
8
boundary
62
5
39
2
10
11.498729
20
11.858502
11
11.443848
21
11.846039
0
LINE
8
boundary
62
5
39
2
10
11.443848
20
11.846039
11
11.422476
21
11.841072
0
LINE
8
boundary
62
5
39
2
10
11.422476
20
11.841072
11
11.384949
21
11.832436
0
LINE
8
boundary
62
5
39
2
10
11.384949
20
11.832436
11
11.337442
21
11.823060
0
LINE
8
boundary
62
5
39
2
10
11.337442
20
11.823060
11
11.271169
21
11.809543
0
LINE
8
boundary
62
5
39
2
10
11.271169
20
11.809543
11
11.222328
21
11.787112
0
LINE
8
boundary
62
5
39
2
10
11.222328
20
11.787112
11
11.158484
21
11.753530
0
LINE
8
boundary
62
5
39
2
10
11.158484
20
11.753530
11
11.097101
21
11.702193
0
LINE
8
boundary
62
5
39
2
10
11.097101
20
11.702193
11
11.043608
21
11.656036
0
LINE
8
boundary
62
5
39
2
10
11.043608
20
11.656036
11
11.026452
21
11.639750
0
LINE
8
boundary
62
5
39
2
10
11.026452
20
11.639750
11
10.979045
21
11.592354
0
LINE
8
boundary
62
5
39
2
10
10.979045
20
11.592354
11
10.929828
21
11.541012
0
LINE
8
boundary
62
5
39
2
10
10.929828
20
11.541012
11
10.910513
21
11.476164
0
LINE
8
boundary
62
5
39
2
10
10.910513
20
11.476164
11
10.901079
21
11.412189
0
LINE
8
boundary
62
5
39
2
10
10.901079
20
11.412189
11
10.914803
21
11.389069
0
LINE
8
boundary
62
5
39
2
10
10.914803
20
11.389069
11
10.929828
21
11.363353
0
LINE
8
boundary
62
5
39
2
10
10.929828
20
11.363353
11
10.944280
21
11.338966
0
LINE
8
boundary
62
5
39
2
10
10.944280
20
11.338966
11
10.968008
21
11.298409
0
LINE
8
boundary
62
5
39
2
10
10.968008
20
11.298409
11
11.001063
21
11.267272
0
LINE
8
boundary
62
5
39
2
10
11.001063
20
11.267272
11
11.043608
21
11.226554
0
LINE
8
boundary
62
5
39
2
10
11.043608
20
11.226554
11
11.095252
21
11.212889
0
LINE
8
boundary
62
5
39
2
10
11.095252
20
11.212889
11
11.155433
21
11.184629
0
LINE
8
boundary
62
5
39
2
10
11.155433
20
11.184629
11
11.200402
21
11.230393
0
LINE
8
boundary
62
5
39
2
10
11.200402
20
11.230393
11
11.212396
21
11.246792
0
LINE
8
boundary
62
5
39
2
10
11.212396
20
11.246792
11
11.257827
21
11.298409
0
LINE
8
boundary
62
5
39
2
10
11.257827
20
11.298409
11
11.318675
21
11.335634
0
LINE
8
boundary
62
5
39
2
10
11.318675
20
11.335634
11
11.337442
21
11.345650
0
LINE
8
boundary
62
5
39
2
10
11.337442
20
11.345650
11
11.384949
21
11.371748
0
LINE
8
boundary
62
5
39
2
10
11.384949
20
11.371748
11
11.415749
21
11.387626
0
LINE
8
boundary
62
5
39
2
10
11.415749
20
11.387626
11
11.463482
21
11.412189
0
LINE
8
boundary
62
5
39
2
10
11.463482
20
11.412189
11
11.482023
21
11.421661
0
LINE
8
boundary
62
5
39
2
10
11.482023
20
11.421661
11
11.546235
21
11.443922
0
LINE
8
boundary
62
5
39
2
10
11.546235
20
11.443922
11
11.612509
21
11.461377
0
LINE
8
boundary
62
5
39
2
10
11.612509
20
11.461377
11
11.660015
21
11.481563
0
LINE
8
boundary
62
5
39
2
10
11.660015
20
11.481563
11
11.678783
21
11.493998
0
LINE
8
boundary
62
5
39
2
10
11.678783
20
11.493998
11
11.726289
21
11.514184
0
LINE
8
annotation
62
1
39
211
10
11.226451
20
11.316929
11
11.226451
21
11.316929
0
LINE
8
annotation
62
1
39
211
10
11.449403
20
11.615306
11
11.463227
21
11.615306
0
LINE
8
annotation
62
1
39
211
10
11.463227
20
11.615306
11
11.463227
21
11.615306
0
LINE
8
annotation
62
1
39
211
10
11.463227
20
11.615306
11
11.465714
21
11.615529
0
LINE
8
annotation
62
1
39
211
10
11.465714
20
11.615529
11
11.468053
21
11.616172
0
LINE
8
annotation
62
1
39
211
10
11.468053
20
11.616172
11
11.470207
21
11.617195
0
LINE
8
annotation
62
1
39
211
10
11.470207
20
11.617195
11
11.472136
21
11.618559
0
LINE
8
annotation
62
1
39
211
10
11.472136
20
11.618559
11
11.473802
21
11.620224
0
LINE
8
annotation
62
1
39
211
10
11.473802
20
11.620224
11
11.475166
21
11.622152
0
LINE
8
annotation
62
1
39
211
10
11.475166
20
11.622152
11
11.476188
21
11.624301
0
LINE
8
annotation
62
1
39
211
10
11.476188
20
11.624301
11
11.476829
21
11.626634
0
LINE
8
annotation
62
1
39
211
10
11.476829
20
11.626634
11
11.477052
21
11.629111
0
LINE
8
annotation
62
1
39
211
10
11.477052
20
11.629111
11
11.477052
21
11.636033
0
LINE
8
annotation
62
1
39
211
10
11.477052
20
11.636033
11
11.477052
21
11.636033
0
LINE
8
annotation
62
1
39
211
10
11.477052
20
11.636033
11
11.476829
21
11.638508
0
LINE
8
annotation
62
1
39
211
10
11.476829
20
11.638508
11
11.476188
21
11.640841
0
LINE
8
annotation
62
1
39
211
10
11.476188
20
11.640841
11
11.475166
21
11.642990
0
LINE
8
annotation
62
1
39
211
10
11.475166
20
11.642990
11
11.473802
21
11.644918
0
LINE
8
annotation
62
1
39
211
10
11.473802
20
11.644918
11
11.472136
21
11.646584
0
LINE
8
annotation
62
1
39
211
10
11.472136
20
11.646584
11
11.470207
21
11.647948
0
LINE
8
annotation
62
1
39
211
10
11.470207
20
11.647948
11
11.468053
21
11.648972
0
LINE
8
annotation
62
1
39
211
10
11.468053
20
11.648972
11
11.465714
21
11.649615
0
LINE
8
annotation
62
1
39
211
10
11.465714
20
11.649615
11
11.463227
21
11.649838
0
LINE
8
annotation
62
1
39
211
10
11.463227
20
11.649838
11
11.456305
21
11.649838
0
LINE
8
annotation
62
1
39
211
10
11.456305
20
11.649838
11
11.463227
21
11.649838
0
LINE
8
annotation
62
1
39
211
10
11.463227
20
11.649838
11
11.463227
21
11.649838
0
LINE
8
annotation
62
1
39
211
10
11.463227
20
11.649838
11
11.465714
21
11.650061
0
LINE
8
annotation
62
1
39
211
10
11.465714
20
11.650061
11
11.468053
21
11.650705
0
LINE
8
annotation
62
1
39
211
10
11.468053
20
11.650705
11
11.470207
21
11.651729
0
LINE
8
annotation
62
1
39
211
10
11.470207
20
11.651729
11
11.472136
21
11.653096
0
LINE
8
annotation
62
1
39
211
10
11.472136
20
11.653096
11
11.473802
21
11.654765
0
LINE
8
annotation
62
1
39
211
10
11.473802
20
11.654765
11
11.475166
21
11.656697
0
LINE
8
annotation
62
1
39
211
10
11.475166
20
11.656697
11
11.476188
21
11.658853
0
LINE
8
annotation
62
1
39
211
10
11.476188
20
11.658853
11
11.476829
21
11.661195
0
LINE
8
annotation
62
1
39
211
10
11.476829
20
11.661195
11
11.477052
21
11.663682
0
LINE
8
annotation
62
1
39
211
10
11.477052
20
11.663682
11
11.477052
21
11.663682
0
LINE
8
annotation
62
1
39
211
10
11.477052
20
11.663682
11
11.476829
21
11.666157
0
LINE
8
annotation
62
1
39
211
10
11.476829
20
11.666157
11
11.476188
21
11.668490
0
LINE
8
annotation
62
1
39
211
10
11.476188
20
11.668490
11
11.475166
21
11.670639
0
LINE
8
annotation
62
1
39
211
10
11.475166
20
11.670639
11
11.473802
21
11.672567
0
LINE
8
annotation
62
1
39
211
10
11.473802
20
11.672567
11
11.472136
21
11.674233
0
LINE
8
annotation
62
1
39
211
10
11.472136
20
11.674233
11
11.470207
21
11.675597
0
LINE
8
annotation
62
1
39
211
10
11.470207
20
11.675597
11
11.468053
21
11.676621
0
LINE
8
annotation
62
1
39
211
10
11.468053
20
11.676621
11
11.465714
21
11.677264
0
LINE
8
annotation
62
1
39
211
10
11.465714
20
11.677264
11
11.463227
21
11.677487
0
LINE
8
annotation
62
1
39
211
10
11.463227
20
11.677487
11
11.449403
21
11.677487
0
LINE
8
annotation
62
1
39
211
10
11.500398
20
11.615304
11
11.514222
21
11.615304
0
LINE
8
annotation
62
1
39
211
10
11.514222
20
11.615304
11
11.514222
21
11.615304
0
LINE
8
annotation
62
1
39
211
10
11.514222
20
11.615304
11
11.516703
21
11.615527
0
LINE
8
annotation
62
1
39
211
10
11.516703
20
11.615527
11
11.519040
21
11.616170
0
LINE
8
annotation
62
1
39
211
10
11.519040
20
11.616170
11
11.521193
21
11.617194
0
LINE
8
annotation
62
1
39
211
10
11.521193
20
11.617194
11
11.523123
21
11.618560
0
LINE
8
annotation
62
1
39
211
10
11.523123
20
11.618560
11
11.524791
21
11.620228
0
LINE
8
annotation
62
1
39
211
10
11.524791
20
11.620228
11
11.526156
21
11.622160
0
LINE
8
annotation
62
1
39
211
10
11.526156
20
11.622160
11
11.527180
21
11.624316
0
LINE
8
annotation
62
1
39
211
10
11.527180
20
11.624316
11
11.527823
21
11.626657
0
LINE
8
annotation
62
1
39
211
10
11.527823
20
11.626657
11
11.528047
21
11.629144
0
LINE
8
annotation
62
1
39
211
10
11.528047
20
11.629144
11
11.528047
21
11.636031
0
LINE
8
annotation
62
1
39
211
10
11.528047
20
11.636031
11
11.528047
21
11.636031
0
LINE
8
annotation
62
1
39
211
10
11.528047
20
11.636031
11
11.527824
21
11.638517
0
LINE
8
annotation
62
1
39
211
10
11.527824
20
11.638517
11
11.527181
21
11.640854
0
LINE
8
annotation
62
1
39
211
10
11.527181
20
11.640854
11
11.526157
21
11.643006
0
LINE
8
annotation
62
1
39
211
10
11.526157
20
11.643006
11
11.524792
21
11.644932
0
LINE
8
annotation
62
1
39
211
10
11.524792
20
11.644932
11
11.523125
21
11.646594
0
LINE
8
annotation
62
1
39
211
10
11.523125
20
11.646594
11
11.521195
21
11.647955
0
LINE
8
annotation
62
1
39
211
10
11.521195
20
11.647955
11
11.519042
21
11.648974
0
LINE
8
annotation
62
1
39
211
10
11.519042
20
11.648974
11
11.516704
21
11.649614
0
LINE
8
annotation
62
1
39
211
10
11.516704
20
11.649614
11
11.514222
21
11.649836
0
LINE
8
annotation
62
1
39
211
10
11.514222
20
11.649836
11
11.500398
21
11.649836
0
LINE
8
annotation
62
1
39
211
10
11.500398
20
11.649836
11
11.500398
21
11.677559
0
LINE
8
annotation
62
1
39
211
10
11.500398
20
11.677559
11
11.528047
21
11.677559
0
LINE
8
annotation
62
1
39
211
10
11.585438
20
11.646431
11
11.551398
21
11.646431
0
LINE
8
annotation
62
1
39
211
10
11.622620
20
11.615304
11
11.622620
21
11.677559
0
LINE
8
annotation
62
1
39
211
10
11.622620
20
11.677559
11
11.608780
21
11.663715
0
LINE
8
frame
62
5
39
2
10
0.000000
20
0.000000
11
12.000000
21
0.000000
0
LINE
8
frame
62
5
39
2
10
12.000000
20
0.000000
11
12.000000
21
12.000000
0
LINE
8
frame
62
5
39
2
10
12.000000
20
12.000000
11
0.000000
21
12.000000
0
LINE
8
frame
62
5
39
2
10
0.000000
20
12.000000
11
0.000000
21
0.000000
0
ENDSEC
0
EOF
